{
  "display": {
    "thirdperson_righthand": {
      "rotation": [
        0,
        90,
        0
      ],
      "translation": [
        0,
        1.5,
        1.5
      ],
      "scale": [
        0.8,
        0.8,
        0.8
      ]
    },
    "thirdperson_lefthand": {
      "rotation": [
        0,
        90,
        0
      ],
      "translation": [
        0,
        1.5,
        1.5
      ],
      "scale": [
        0.8,
        0.8,
        0.8
      ]
    },
    "firstperson_righthand": {
      "rotation": [
        15,
        90,
        0
      ],
      "translation": [
        1.5,
        1.5,
        0.25
      ],
      "scale": [
        0.48,
        0.48,
        0.48
      ]
    },
    "firstperson_lefthand": {
      "rotation": [
        15,
        90,
        0
      ],
      "translation": [
        1.5,
        1.5,
        0.25
      ],
      "scale": [
        0.48,
        0.48,
        0.48
      ]
    },
    "ground": {
      "rotation": [
        44,
        0,
        63
      ],
      "translation": [
        0,
        1,
        0
      ],
      "scale": [
        0.5,
        0.5,
        0.5
      ]
    },
    "gui": {
      "rotation": [
        0,
        0,
        -45
      ],
      "translation": [
        -3,
        -3,
        0
      ],
      "scale": [
        0.58,
        0.58,
        0.58
      ]
    },
    "head": {
      "translation": [
        0,
        3.25,
        0
      ],
      "scale": [
        0.85,
        0.85,
        0.85
      ]
    },
    "fixed": {
      "translation": [
        0,
        -4.75,
        0
      ],
      "scale": [
        0.6,
        0.6,
        0.6
      ]
    }
  },
  "texture_size": [
    64,
    64
  ],
  "textures": {
    "0": "civilization:item/tools/shadow_blade/sculkripper/anim",
    "1": "civilization:item/tools/shadow_blade/sculkripper/default",
    "particle": "civilization:item/tools/shadow_blade/sculkripper/default"
  },
  "elements": [
    {
      "from": [
        7,
        0.8,
        7
      ],
      "to": [
        9,
        7.8,
        9
      ],
      "rotation": {
        "angle": 0,
        "axis": "y",
        "origin": [
          8,
          8.8,
          8
        ]
      },
      "faces": {
        "north": {
          "uv": [
            4.5,
            5.25,
            5,
            7
          ],
          "texture": "#1"
        },
        "east": {
          "uv": [
            5,
            5.25,
            5.5,
            7
          ],
          "texture": "#1"
        },
        "south": {
          "uv": [
            0,
            5.5,
            0.5,
            7.25
          ],
          "texture": "#1"
        },
        "west": {
          "uv": [
            5.5,
            5.25,
            6,
            7
          ],
          "texture": "#1"
        },
        "up": {
          "uv": [
            3.5,
            7.75,
            3,
            7.25
          ],
          "texture": "#1"
        },
        "down": {
          "uv": [
            4.75,
            8.25,
            4.25,
            8.75
          ],
          "texture": "#1"
        }
      }
    },
    {
      "from": [
        6.75,
        0.55,
        6.75
      ],
      "to": [
        9.25,
        8.05,
        9.25
      ],
      "rotation": {
        "angle": 0,
        "axis": "y",
        "origin": [
          7.9,
          6.9,
          8.1
        ]
      },
      "faces": {
        "north": {
          "uv": [
            6,
            0.75,
            6.5,
            2.5
          ],
          "texture": "#1"
        },
        "east": {
          "uv": [
            6,
            2.5,
            6.5,
            4.25
          ],
          "texture": "#1"
        },
        "south": {
          "uv": [
            6,
            4.25,
            6.5,
            6
          ],
          "texture": "#1"
        },
        "west": {
          "uv": [
            6,
            6,
            6.5,
            7.75
          ],
          "texture": "#1"
        },
        "up": {
          "uv": [
            5.25,
            8.75,
            4.75,
            8.25
          ],
          "texture": "#1"
        },
        "down": {
          "uv": [
            8.75,
            5,
            8.25,
            5.5
          ],
          "texture": "#1"
        }
      }
    },
    {
      "from": [
        6.49,
        6.21311,
        7.10804
      ],
      "to": [
        9.51,
        7.23311,
        9.62804
      ],
      "rotation": {
        "angle": 22.5,
        "axis": "x",
        "origin": [
          8,
          5.12311,
          8.21804
        ]
      },
      "faces": {
        "north": {
          "uv": [
            8.25,
            6,
            9,
            6.25
          ],
          "texture": "#1"
        },
        "east": {
          "uv": [
            8.5,
            0.5,
            9.25,
            0.75
          ],
          "texture": "#1"
        },
        "south": {
          "uv": [
            8.5,
            4.75,
            9.25,
            5
          ],
          "texture": "#1"
        },
        "west": {
          "uv": [
            7.25,
            8.5,
            8,
            8.75
          ],
          "texture": "#1"
        },
        "up": {
          "uv": [
            4.25,
            7.75,
            3.5,
            7
          ],
          "texture": "#1"
        },
        "down": {
          "uv": [
            5,
            7,
            4.25,
            7.75
          ],
          "texture": "#1"
        }
      }
    },
    {
      "from": [
        6.24,
        4.93264,
        8.41176
      ],
      "to": [
        9.74,
        7.43264,
        9.91176
      ],
      "rotation": {
        "angle": 22.5,
        "axis": "x",
        "origin": [
          8.09,
          5.18264,
          8.36176
        ]
      },
      "faces": {
        "north": {
          "uv": [
            7.5,
            3.75,
            8.25,
            4.25
          ],
          "texture": "#1"
        },
        "east": {
          "uv": [
            4.5,
            3.25,
            4.75,
            3.75
          ],
          "texture": "#1"
        },
        "south": {
          "uv": [
            7.5,
            4.25,
            8.25,
            4.75
          ],
          "texture": "#1"
        },
        "west": {
          "uv": [
            9,
            3.25,
            9.25,
            3.75
          ],
          "texture": "#1"
        },
        "up": {
          "uv": [
            9.25,
            7.5,
            8.5,
            7.25
          ],
          "texture": "#1"
        },
        "down": {
          "uv": [
            9.25,
            7.5,
            8.5,
            7.75
          ],
          "texture": "#1"
        }
      }
    },
    {
      "from": [
        6.5,
        5.22311,
        7.11804
      ],
      "to": [
        9.5,
        6.22311,
        9.61804
      ],
      "rotation": {
        "angle": 22.5,
        "axis": "x",
        "origin": [
          8,
          5.12311,
          8.21804
        ]
      },
      "faces": {
        "north": {
          "uv": [
            8.5,
            7.75,
            9.25,
            8
          ],
          "texture": "#1"
        },
        "east": {
          "uv": [
            8,
            8.5,
            8.75,
            8.75
          ],
          "texture": "#1"
        },
        "south": {
          "uv": [
            0,
            8.75,
            0.75,
            9
          ],
          "texture": "#1"
        },
        "west": {
          "uv": [
            4.25,
            8.75,
            5,
            9
          ],
          "texture": "#1"
        },
        "up": {
          "uv": [
            5.75,
            7.75,
            5,
            7
          ],
          "texture": "#1"
        },
        "down": {
          "uv": [
            0.75,
            7.25,
            0,
            8
          ],
          "texture": "#1"
        }
      }
    },
    {
      "from": [
        6.49,
        6.21311,
        6.37196
      ],
      "to": [
        9.51,
        7.23311,
        8.89196
      ],
      "rotation": {
        "angle": -22.5,
        "axis": "x",
        "origin": [
          8,
          5.12311,
          7.78196
        ]
      },
      "faces": {
        "north": {
          "uv": [
            5,
            8.75,
            5.75,
            9
          ],
          "texture": "#1"
        },
        "east": {
          "uv": [
            8.75,
            5,
            9.5,
            5.25
          ],
          "texture": "#1"
        },
        "south": {
          "uv": [
            8.75,
            5.25,
            9.5,
            5.5
          ],
          "texture": "#1"
        },
        "west": {
          "uv": [
            8.75,
            5.5,
            9.5,
            5.75
          ],
          "texture": "#1"
        },
        "up": {
          "uv": [
            8,
            0.75,
            7.25,
            0
          ],
          "texture": "#1"
        },
        "down": {
          "uv": [
            1.5,
            7.25,
            0.75,
            8
          ],
          "texture": "#1"
        }
      }
    },
    {
      "from": [
        6.5,
        5.22311,
        6.38196
      ],
      "to": [
        9.5,
        6.22311,
        8.88196
      ],
      "rotation": {
        "angle": -22.5,
        "axis": "x",
        "origin": [
          8,
          5.12311,
          7.78196
        ]
      },
      "faces": {
        "north": {
          "uv": [
            8.75,
            5.75,
            9.5,
            6
          ],
          "texture": "#1"
        },
        "east": {
          "uv": [
            6.75,
            7.5,
            7.25,
            7.75
          ],
          "texture": "#1"
        },
        "south": {
          "uv": [
            8.75,
            6.25,
            9.5,
            6.5
          ],
          "texture": "#1"
        },
        "west": {
          "uv": [
            2.5,
            8.75,
            3,
            9
          ],
          "texture": "#1"
        },
        "up": {
          "uv": [
            8.25,
            5.25,
            7.5,
            4.75
          ],
          "texture": "#1"
        },
        "down": {
          "uv": [
            8.25,
            5.25,
            7.5,
            5.75
          ],
          "texture": "#1"
        }
      }
    },
    {
      "from": [
        6.24,
        5.00918,
        6.07301
      ],
      "to": [
        9.74,
        7.50918,
        7.57301
      ],
      "rotation": {
        "angle": -22.5,
        "axis": "x",
        "origin": [
          8.09,
          5.25918,
          7.82301
        ]
      },
      "faces": {
        "north": {
          "uv": [
            7.5,
            5.75,
            8.25,
            6.25
          ],
          "texture": "#1"
        },
        "east": {
          "uv": [
            9,
            3.75,
            9.25,
            4.25
          ],
          "texture": "#1"
        },
        "south": {
          "uv": [
            3,
            7.75,
            3.75,
            8.25
          ],
          "texture": "#1"
        },
        "west": {
          "uv": [
            4.25,
            9,
            4.5,
            9.5
          ],
          "texture": "#1"
        },
        "up": {
          "uv": [
            9.5,
            6.75,
            8.75,
            6.5
          ],
          "texture": "#1"
        },
        "down": {
          "uv": [
            9.5,
            6.75,
            8.75,
            7
          ],
          "texture": "#1"
        }
      }
    },
    {
      "from": [
        6.5,
        -2.01543,
        6.5
      ],
      "to": [
        9.5,
        0.98457,
        9.5
      ],
      "rotation": {
        "angle": 0,
        "axis": "y",
        "origin": [
          8,
          0.48457,
          8
        ]
      },
      "faces": {
        "north": {
          "uv": [
            1.5,
            7.25,
            2.25,
            8
          ],
          "texture": "#1"
        },
        "east": {
          "uv": [
            2.25,
            7.25,
            3,
            8
          ],
          "texture": "#1"
        },
        "south": {
          "uv": [
            7.25,
            6.25,
            8,
            7
          ],
          "texture": "#1"
        },
        "west": {
          "uv": [
            7.25,
            7,
            8,
            7.75
          ],
          "texture": "#1"
        },
        "up": {
          "uv": [
            8.25,
            1.5,
            7.5,
            0.75
          ],
          "texture": "#1"
        },
        "down": {
          "uv": [
            8.25,
            1.5,
            7.5,
            2.25
          ],
          "texture": "#1"
        }
      }
    },
    {
      "from": [
        7,
        -2.71543,
        7.1
      ],
      "to": [
        9,
        -1.71543,
        9.1
      ],
      "rotation": {
        "angle": 22.5,
        "axis": "x",
        "origin": [
          9,
          -2.51543,
          8.5
        ]
      },
      "faces": {
        "north": {
          "uv": [
            9,
            4.25,
            9.5,
            4.5
          ],
          "texture": "#1"
        },
        "east": {
          "uv": [
            4.5,
            9,
            5,
            9.25
          ],
          "texture": "#1"
        },
        "south": {
          "uv": [
            9,
            4.5,
            9.5,
            4.75
          ],
          "texture": "#1"
        },
        "west": {
          "uv": [
            5,
            9,
            5.5,
            9.25
          ],
          "texture": "#1"
        },
        "up": {
          "uv": [
            5.75,
            8.75,
            5.25,
            8.25
          ],
          "texture": "#1"
        },
        "down": {
          "uv": [
            8.75,
            5.5,
            8.25,
            6
          ],
          "texture": "#1"
        }
      }
    },
    {
      "from": [
        4.9325,
        13.48755,
        7.5
      ],
      "to": [
        7.9325,
        17.48755,
        8.5
      ],
      "rotation": {
        "angle": -22.5,
        "axis": "z",
        "origin": [
          5.9325,
          15.48755,
          8
        ]
      },
      "faces": {
        "north": {
          "uv": [
            0.5,
            6.25,
            1.25,
            7.25
          ],
          "texture": "#1"
        },
        "east": {
          "uv": [
            5.75,
            8.25,
            6,
            9.25
          ],
          "texture": "#1"
        },
        "south": {
          "uv": [
            1.25,
            6.25,
            2,
            7.25
          ],
          "texture": "#1"
        },
        "west": {
          "uv": [
            6.5,
            8.25,
            6.75,
            9.25
          ],
          "texture": "#1"
        },
        "up": {
          "uv": [
            9.5,
            7.25,
            8.75,
            7
          ],
          "texture": "#1"
        },
        "down": {
          "uv": [
            8,
            8.75,
            7.25,
            9
          ],
          "texture": "#1"
        }
      }
    },
    {
      "from": [
        8.0675,
        13.48755,
        7.5
      ],
      "to": [
        11.0675,
        17.48755,
        8.5
      ],
      "rotation": {
        "angle": 22.5,
        "axis": "z",
        "origin": [
          10.0675,
          15.48755,
          8
        ]
      },
      "faces": {
        "north": {
          "uv": [
            2,
            6.25,
            2.75,
            7.25
          ],
          "texture": "#1"
        },
        "east": {
          "uv": [
            6.75,
            8.25,
            7,
            9.25
          ],
          "texture": "#1"
        },
        "south": {
          "uv": [
            2.75,
            6.25,
            3.5,
            7.25
          ],
          "texture": "#1"
        },
        "west": {
          "uv": [
            7,
            8.25,
            7.25,
            9.25
          ],
          "texture": "#1"
        },
        "up": {
          "uv": [
            8.75,
            9,
            8,
            8.75
          ],
          "texture": "#1"
        },
        "down": {
          "uv": [
            9.5,
            8,
            8.75,
            8.25
          ],
          "texture": "#1"
        }
      }
    },
    {
      "from": [
        7.90421,
        9.7768,
        7.49
      ],
      "to": [
        10.92421,
        14.7968,
        8.51
      ],
      "rotation": {
        "angle": -22.5,
        "axis": "z",
        "origin": [
          9.41421,
          12.2868,
          8
        ]
      },
      "faces": {
        "north": {
          "uv": [
            3.75,
            1.25,
            4.5,
            2.5
          ],
          "texture": "#1"
        },
        "east": {
          "uv": [
            3,
            8.25,
            3.25,
            9.5
          ],
          "texture": "#1"
        },
        "south": {
          "uv": [
            2.5,
            3.75,
            3.25,
            5
          ],
          "texture": "#1"
        },
        "west": {
          "uv": [
            3.25,
            8.25,
            3.5,
            9.5
          ],
          "texture": "#1"
        },
        "up": {
          "uv": [
            9.5,
            8.5,
            8.75,
            8.25
          ],
          "texture": "#1"
        },
        "down": {
          "uv": [
            9.5,
            8.5,
            8.75,
            8.75
          ],
          "texture": "#1"
        }
      }
    },
    {
      "from": [
        5.07579,
        9.7768,
        7.49
      ],
      "to": [
        8.09579,
        14.7968,
        8.51
      ],
      "rotation": {
        "angle": 22.5,
        "axis": "z",
        "origin": [
          6.58579,
          12.2868,
          8
        ]
      },
      "faces": {
        "north": {
          "uv": [
            3.75,
            2.5,
            4.5,
            3.75
          ],
          "texture": "#1"
        },
        "east": {
          "uv": [
            3.5,
            8.25,
            3.75,
            9.5
          ],
          "texture": "#1"
        },
        "south": {
          "uv": [
            3.25,
            3.75,
            4,
            5
          ],
          "texture": "#1"
        },
        "west": {
          "uv": [
            3.75,
            8.25,
            4,
            9.5
          ],
          "texture": "#1"
        },
        "up": {
          "uv": [
            9.5,
            9,
            8.75,
            8.75
          ],
          "texture": "#1"
        },
        "down": {
          "uv": [
            0.75,
            9,
            0,
            9.25
          ],
          "texture": "#1"
        }
      }
    },
    {
      "from": [
        12.50429,
        10.24785,
        7
      ],
      "to": [
        14.50429,
        11.24785,
        9
      ],
      "rotation": {
        "angle": -22.5,
        "axis": "z",
        "origin": [
          11.70429,
          11.09785,
          8
        ]
      },
      "faces": {
        "north": {
          "uv": [
            6,
            9,
            6.5,
            9.25
          ],
          "texture": "#1"
        },
        "east": {
          "uv": [
            9,
            6,
            9.5,
            6.25
          ],
          "texture": "#1"
        },
        "south": {
          "uv": [
            7.25,
            9,
            7.75,
            9.25
          ],
          "texture": "#1"
        },
        "west": {
          "uv": [
            7.75,
            9,
            8.25,
            9.25
          ],
          "texture": "#1"
        },
        "up": {
          "uv": [
            9,
            0.5,
            8.5,
            0
          ],
          "texture": "#1"
        },
        "down": {
          "uv": [
            1.5,
            8.5,
            1,
            9
          ],
          "texture": "#1"
        }
      }
    },
    {
      "from": [
        8.80056,
        -0.83308,
        7.002
      ],
      "to": [
        11.79656,
        0.16292,
        8.998
      ],
      "rotation": {
        "angle": -45,
        "axis": "z",
        "origin": [
          10.79856,
          0.16492,
          8
        ]
      },
      "faces": {
        "north": {
          "uv": [
            9,
            0,
            9.75,
            0.25
          ],
          "texture": "#1"
        },
        "east": {
          "uv": [
            8.25,
            9,
            8.75,
            9.25
          ],
          "texture": "#1"
        },
        "south": {
          "uv": [
            9,
            0.25,
            9.75,
            0.5
          ],
          "texture": "#1"
        },
        "west": {
          "uv": [
            8.75,
            9,
            9.25,
            9.25
          ],
          "texture": "#1"
        },
        "up": {
          "uv": [
            4.5,
            8.25,
            3.75,
            7.75
          ],
          "texture": "#1"
        },
        "down": {
          "uv": [
            5.25,
            7.75,
            4.5,
            8.25
          ],
          "texture": "#1"
        }
      }
    },
    {
      "from": [
        10.80056,
        0.16692,
        7.002
      ],
      "to": [
        11.79656,
        1.16292,
        8.998
      ],
      "rotation": {
        "angle": -45,
        "axis": "z",
        "origin": [
          10.79856,
          0.16492,
          8
        ]
      },
      "faces": {
        "north": {
          "uv": [
            4.5,
            5,
            4.75,
            5.25
          ],
          "texture": "#1"
        },
        "east": {
          "uv": [
            0,
            9.25,
            0.5,
            9.5
          ],
          "texture": "#1"
        },
        "south": {
          "uv": [
            7.25,
            8.25,
            7.5,
            8.5
          ],
          "texture": "#1"
        },
        "west": {
          "uv": [
            0.5,
            9.25,
            1,
            9.5
          ],
          "texture": "#1"
        },
        "up": {
          "uv": [
            5.75,
            9.5,
            5.5,
            9
          ],
          "texture": "#1"
        },
        "down": {
          "uv": [
            1.25,
            9.25,
            1,
            9.75
          ],
          "texture": "#1"
        }
      }
    },
    {
      "from": [
        4.20344,
        -0.83308,
        7.002
      ],
      "to": [
        7.19944,
        0.16292,
        8.998
      ],
      "rotation": {
        "angle": 45,
        "axis": "z",
        "origin": [
          5.20144,
          0.16492,
          8
        ]
      },
      "faces": {
        "north": {
          "uv": [
            0.75,
            9,
            1.5,
            9.25
          ],
          "texture": "#1"
        },
        "east": {
          "uv": [
            9.25,
            0.5,
            9.75,
            0.75
          ],
          "texture": "#1"
        },
        "south": {
          "uv": [
            9,
            0.75,
            9.75,
            1
          ],
          "texture": "#1"
        },
        "west": {
          "uv": [
            1.25,
            9.25,
            1.75,
            9.5
          ],
          "texture": "#1"
        },
        "up": {
          "uv": [
            6,
            8.25,
            5.25,
            7.75
          ],
          "texture": "#1"
        },
        "down": {
          "uv": [
            7.5,
            7.75,
            6.75,
            8.25
          ],
          "texture": "#1"
        }
      }
    },
    {
      "from": [
        4.20344,
        0.16692,
        7.002
      ],
      "to": [
        5.19944,
        1.16292,
        8.998
      ],
      "rotation": {
        "angle": 45,
        "axis": "z",
        "origin": [
          5.20144,
          0.16492,
          8
        ]
      },
      "faces": {
        "north": {
          "uv": [
            0.75,
            8.75,
            1,
            9
          ],
          "texture": "#1"
        },
        "east": {
          "uv": [
            1.75,
            9.25,
            2.25,
            9.5
          ],
          "texture": "#1"
        },
        "south": {
          "uv": [
            9,
            9.25,
            9.25,
            9.5
          ],
          "texture": "#1"
        },
        "west": {
          "uv": [
            2.25,
            9.25,
            2.75,
            9.5
          ],
          "texture": "#1"
        },
        "up": {
          "uv": [
            9.5,
            3,
            9.25,
            2.5
          ],
          "texture": "#1"
        },
        "down": {
          "uv": [
            3,
            9.25,
            2.75,
            9.75
          ],
          "texture": "#1"
        }
      }
    },
    {
      "from": [
        8.50429,
        8.24785,
        7
      ],
      "to": [
        12.50429,
        11.24785,
        9
      ],
      "rotation": {
        "angle": -22.5,
        "axis": "z",
        "origin": [
          11.70429,
          11.09785,
          8
        ]
      },
      "faces": {
        "north": {
          "uv": [
            6.25,
            0,
            7.25,
            0.75
          ],
          "texture": "#1"
        },
        "east": {
          "uv": [
            2,
            4.25,
            2.5,
            5
          ],
          "texture": "#1"
        },
        "south": {
          "uv": [
            3.5,
            6.25,
            4.5,
            7
          ],
          "texture": "#1"
        },
        "west": {
          "uv": [
            6,
            7.75,
            6.5,
            8.5
          ],
          "texture": "#1"
        },
        "up": {
          "uv": [
            6,
            1.25,
            5,
            0.75
          ],
          "texture": "#1"
        },
        "down": {
          "uv": [
            8.5,
            2.25,
            7.5,
            2.75
          ],
          "texture": "#1"
        }
      }
    },
    {
      "from": [
        3.49571,
        8.24785,
        7
      ],
      "to": [
        7.49571,
        11.24785,
        9
      ],
      "rotation": {
        "angle": 22.5,
        "axis": "z",
        "origin": [
          4.29571,
          11.09785,
          8
        ]
      },
      "faces": {
        "north": {
          "uv": [
            6.5,
            0.75,
            7.5,
            1.5
          ],
          "texture": "#1"
        },
        "east": {
          "uv": [
            7.5,
            7.75,
            8,
            8.5
          ],
          "texture": "#1"
        },
        "south": {
          "uv": [
            6.5,
            1.5,
            7.5,
            2.25
          ],
          "texture": "#1"
        },
        "west": {
          "uv": [
            0,
            8,
            0.5,
            8.75
          ],
          "texture": "#1"
        },
        "up": {
          "uv": [
            8.5,
            3.25,
            7.5,
            2.75
          ],
          "texture": "#1"
        },
        "down": {
          "uv": [
            8.5,
            3.25,
            7.5,
            3.75
          ],
          "texture": "#1"
        }
      }
    },
    {
      "from": [
        1.49571,
        10.24785,
        7
      ],
      "to": [
        3.49571,
        11.24785,
        9
      ],
      "rotation": {
        "angle": 22.5,
        "axis": "z",
        "origin": [
          4.29571,
          11.09785,
          8
        ]
      },
      "faces": {
        "north": {
          "uv": [
            9.25,
            3,
            9.75,
            3.25
          ],
          "texture": "#1"
        },
        "east": {
          "uv": [
            9.25,
            3.25,
            9.75,
            3.5
          ],
          "texture": "#1"
        },
        "south": {
          "uv": [
            9.25,
            3.5,
            9.75,
            3.75
          ],
          "texture": "#1"
        },
        "west": {
          "uv": [
            9.25,
            3.75,
            9.75,
            4
          ],
          "texture": "#1"
        },
        "up": {
          "uv": [
            2,
            9,
            1.5,
            8.5
          ],
          "texture": "#1"
        },
        "down": {
          "uv": [
            2.5,
            8.5,
            2,
            9
          ],
          "texture": "#1"
        }
      }
    },
    {
      "from": [
        11.77216,
        10.38868,
        7
      ],
      "to": [
        12.77216,
        13.38868,
        9
      ],
      "rotation": {
        "angle": 22.5,
        "axis": "z",
        "origin": [
          12.69894,
          12.10835,
          8
        ]
      },
      "faces": {
        "north": {
          "uv": [
            0.5,
            5.5,
            0.75,
            6.25
          ],
          "texture": "#1"
        },
        "east": {
          "uv": [
            8,
            0,
            8.5,
            0.75
          ],
          "texture": "#1"
        },
        "south": {
          "uv": [
            5.75,
            1.25,
            6,
            2
          ],
          "texture": "#1"
        },
        "west": {
          "uv": [
            0.5,
            8,
            1,
            8.75
          ],
          "texture": "#1"
        },
        "up": {
          "uv": [
            4.75,
            9.75,
            4.5,
            9.25
          ],
          "texture": "#1"
        },
        "down": {
          "uv": [
            5,
            9.25,
            4.75,
            9.75
          ],
          "texture": "#1"
        }
      }
    },
    {
      "from": [
        11.84539,
        12.06546,
        7
      ],
      "to": [
        14.84539,
        13.06546,
        9
      ],
      "rotation": {
        "angle": -22.5,
        "axis": "z",
        "origin": [
          12.69894,
          12.10835,
          8
        ]
      },
      "faces": {
        "north": {
          "uv": [
            9,
            1,
            9.75,
            1.25
          ],
          "texture": "#1"
        },
        "east": {
          "uv": [
            9.25,
            4,
            9.75,
            4.25
          ],
          "texture": "#1"
        },
        "south": {
          "uv": [
            1.5,
            9,
            2.25,
            9.25
          ],
          "texture": "#1"
        },
        "west": {
          "uv": [
            9.25,
            4.75,
            9.75,
            5
          ],
          "texture": "#1"
        },
        "up": {
          "uv": [
            1.75,
            8.5,
            1,
            8
          ],
          "texture": "#1"
        },
        "down": {
          "uv": [
            2.5,
            8,
            1.75,
            8.5
          ],
          "texture": "#1"
        }
      }
    },
    {
      "from": [
        1.64551,
        12.38332,
        7
      ],
      "to": [
        4.64551,
        13.38332,
        9
      ],
      "rotation": {
        "angle": 22.5,
        "axis": "z",
        "origin": [
          4.34551,
          11.03332,
          8
        ]
      },
      "faces": {
        "north": {
          "uv": [
            2.25,
            9,
            3,
            9.25
          ],
          "texture": "#1"
        },
        "east": {
          "uv": [
            5,
            9.25,
            5.5,
            9.5
          ],
          "texture": "#1"
        },
        "south": {
          "uv": [
            9,
            2.25,
            9.75,
            2.5
          ],
          "texture": "#1"
        },
        "west": {
          "uv": [
            5.75,
            9.25,
            6.25,
            9.5
          ],
          "texture": "#1"
        },
        "up": {
          "uv": [
            8.75,
            6.75,
            8,
            6.25
          ],
          "texture": "#1"
        },
        "down": {
          "uv": [
            8.75,
            6.75,
            8,
            7.25
          ],
          "texture": "#1"
        }
      }
    },
    {
      "from": [
        1.64551,
        13.38332,
        7
      ],
      "to": [
        2.64551,
        14.38332,
        9
      ],
      "rotation": {
        "angle": 22.5,
        "axis": "z",
        "origin": [
          4.34551,
          11.03332,
          8
        ]
      },
      "faces": {
        "north": {
          "uv": [
            9.25,
            9,
            9.5,
            9.25
          ],
          "texture": "#1"
        },
        "east": {
          "uv": [
            6.25,
            9.25,
            6.75,
            9.5
          ],
          "texture": "#1"
        },
        "south": {
          "uv": [
            9.25,
            9.25,
            9.5,
            9.5
          ],
          "texture": "#1"
        },
        "west": {
          "uv": [
            6.75,
            9.25,
            7.25,
            9.5
          ],
          "texture": "#1"
        },
        "up": {
          "uv": [
            7.5,
            9.75,
            7.25,
            9.25
          ],
          "texture": "#1"
        },
        "down": {
          "uv": [
            9.5,
            7.25,
            9.25,
            7.75
          ],
          "texture": "#1"
        }
      }
    },
    {
      "from": [
        13.35449,
        13.38332,
        7
      ],
      "to": [
        14.35449,
        14.38332,
        9
      ],
      "rotation": {
        "angle": -22.5,
        "axis": "z",
        "origin": [
          11.65449,
          11.03332,
          8
        ]
      },
      "faces": {
        "north": {
          "uv": [
            0,
            9.5,
            0.25,
            9.75
          ],
          "texture": "#1"
        },
        "east": {
          "uv": [
            7.5,
            9.25,
            8,
            9.5
          ],
          "texture": "#1"
        },
        "south": {
          "uv": [
            0.25,
            9.5,
            0.5,
            9.75
          ],
          "texture": "#1"
        },
        "west": {
          "uv": [
            9.25,
            7.75,
            9.75,
            8
          ],
          "texture": "#1"
        },
        "up": {
          "uv": [
            8.25,
            9.75,
            8,
            9.25
          ],
          "texture": "#1"
        },
        "down": {
          "uv": [
            8.5,
            9.25,
            8.25,
            9.75
          ],
          "texture": "#1"
        }
      }
    },
    {
      "from": [
        2.91685,
        9.93113,
        7
      ],
      "to": [
        3.91685,
        12.93113,
        9
      ],
      "rotation": {
        "angle": -22.5,
        "axis": "z",
        "origin": [
          4.29571,
          11.09785,
          8
        ]
      },
      "faces": {
        "north": {
          "uv": [
            5.75,
            7,
            6,
            7.75
          ],
          "texture": "#1"
        },
        "east": {
          "uv": [
            2.5,
            8,
            3,
            8.75
          ],
          "texture": "#1"
        },
        "south": {
          "uv": [
            9,
            2.5,
            9.25,
            3.25
          ],
          "texture": "#1"
        },
        "west": {
          "uv": [
            8,
            7.25,
            8.5,
            8
          ],
          "texture": "#1"
        },
        "up": {
          "uv": [
            8.75,
            9.75,
            8.5,
            9.25
          ],
          "texture": "#1"
        },
        "down": {
          "uv": [
            9,
            9.25,
            8.75,
            9.75
          ],
          "texture": "#1"
        }
      }
    },
    {
      "from": [
        5.9,
        6.95562,
        6.5
      ],
      "to": [
        10.9,
        11.95562,
        9.5
      ],
      "rotation": {
        "angle": 45,
        "axis": "z",
        "origin": [
          8,
          9.05562,
          8
        ]
      },
      "faces": {
        "north": {
          "uv": [
            2.5,
            0,
            3.75,
            1.25
          ],
          "texture": "#1"
        },
        "east": {
          "uv": [
            4,
            3.75,
            4.75,
            5
          ],
          "texture": "#1"
        },
        "south": {
          "uv": [
            2.5,
            1.25,
            3.75,
            2.5
          ],
          "texture": "#1"
        },
        "west": {
          "uv": [
            0,
            4.25,
            0.75,
            5.5
          ],
          "texture": "#1"
        },
        "up": {
          "uv": [
            2,
            5,
            0.75,
            4.25
          ],
          "texture": "#1"
        },
        "down": {
          "uv": [
            5.75,
            1.25,
            4.5,
            2
          ],
          "texture": "#1"
        }
      }
    },
    {
      "from": [
        5.5,
        6.69704,
        6.2
      ],
      "to": [
        11.1,
        12.29704,
        9.8
      ],
      "rotation": {
        "angle": 45,
        "axis": "z",
        "origin": [
          8,
          9.19704,
          8.1
        ]
      },
      "faces": {
        "north": {
          "uv": [
            2.5,
            2.5,
            3.75,
            3.75
          ],
          "texture": "#1"
        },
        "east": {
          "uv": [
            4.5,
            2,
            5.25,
            3.25
          ],
          "texture": "#1"
        },
        "south": {
          "uv": [
            0,
            3,
            1.25,
            4.25
          ],
          "texture": "#1"
        },
        "west": {
          "uv": [
            4.75,
            3.25,
            5.5,
            4.5
          ],
          "texture": "#1"
        },
        "up": {
          "uv": [
            6,
            5.25,
            4.75,
            4.5
          ],
          "texture": "#1"
        },
        "down": {
          "uv": [
            6.25,
            0,
            5,
            0.75
          ],
          "texture": "#1"
        }
      }
    },
    {
      "from": [
        6.5,
        11.55562,
        7
      ],
      "to": [
        9.5,
        16.55562,
        9
      ],
      "rotation": {
        "angle": 0,
        "axis": "y",
        "origin": [
          8,
          6.83238,
          6.53621
        ]
      },
      "faces": {
        "north": {
          "uv": [
            0.75,
            5,
            1.5,
            6.25
          ],
          "texture": "#1"
        },
        "east": {
          "uv": [
            5.5,
            3.25,
            6,
            4.5
          ],
          "texture": "#1"
        },
        "south": {
          "uv": [
            1.5,
            5,
            2.25,
            6.25
          ],
          "texture": "#1"
        },
        "west": {
          "uv": [
            6.75,
            6.25,
            7.25,
            7.5
          ],
          "texture": "#1"
        },
        "up": {
          "uv": [
            8.75,
            8.5,
            8,
            8
          ],
          "texture": "#1"
        },
        "down": {
          "uv": [
            9,
            0.75,
            8.25,
            1.25
          ],
          "texture": "#1"
        }
      }
    },
    {
      "from": [
        8.64298,
        14.61073,
        6.988
      ],
      "to": [
        10.7683,
        16.73605,
        9.002
      ],
      "rotation": {
        "angle": 45,
        "axis": "z",
        "origin": [
          7.78787,
          14.05562,
          7.5
        ]
      },
      "faces": {
        "north": {
          "uv": [
            8.5,
            2.25,
            9,
            2.75
          ],
          "texture": "#1"
        },
        "east": {
          "uv": [
            8.5,
            2.75,
            9,
            3.25
          ],
          "texture": "#1"
        },
        "south": {
          "uv": [
            8.5,
            3.25,
            9,
            3.75
          ],
          "texture": "#1"
        },
        "west": {
          "uv": [
            8.5,
            3.75,
            9,
            4.25
          ],
          "texture": "#1"
        },
        "up": {
          "uv": [
            9,
            4.75,
            8.5,
            4.25
          ],
          "texture": "#1"
        },
        "down": {
          "uv": [
            6.5,
            8.5,
            6,
            9
          ],
          "texture": "#1"
        }
      }
    },
    {
      "from": [
        5.51,
        16.56562,
        7.51
      ],
      "to": [
        10.49,
        28.54562,
        8.49
      ],
      "rotation": {
        "angle": 0,
        "axis": "y",
        "origin": [
          7,
          6.83238,
          7.03621
        ]
      },
      "faces": {
        "north": {
          "uv": [
            0,
            0,
            1.25,
            3
          ],
          "texture": "#1"
        },
        "east": {
          "uv": [
            6.5,
            2.25,
            6.75,
            5.25
          ],
          "texture": "#1"
        },
        "south": {
          "uv": [
            1.25,
            0,
            2.5,
            3
          ],
          "texture": "#1"
        },
        "west": {
          "uv": [
            6.5,
            5.25,
            6.75,
            8.25
          ],
          "texture": "#1"
        },
        "up": {
          "uv": [
            9.5,
            1.5,
            8.25,
            1.25
          ],
          "texture": "#1"
        },
        "down": {
          "uv": [
            9.5,
            1.5,
            8.25,
            1.75
          ],
          "texture": "#1"
        }
      }
    },
    {
      "from": [
        10.57879,
        22.34633,
        7.52
      ],
      "to": [
        11.53879,
        23.30633,
        8.48
      ],
      "rotation": {
        "angle": -45,
        "axis": "z",
        "origin": [
          12.05879,
          24.12633,
          7.5
        ]
      },
      "faces": {
        "north": {
          "uv": [
            0.5,
            9.5,
            0.75,
            9.75
          ],
          "texture": "#1"
        },
        "east": {
          "uv": [
            0.75,
            9.5,
            1,
            9.75
          ],
          "texture": "#1"
        },
        "south": {
          "uv": [
            1.25,
            9.5,
            1.5,
            9.75
          ],
          "texture": "#1"
        },
        "west": {
          "uv": [
            9.5,
            1.25,
            9.75,
            1.5
          ],
          "texture": "#1"
        },
        "up": {
          "uv": [
            1.75,
            9.75,
            1.5,
            9.5
          ],
          "texture": "#1"
        },
        "down": {
          "uv": [
            9.75,
            1.5,
            9.5,
            1.75
          ],
          "texture": "#1"
        }
      }
    },
    {
      "from": [
        10.57879,
        18.40369,
        7.52
      ],
      "to": [
        11.53879,
        19.36369,
        8.48
      ],
      "rotation": {
        "angle": -45,
        "axis": "z",
        "origin": [
          12.05879,
          20.18369,
          7.5
        ]
      },
      "faces": {
        "north": {
          "uv": [
            1.75,
            9.5,
            2,
            9.75
          ],
          "texture": "#1"
        },
        "east": {
          "uv": [
            9.5,
            1.75,
            9.75,
            2
          ],
          "texture": "#1"
        },
        "south": {
          "uv": [
            2,
            9.5,
            2.25,
            9.75
          ],
          "texture": "#1"
        },
        "west": {
          "uv": [
            9.5,
            2,
            9.75,
            2.25
          ],
          "texture": "#1"
        },
        "up": {
          "uv": [
            2.5,
            9.75,
            2.25,
            9.5
          ],
          "texture": "#1"
        },
        "down": {
          "uv": [
            2.75,
            9.5,
            2.5,
            9.75
          ],
          "texture": "#1"
        }
      }
    },
    {
      "from": [
        4.46121,
        18.40369,
        7.52
      ],
      "to": [
        5.42121,
        19.36369,
        8.48
      ],
      "rotation": {
        "angle": 45,
        "axis": "z",
        "origin": [
          3.94121,
          20.18369,
          7.5
        ]
      },
      "faces": {
        "north": {
          "uv": [
            9.5,
            2.5,
            9.75,
            2.75
          ],
          "texture": "#1"
        },
        "east": {
          "uv": [
            9.5,
            2.75,
            9.75,
            3
          ],
          "texture": "#1"
        },
        "south": {
          "uv": [
            3,
            9.5,
            3.25,
            9.75
          ],
          "texture": "#1"
        },
        "west": {
          "uv": [
            3.25,
            9.5,
            3.5,
            9.75
          ],
          "texture": "#1"
        },
        "up": {
          "uv": [
            3.75,
            9.75,
            3.5,
            9.5
          ],
          "texture": "#1"
        },
        "down": {
          "uv": [
            4,
            9.5,
            3.75,
            9.75
          ],
          "texture": "#1"
        }
      }
    },
    {
      "from": [
        4.46121,
        22.34633,
        7.52
      ],
      "to": [
        5.42121,
        23.30633,
        8.48
      ],
      "rotation": {
        "angle": 45,
        "axis": "z",
        "origin": [
          3.94121,
          24.12633,
          7.5
        ]
      },
      "faces": {
        "north": {
          "uv": [
            4,
            9.5,
            4.25,
            9.75
          ],
          "texture": "#1"
        },
        "east": {
          "uv": [
            4.25,
            9.5,
            4.5,
            9.75
          ],
          "texture": "#1"
        },
        "south": {
          "uv": [
            9.5,
            4.25,
            9.75,
            4.5
          ],
          "texture": "#1"
        },
        "west": {
          "uv": [
            9.5,
            4.5,
            9.75,
            4.75
          ],
          "texture": "#1"
        },
        "up": {
          "uv": [
            5.25,
            9.75,
            5,
            9.5
          ],
          "texture": "#1"
        },
        "down": {
          "uv": [
            9.75,
            5,
            9.5,
            5.25
          ],
          "texture": "#1"
        }
      }
    },
    {
      "from": [
        8.65147,
        24.35562,
        7.5
      ],
      "to": [
        13.65147,
        29.35562,
        8.5
      ],
      "rotation": {
        "angle": 45,
        "axis": "z",
        "origin": [
          7.15147,
          24.05562,
          8
        ]
      },
      "faces": {
        "north": {
          "uv": [
            1.25,
            3,
            2.5,
            4.25
          ],
          "texture": "#1"
        },
        "east": {
          "uv": [
            8.25,
            3.75,
            8.5,
            5
          ],
          "texture": "#1"
        },
        "south": {
          "uv": [
            3.75,
            0,
            5,
            1.25
          ],
          "texture": "#1"
        },
        "west": {
          "uv": [
            4,
            8.25,
            4.25,
            9.5
          ],
          "texture": "#1"
        },
        "up": {
          "uv": [
            9.5,
            2,
            8.25,
            1.75
          ],
          "texture": "#1"
        },
        "down": {
          "uv": [
            9.5,
            2,
            8.25,
            2.25
          ],
          "texture": "#1"
        }
      }
    },
    {
      "from": [
        5.9325,
        13.48755,
        8
      ],
      "to": [
        8.9325,
        17.48755,
        8
      ],
      "rotation": {
        "angle": -22.5,
        "axis": "z",
        "origin": [
          6.9325,
          15.48755,
          7.5
        ]
      },
      "faces": {
        "north": {
          "uv": [
            6.75,
            2.25,
            7.5,
            3.25
          ],
          "texture": "#1"
        },
        "east": {
          "uv": [
            0,
            0,
            0,
            1
          ],
          "texture": "#1"
        },
        "south": {
          "uv": [
            6.75,
            3.25,
            7.5,
            4.25
          ],
          "texture": "#1"
        },
        "west": {
          "uv": [
            0,
            0,
            0,
            1
          ],
          "texture": "#1"
        },
        "up": {
          "uv": [
            0.75,
            0,
            0,
            0
          ],
          "texture": "#1"
        },
        "down": {
          "uv": [
            0.75,
            0,
            0,
            0
          ],
          "texture": "#1"
        }
      }
    },
    {
      "from": [
        6.08579,
        9.7868,
        8
      ],
      "to": [
        9.08579,
        14.7868,
        8
      ],
      "rotation": {
        "angle": 22.5,
        "axis": "z",
        "origin": [
          7.58579,
          12.2868,
          7.5
        ]
      },
      "faces": {
        "north": {
          "uv": [
            2.25,
            5,
            3,
            6.25
          ],
          "texture": "#1"
        },
        "east": {
          "uv": [
            0,
            0,
            0,
            1.25
          ],
          "texture": "#1"
        },
        "south": {
          "uv": [
            3,
            5,
            3.75,
            6.25
          ],
          "texture": "#1"
        },
        "west": {
          "uv": [
            0,
            0,
            0,
            1.25
          ],
          "texture": "#1"
        },
        "up": {
          "uv": [
            0.75,
            0,
            0,
            0
          ],
          "texture": "#1"
        },
        "down": {
          "uv": [
            0.75,
            0,
            0,
            0
          ],
          "texture": "#1"
        }
      }
    },
    {
      "from": [
        6.91421,
        9.7868,
        8
      ],
      "to": [
        9.91421,
        14.7868,
        8
      ],
      "rotation": {
        "angle": -22.5,
        "axis": "z",
        "origin": [
          8.41421,
          12.2868,
          7.5
        ]
      },
      "faces": {
        "north": {
          "uv": [
            3.75,
            5,
            4.5,
            6.25
          ],
          "texture": "#1"
        },
        "east": {
          "uv": [
            0,
            0,
            0,
            1.25
          ],
          "texture": "#1"
        },
        "south": {
          "uv": [
            5.25,
            2,
            6,
            3.25
          ],
          "texture": "#1"
        },
        "west": {
          "uv": [
            0,
            0,
            0,
            1.25
          ],
          "texture": "#1"
        },
        "up": {
          "uv": [
            0.75,
            0,
            0,
            0
          ],
          "texture": "#1"
        },
        "down": {
          "uv": [
            0.75,
            0,
            0,
            0
          ],
          "texture": "#1"
        }
      }
    },
    {
      "from": [
        7.0675,
        13.48755,
        8
      ],
      "to": [
        10.0675,
        17.48755,
        8
      ],
      "rotation": {
        "angle": 22.5,
        "axis": "z",
        "origin": [
          9.0675,
          15.48755,
          7.5
        ]
      },
      "faces": {
        "north": {
          "uv": [
            6.75,
            4.25,
            7.5,
            5.25
          ],
          "texture": "#1"
        },
        "east": {
          "uv": [
            0,
            0,
            0,
            1
          ],
          "texture": "#1"
        },
        "south": {
          "uv": [
            6.75,
            5.25,
            7.5,
            6.25
          ],
          "texture": "#1"
        },
        "west": {
          "uv": [
            0,
            0,
            0,
            1
          ],
          "texture": "#1"
        },
        "up": {
          "uv": [
            0.75,
            0,
            0,
            0
          ],
          "texture": "#1"
        },
        "down": {
          "uv": [
            0.75,
            0,
            0,
            0
          ],
          "texture": "#1"
        }
      }
    },
    {
      "from": [
        8.06569,
        24.35562,
        8
      ],
      "to": [
        15.06569,
        31.35562,
        8
      ],
      "rotation": {
        "angle": 45,
        "axis": "z",
        "origin": [
          8.56569,
          24.05562,
          7.5
        ]
      },
      "faces": {
        "north": {
          "uv": [
            0,
            0,
            3.5,
            3.5
          ],
          "texture": "#0"
        },
        "east": {
          "uv": [
            0,
            0,
            0,
            1.75
          ],
          "texture": "#0"
        },
        "south": {
          "uv": [
            7.5,
            0,
            4,
            3.5
          ],
          "rotation": 90,
          "texture": "#0"
        },
        "west": {
          "uv": [
            0,
            0,
            0,
            1.75
          ],
          "texture": "#0"
        },
        "up": {
          "uv": [
            1.75,
            0,
            0,
            0
          ],
          "texture": "#0"
        },
        "down": {
          "uv": [
            1.75,
            0,
            0,
            0
          ],
          "texture": "#0"
        }
      }
    },
    {
      "from": [
        4.498,
        16.55362,
        7.998
      ],
      "to": [
        11.502,
        28.55762,
        8.002
      ],
      "rotation": {
        "angle": 0,
        "axis": "y",
        "origin": [
          9,
          6.83238,
          6.53621
        ]
      },
      "faces": {
        "north": {
          "uv": [
            3.5,
            4,
            0,
            10
          ],
          "texture": "#0"
        },
        "east": {
          "uv": [
            0,
            0,
            0,
            3
          ],
          "texture": "#0"
        },
        "south": {
          "uv": [
            0,
            4,
            3.5,
            10
          ],
          "texture": "#0"
        },
        "west": {
          "uv": [
            0,
            0,
            0,
            3
          ],
          "texture": "#0"
        },
        "up": {
          "uv": [
            1.75,
            0,
            0,
            0
          ],
          "texture": "#0"
        },
        "down": {
          "uv": [
            1.75,
            0,
            0,
            0
          ],
          "texture": "#0"
        }
      }
    },
    {
      "from": [
        5.05569,
        21.34562,
        7.99
      ],
      "to": [
        11.07569,
        27.36562,
        8.01
      ],
      "rotation": {
        "angle": 45,
        "axis": "z",
        "origin": [
          8.56569,
          24.05562,
          7.5
        ]
      },
      "faces": {
        "north": {
          "uv": [
            4,
            4,
            7.01,
            7.01
          ],
          "texture": "#0"
        },
        "south": {
          "uv": [
            10.51,
            4,
            7.5,
            7.01
          ],
          "rotation": 90,
          "texture": "#0"
        }
      }
    },
    {
      "from": [
        2.05569,
        18.64562,
        7.99
      ],
      "to": [
        8.07569,
        24.66562,
        8.01
      ],
      "rotation": {
        "angle": 45,
        "axis": "z",
        "origin": [
          8.56569,
          24.35562,
          7.5
        ]
      },
      "faces": {
        "north": {
          "uv": [
            4,
            7.5,
            7.01,
            10.51
          ],
          "texture": "#0"
        },
        "south": {
          "uv": [
            10.51,
            7.5,
            7.5,
            10.51
          ],
          "rotation": 90,
          "texture": "#0"
        }
      }
    },
    {
      "from": [
        9.0675,
        13.48755,
        8
      ],
      "to": [
        12.0675,
        17.48755,
        8
      ],
      "rotation": {
        "angle": 22.5,
        "axis": "z",
        "origin": [
          11.0675,
          15.48755,
          7.5
        ]
      },
      "faces": {
        "north": {
          "uv": [
            2,
            10.5,
            3.5,
            12.5
          ],
          "texture": "#0"
        },
        "east": {
          "uv": [
            0,
            0,
            0,
            1
          ],
          "texture": "#0"
        },
        "south": {
          "uv": [
            2,
            10.5,
            3.5,
            12.5
          ],
          "texture": "#0"
        },
        "west": {
          "uv": [
            0,
            0,
            0,
            1
          ],
          "texture": "#0"
        },
        "up": {
          "uv": [
            0.75,
            0,
            0,
            0
          ],
          "texture": "#0"
        },
        "down": {
          "uv": [
            0.75,
            0,
            0,
            0
          ],
          "texture": "#0"
        }
      }
    },
    {
      "from": [
        8.92183,
        9.82506,
        8
      ],
      "to": [
        11.92183,
        14.82506,
        8
      ],
      "rotation": {
        "angle": -22.5,
        "axis": "z",
        "origin": [
          10.32183,
          12.32506,
          7.5
        ]
      },
      "faces": {
        "north": {
          "uv": [
            2,
            13,
            3.5,
            15.5
          ],
          "texture": "#0"
        },
        "east": {
          "uv": [
            0,
            0,
            0,
            1.25
          ],
          "texture": "#0"
        },
        "south": {
          "uv": [
            2,
            13,
            3.5,
            15.5
          ],
          "texture": "#0"
        },
        "west": {
          "uv": [
            0,
            0,
            0,
            1.25
          ],
          "texture": "#0"
        },
        "up": {
          "uv": [
            0.75,
            0,
            0,
            0
          ],
          "texture": "#0"
        },
        "down": {
          "uv": [
            0.75,
            0,
            0,
            0
          ],
          "texture": "#0"
        }
      }
    },
    {
      "from": [
        4.07817,
        9.82506,
        8
      ],
      "to": [
        7.07817,
        14.82506,
        8
      ],
      "rotation": {
        "angle": 22.5,
        "axis": "z",
        "origin": [
          5.67817,
          12.32506,
          7.5
        ]
      },
      "faces": {
        "north": {
          "uv": [
            0,
            13,
            1.5,
            15.5
          ],
          "texture": "#0"
        },
        "east": {
          "uv": [
            0,
            0,
            0,
            1.25
          ],
          "texture": "#0"
        },
        "south": {
          "uv": [
            0,
            13.025,
            1.5,
            15.525
          ],
          "texture": "#0"
        },
        "west": {
          "uv": [
            0,
            0,
            0,
            1.25
          ],
          "texture": "#0"
        },
        "up": {
          "uv": [
            0.75,
            0,
            0,
            0
          ],
          "texture": "#0"
        },
        "down": {
          "uv": [
            0.75,
            0,
            0,
            0
          ],
          "texture": "#0"
        }
      }
    },
    {
      "from": [
        3.9325,
        13.48755,
        8
      ],
      "to": [
        6.9325,
        17.48755,
        8
      ],
      "rotation": {
        "angle": -22.5,
        "axis": "z",
        "origin": [
          4.9325,
          15.48755,
          7.5
        ]
      },
      "faces": {
        "north": {
          "uv": [
            0,
            10.5,
            1.5,
            12.5
          ],
          "texture": "#0"
        },
        "east": {
          "uv": [
            0,
            0,
            0,
            1
          ],
          "texture": "#0"
        },
        "south": {
          "uv": [
            0,
            10.5,
            1.5,
            12.5
          ],
          "texture": "#0"
        },
        "west": {
          "uv": [
            0,
            0,
            0,
            1
          ],
          "texture": "#0"
        },
        "up": {
          "uv": [
            0.75,
            0,
            0,
            0
          ],
          "texture": "#0"
        },
        "down": {
          "uv": [
            0.75,
            0,
            0,
            0
          ],
          "texture": "#0"
        }
      }
    },
    {
      "from": [
        6.9,
        7.95562,
        9.6
      ],
      "to": [
        9.9,
        10.95562,
        9.6
      ],
      "rotation": {
        "angle": 45,
        "axis": "z",
        "origin": [
          8,
          9.05562,
          11.1
        ]
      },
      "faces": {
        "north": {
          "uv": [
            7.5,
            14,
            6,
            15.5
          ],
          "texture": "#0"
        },
        "south": {
          "uv": [
            4,
            14,
            5.5,
            15.5
          ],
          "rotation": 90,
          "texture": "#0"
        }
      }
    },
    {
      "from": [
        6.9,
        7.95562,
        6.4
      ],
      "to": [
        9.9,
        10.95562,
        6.4
      ],
      "rotation": {
        "angle": 45,
        "axis": "z",
        "origin": [
          8,
          9.05562,
          7.9
        ]
      },
      "faces": {
        "north": {
          "uv": [
            7.5,
            14,
            6,
            15.5
          ],
          "texture": "#0"
        },
        "south": {
          "uv": [
            4,
            14,
            5.5,
            15.5
          ],
          "rotation": 90,
          "texture": "#0"
        }
      }
    }
  ],
  "gui_light": "front"
}