{
  "texture_size": [
    64,
    64
  ],
  "elements": [
    {
      "from": [
        3,
        0,
        3
      ],
      "to": [
        13,
        2,
        13
      ],
      "rotation": {
        "angle": 0,
        "axis": "y",
        "origin": [
          7,
          0,
          7
        ]
      },
      "faces": {
        "north": {
          "uv": [
            5.5,
            4.5,
            8,
            5
          ],
          "texture": "#0"
        },
        "east": {
          "uv": [
            0,
            6,
            2.5,
            6.5
          ],
          "texture": "#0"
        },
        "south": {
          "uv": [
            2.5,
            6,
            5,
            6.5
          ],
          "texture": "#0"
        },
        "west": {
          "uv": [
            5,
            6,
            7.5,
            6.5
          ],
          "texture": "#0"
        },
        "up": {
          "uv": [
            5.5,
            2.5,
            3,
            0
          ],
          "texture": "#0"
        },
        "down": {
          "uv": [
            5.5,
            2.5,
            3,
            5
          ],
          "texture": "#0"
        }
      }
    },
    {
      "from": [
        2,
        2,
        2
      ],
      "to": [
        14,
        6,
        14
      ],
      "rotation": {
        "angle": 0,
        "axis": "y",
        "origin": [
          8,
          4,
          8
        ]
      },
      "faces": {
        "north": {
          "uv": [
            3,
            5,
            6,
            6
          ],
          "texture": "#0"
        },
        "east": {
          "uv": [
            5.5,
            0,
            8.5,
            1
          ],
          "texture": "#0"
        },
        "south": {
          "uv": [
            5.5,
            1,
            8.5,
            2
          ],
          "texture": "#0"
        },
        "west": {
          "uv": [
            5.5,
            2,
            8.5,
            3
          ],
          "texture": "#0"
        },
        "up": {
          "uv": [
            3,
            3,
            0,
            0
          ],
          "texture": "#0"
        },
        "down": {
          "uv": [
            3,
            3,
            0,
            6
          ],
          "texture": "#0"
        }
      }
    },
    {
      "from": [
        1,
        2,
        1.75
      ],
      "to": [
        7,
        6,
        1.75
      ],
      "rotation": {
        "angle": -22.5,
        "axis": "z",
        "origin": [
          4,
          4,
          2
        ]
      },
      "faces": {
        "north": {
          "uv": [
            11.25,
            0.75,
            9.75,
            1.75
          ],
          "texture": "#0"
        },
        "east": {
          "uv": [
            0,
            0,
            0,
            1
          ],
          "texture": "#0"
        },
        "south": {
          "uv": [
            9.75,
            0.75,
            11.25,
            1.75
          ],
          "texture": "#0"
        },
        "west": {
          "uv": [
            0,
            0,
            0,
            1
          ],
          "texture": "#0"
        },
        "up": {
          "uv": [
            0,
            0,
            1.5,
            0
          ],
          "texture": "#0"
        },
        "down": {
          "uv": [
            0,
            0,
            1.5,
            0
          ],
          "texture": "#0"
        }
      }
    },
    {
      "from": [
        9,
        2,
        1.75
      ],
      "to": [
        15,
        6,
        1.75
      ],
      "rotation": {
        "angle": 22.5,
        "axis": "z",
        "origin": [
          12,
          4,
          2
        ]
      },
      "faces": {
        "north": {
          "uv": [
            9.75,
            0.75,
            11.25,
            1.75
          ],
          "texture": "#0"
        },
        "east": {
          "uv": [
            0,
            0,
            0,
            1
          ],
          "texture": "#0"
        },
        "south": {
          "uv": [
            11.25,
            0.75,
            9.75,
            1.75
          ],
          "texture": "#0"
        },
        "west": {
          "uv": [
            0,
            0,
            0,
            1
          ],
          "texture": "#0"
        },
        "up": {
          "uv": [
            1.5,
            0,
            0,
            0
          ],
          "texture": "#0"
        },
        "down": {
          "uv": [
            1.5,
            0,
            0,
            0
          ],
          "texture": "#0"
        }
      }
    },
    {
      "from": [
        3,
        0,
        0
      ],
      "to": [
        13,
        1,
        3
      ],
      "rotation": {
        "angle": 0,
        "axis": "y",
        "origin": [
          7,
          -2,
          -2
        ]
      },
      "faces": {
        "north": {
          "uv": [
            3.75,
            10.5,
            6.25,
            10.75
          ],
          "texture": "#0"
        },
        "east": {
          "uv": [
            5.5,
            11,
            6.25,
            11.25
          ],
          "texture": "#0"
        },
        "south": {
          "uv": [
            6.25,
            10.5,
            8.75,
            10.75
          ],
          "texture": "#0"
        },
        "west": {
          "uv": [
            6.25,
            11,
            7,
            11.25
          ],
          "texture": "#0"
        },
        "up": {
          "uv": [
            11.75,
            8,
            9.25,
            7.25
          ],
          "texture": "#0"
        },
        "down": {
          "uv": [
            11.75,
            8.25,
            9.25,
            9
          ],
          "texture": "#0"
        }
      }
    },
    {
      "from": [
        4,
        0,
        -2
      ],
      "to": [
        12,
        1,
        0
      ],
      "rotation": {
        "angle": 0,
        "axis": "y",
        "origin": [
          7,
          -2,
          -4
        ]
      },
      "faces": {
        "north": {
          "uv": [
            10.5,
            10.75,
            12.5,
            11
          ],
          "texture": "#0"
        },
        "east": {
          "uv": [
            5.75,
            11.5,
            6.25,
            11.75
          ],
          "texture": "#0"
        },
        "south": {
          "uv": [
            3.75,
            11.5,
            5.75,
            11.75
          ],
          "texture": "#0"
        },
        "west": {
          "uv": [
            6.25,
            11.5,
            6.75,
            11.75
          ],
          "texture": "#0"
        },
        "up": {
          "uv": [
            9.75,
            11.75,
            7.75,
            11.25
          ],
          "texture": "#0"
        },
        "down": {
          "uv": [
            12.5,
            11.25,
            10.5,
            11.75
          ],
          "texture": "#0"
        }
      }
    }
  ],
  "gui_light": "front",
  "display": {
    "gui": {
      "rotation": [
        -155.5,
        39.25,
        -180
      ],
      "translation": [
        0.25,
        4,
        0
      ],
      "scale": [
        0.85,
        0.85,
        0.85
      ]
    },
    "head": {
      "rotation": [
        14.25,
        0,
        0
      ],
      "translation": [
        0,
        12.5,
        2.75
      ],
      "scale": [
        1.61,
        1.61,
        1.61
      ]
    }
  }
}