{
  "display": {
    "firstperson_righthand": {
      "translation": [
        1,
        0,
        0
      ]
    },
    "firstperson_lefthand": {
      "translation": [
        1,
        0,
        0
      ]
    },
    "ground": {
      "rotation": [
        33,
        32,
        0
      ],
      "translation": [
        0,
        1,
        0
      ],
      "scale": [
        0.6,
        0.6,
        0.6
      ]
    },
    "gui": {
      "rotation": [
        22.5,
        135,
        0
      ],
      "translation": [
        0,
        -0.5,
        0
      ]
    },
    "head": {
      "translation": [
        0,
        3,
        0
      ],
      "scale": [
        1.85,
        1.85,
        1.85
      ]
    }
  },
  "texture_size": [
    64,
    64
  ],
  "textures": {
    "0": "civilization:item/tools/expert_evoker",
    "particle": "civilization:item/tools/expert_evoker"
  },
  "elements": [
    {
      "name": "head",
      "from": [
        4,
        4,
        4
      ],
      "to": [
        12,
        14,
        12
      ],
      "rotation": {
        "angle": 0,
        "axis": "y",
        "origin": [
          8,
          0,
          8
        ]
      },
      "faces": {
        "north": {
          "uv": [
            2,
            2,
            4,
            4.5
          ],
          "texture": "#0"
        },
        "east": {
          "uv": [
            0,
            2,
            2,
            4.5
          ],
          "texture": "#0"
        },
        "south": {
          "uv": [
            6,
            2,
            8,
            4.5
          ],
          "texture": "#0"
        },
        "west": {
          "uv": [
            4,
            2,
            6,
            4.5
          ],
          "texture": "#0"
        },
        "up": {
          "uv": [
            4,
            2,
            2,
            0
          ],
          "texture": "#0"
        },
        "down": {
          "uv": [
            6,
            0,
            4,
            2
          ],
          "texture": "#0"
        }
      }
    },
    {
      "name": "helmet",
      "from": [
        3.5,
        3,
        3.5
      ],
      "to": [
        12.5,
        14,
        12.5
      ],
      "rotation": {
        "angle": 0,
        "axis": "y",
        "origin": [
          8,
          0,
          8
        ]
      },
      "faces": {
        "north": {
          "uv": [
            10,
            2,
            12,
            4.5
          ],
          "texture": "#0"
        },
        "east": {
          "uv": [
            8,
            2,
            10,
            4.5
          ],
          "texture": "#0"
        },
        "south": {
          "uv": [
            14,
            2,
            16,
            4.5
          ],
          "texture": "#0"
        },
        "west": {
          "uv": [
            12,
            2,
            14,
            4.5
          ],
          "texture": "#0"
        },
        "up": {
          "uv": [
            12,
            2,
            10,
            0
          ],
          "texture": "#0"
        },
        "down": {
          "uv": [
            14,
            0,
            12,
            2
          ],
          "texture": "#0"
        }
      }
    },
    {
      "name": "nose",
      "from": [
        7,
        3,
        2
      ],
      "to": [
        9,
        7,
        4
      ],
      "rotation": {
        "angle": 0,
        "axis": "y",
        "origin": [
          8,
          0,
          8
        ]
      },
      "faces": {
        "north": {
          "uv": [
            6.5,
            0.5,
            7,
            1.5
          ],
          "texture": "#0"
        },
        "east": {
          "uv": [
            6,
            0.5,
            6.5,
            1.5
          ],
          "texture": "#0"
        },
        "south": {
          "uv": [
            7.5,
            0.5,
            8,
            1.5
          ],
          "texture": "#0"
        },
        "west": {
          "uv": [
            7,
            0.5,
            7.5,
            1.5
          ],
          "texture": "#0"
        },
        "up": {
          "uv": [
            7,
            0.5,
            6.5,
            0
          ],
          "texture": "#0"
        },
        "down": {
          "uv": [
            7.5,
            0,
            7,
            0.5
          ],
          "texture": "#0"
        }
      }
    }
  ],
  "gui_light": "front"
}