{
  "display": {
    "thirdperson_righthand": {
      "rotation": [
        82.29,
        4.79,
        144.56
      ],
      "translation": [
        -0.5,
        1,
        1.75
      ],
      "scale": [
        0.6,
        0.6,
        0.6
      ]
    },
    "thirdperson_lefthand": {
      "rotation": [
        82.29,
        4.79,
        144.56
      ],
      "translation": [
        -0.5,
        1,
        1.75
      ],
      "scale": [
        0.6,
        0.6,
        0.6
      ]
    },
    "firstperson_righthand": {
      "rotation": [
        56.58,
        -48.07,
        -122.04
      ],
      "translation": [
        6,
        1,
        -4.5
      ],
      "scale": [
        0.68,
        0.68,
        0.68
      ]
    },
    "firstperson_lefthand": {
      "rotation": [
        56.58,
        -48.07,
        -122.04
      ],
      "translation": [
        6,
        1,
        -4.5
      ],
      "scale": [
        0.68,
        0.68,
        0.68
      ]
    },
    "ground": {
      "rotation": [
        48.38,
        -13.78,
        8.56
      ],
      "translation": [
        0,
        3.25,
        0
      ],
      "scale": [
        0.63,
        0.63,
        0.63
      ]
    },
    "gui": {
      "rotation": [
        162.45,
        -36.66,
        124.82
      ],
      "translation": [
        1.75,
        -1.5,
        0
      ],
      "scale": [
        0.9,
        0.9,
        0.9
      ]
    }
  },
  "texture_size": [
    32,
    32
  ],
  "textures": {
    "0": "civilization:item/tools/ghastly_whistle",
    "particle": "civilization:item/tools/ghastly_whistle"
  },
  "elements": [
    {
      "from": [
        6.5,
        4,
        7
      ],
      "to": [
        9.5,
        18,
        10
      ],
      "rotation": {
        "angle": 0,
        "axis": "y",
        "origin": [
          9,
          18,
          7.5
        ]
      },
      "faces": {
        "north": {
          "uv": [
            0,
            14,
            1.5,
            7
          ],
          "texture": "#0"
        },
        "east": {
          "uv": [
            6.5,
            7,
            5,
            0
          ],
          "texture": "#0"
        },
        "south": {
          "uv": [
            3.5,
            7,
            5,
            0
          ],
          "texture": "#0"
        },
        "west": {
          "uv": [
            5,
            7,
            6.5,
            0
          ],
          "texture": "#0"
        },
        "up": {
          "uv": [
            7.5,
            9,
            9,
            10.5
          ],
          "rotation": 270,
          "texture": "#0"
        },
        "down": {
          "uv": [
            6,
            10.5,
            7.5,
            9
          ],
          "rotation": 90,
          "texture": "#0"
        }
      }
    },
    {
      "from": [
        6.3,
        3.8,
        6.8
      ],
      "to": [
        9.7,
        18.2,
        10.2
      ],
      "rotation": {
        "angle": 0,
        "axis": "y",
        "origin": [
          9,
          18,
          7.5
        ]
      },
      "faces": {
        "north": {
          "uv": [
            11.5,
            16,
            13,
            9
          ],
          "texture": "#0"
        },
        "east": {
          "uv": [
            16,
            16,
            14.5,
            9
          ],
          "texture": "#0"
        },
        "south": {
          "uv": [
            13,
            16,
            14.5,
            9
          ],
          "texture": "#0"
        },
        "west": {
          "uv": [
            14.5,
            16,
            16,
            9
          ],
          "texture": "#0"
        },
        "up": {
          "uv": [
            10,
            14.5,
            11.5,
            16
          ],
          "rotation": 270,
          "texture": "#0"
        },
        "down": {
          "uv": [
            8.5,
            16,
            10,
            14.5
          ],
          "rotation": 90,
          "texture": "#0"
        }
      }
    },
    {
      "from": [
        6,
        18,
        6.5
      ],
      "to": [
        10,
        20,
        10.5
      ],
      "rotation": {
        "angle": 0,
        "axis": "y",
        "origin": [
          9,
          18,
          7.5
        ]
      },
      "faces": {
        "north": {
          "uv": [
            8.5,
            1,
            10.5,
            0
          ],
          "texture": "#0"
        },
        "east": {
          "uv": [
            6.5,
            7,
            8.5,
            6
          ],
          "texture": "#0"
        },
        "south": {
          "uv": [
            8,
            8,
            10,
            7
          ],
          "texture": "#0"
        },
        "west": {
          "uv": [
            8,
            9,
            10,
            8
          ],
          "texture": "#0"
        },
        "up": {
          "uv": [
            6.5,
            0,
            8.5,
            2
          ],
          "rotation": 270,
          "texture": "#0"
        },
        "down": {
          "uv": [
            6,
            9,
            8,
            7
          ],
          "rotation": 90,
          "texture": "#0"
        }
      }
    },
    {
      "from": [
        4.5,
        6,
        6
      ],
      "to": [
        11.5,
        13,
        9
      ],
      "rotation": {
        "angle": 0,
        "axis": "y",
        "origin": [
          9,
          0,
          7.5
        ]
      },
      "faces": {
        "north": {
          "uv": [
            0,
            3.5,
            3.5,
            7
          ],
          "texture": "#0"
        },
        "east": {
          "uv": [
            3,
            7,
            1.5,
            10.5
          ],
          "texture": "#0"
        },
        "south": {
          "uv": [
            0,
            0,
            3.5,
            3.5
          ],
          "texture": "#0"
        },
        "west": {
          "uv": [
            1.5,
            7,
            3,
            10.5
          ],
          "texture": "#0"
        },
        "up": {
          "uv": [
            4.5,
            10.5,
            3,
            7
          ],
          "rotation": 90,
          "texture": "#0"
        },
        "down": {
          "uv": [
            6,
            7,
            4.5,
            10.5
          ],
          "rotation": 270,
          "texture": "#0"
        }
      }
    },
    {
      "from": [
        8.5,
        9.14533,
        7.52619
      ],
      "to": [
        10.5,
        11.14533,
        12.52619
      ],
      "rotation": {
        "angle": 22.5,
        "axis": "x",
        "origin": [
          8,
          8.875,
          9.5
        ]
      },
      "faces": {
        "north": {
          "uv": [
            13,
            0,
            14,
            1
          ],
          "texture": "#0"
        },
        "east": {
          "uv": [
            13.5,
            2.5,
            16,
            3.5
          ],
          "texture": "#0"
        },
        "south": {
          "uv": [
            13,
            1,
            14,
            2
          ],
          "texture": "#0"
        },
        "west": {
          "uv": [
            13.5,
            3.5,
            16,
            4.5
          ],
          "texture": "#0"
        },
        "up": {
          "uv": [
            16,
            2.5,
            15,
            0
          ],
          "texture": "#0"
        },
        "down": {
          "uv": [
            15,
            0,
            14,
            2.5
          ],
          "texture": "#0"
        }
      }
    },
    {
      "from": [
        5.5,
        10.3763,
        7.62186
      ],
      "to": [
        7.5,
        12.3763,
        12.62186
      ],
      "rotation": {
        "angle": 22.5,
        "axis": "x",
        "origin": [
          8,
          9.875,
          9.5
        ]
      },
      "faces": {
        "north": {
          "uv": [
            14,
            0,
            13,
            1
          ],
          "texture": "#0"
        },
        "east": {
          "uv": [
            16,
            3.5,
            13.5,
            4.5
          ],
          "texture": "#0"
        },
        "south": {
          "uv": [
            14,
            1,
            13,
            2
          ],
          "texture": "#0"
        },
        "west": {
          "uv": [
            16,
            2.5,
            13.5,
            3.5
          ],
          "texture": "#0"
        },
        "up": {
          "uv": [
            15,
            2.5,
            16,
            0
          ],
          "texture": "#0"
        },
        "down": {
          "uv": [
            14,
            0,
            15,
            2.5
          ],
          "texture": "#0"
        }
      }
    },
    {
      "from": [
        5,
        6.3737,
        8.37814
      ],
      "to": [
        7,
        8.3737,
        13.37814
      ],
      "rotation": {
        "angle": 22.5,
        "axis": "x",
        "origin": [
          8,
          8.875,
          11.5
        ]
      },
      "faces": {
        "north": {
          "uv": [
            14,
            0,
            13,
            1
          ],
          "texture": "#0"
        },
        "east": {
          "uv": [
            16,
            3.5,
            13.5,
            4.5
          ],
          "texture": "#0"
        },
        "south": {
          "uv": [
            14,
            1,
            13,
            2
          ],
          "texture": "#0"
        },
        "west": {
          "uv": [
            16,
            2.5,
            13.5,
            3.5
          ],
          "texture": "#0"
        },
        "up": {
          "uv": [
            15,
            2.5,
            16,
            0
          ],
          "texture": "#0"
        },
        "down": {
          "uv": [
            14,
            0,
            15,
            2.5
          ],
          "texture": "#0"
        }
      }
    },
    {
      "from": [
        9,
        4.8737,
        8.37814
      ],
      "to": [
        11,
        6.8737,
        13.37814
      ],
      "rotation": {
        "angle": 22.5,
        "axis": "x",
        "origin": [
          8,
          7.375,
          11.5
        ]
      },
      "faces": {
        "north": {
          "uv": [
            13,
            0,
            14,
            1
          ],
          "texture": "#0"
        },
        "east": {
          "uv": [
            13.5,
            2.5,
            16,
            3.5
          ],
          "texture": "#0"
        },
        "south": {
          "uv": [
            13,
            1,
            14,
            2
          ],
          "texture": "#0"
        },
        "west": {
          "uv": [
            13.5,
            3.5,
            16,
            4.5
          ],
          "texture": "#0"
        },
        "up": {
          "uv": [
            16,
            2.5,
            15,
            0
          ],
          "texture": "#0"
        },
        "down": {
          "uv": [
            15,
            0,
            14,
            2.5
          ],
          "texture": "#0"
        }
      }
    },
    {
      "from": [
        6.5,
        0,
        7
      ],
      "to": [
        9.5,
        4,
        9
      ],
      "rotation": {
        "angle": 0,
        "axis": "y",
        "origin": [
          9,
          18,
          7.5
        ]
      },
      "faces": {
        "north": {
          "uv": [
            6.5,
            6,
            8,
            4
          ],
          "texture": "#0"
        },
        "east": {
          "uv": [
            9,
            6,
            8,
            4
          ],
          "texture": "#0"
        },
        "south": {
          "uv": [
            6.5,
            4,
            8,
            2
          ],
          "texture": "#0"
        },
        "west": {
          "uv": [
            8,
            6,
            9,
            4
          ],
          "texture": "#0"
        },
        "up": {
          "uv": [
            1.5,
            10.5,
            2.5,
            12
          ],
          "rotation": 270,
          "texture": "#0"
        },
        "down": {
          "uv": [
            8,
            4,
            9,
            2.5
          ],
          "rotation": 90,
          "texture": "#0"
        }
      }
    }
  ],
  "gui_light": "front"
}