{
  "display": {
    "thirdperson_righthand": {
      "rotation": [
        0,
        45,
        0
      ],
      "translation": [
        0,
        -2.5,
        1.5
      ],
      "scale": [
        0.8,
        0.8,
        0.8
      ]
    },
    "thirdperson_lefthand": {
      "rotation": [
        0,
        45,
        0
      ],
      "translation": [
        0,
        -2.5,
        1.5
      ],
      "scale": [
        0.8,
        0.8,
        0.8
      ]
    },
    "firstperson_righthand": {
      "rotation": [
        7.5,
        45,
        0
      ],
      "translation": [
        1,
        0,
        0.75
      ],
      "scale": [
        0.6,
        0.6,
        0.6
      ]
    },
    "firstperson_lefthand": {
      "rotation": [
        7.5,
        45,
        0
      ],
      "translation": [
        1,
        0,
        0.75
      ],
      "scale": [
        0.6,
        0.6,
        0.6
      ]
    },
    "ground": {
      "rotation": [
        58,
        39,
        0
      ],
      "scale": [
        0.5,
        0.5,
        0.5
      ]
    },
    "gui": {
      "rotation": [
        0,
        1,
        -45
      ],
      "translation": [
        -1.75,
        -1.75,
        0
      ],
      "scale": [
        0.65,
        0.65,
        0.65
      ]
    },
    "head": {
      "translation": [
        0,
        6.75,
        0
      ]
    },
    "fixed": {
      "rotation": [
        0,
        1,
        45
      ],
      "translation": [
        1.25,
        -1.75,
        0
      ],
      "scale": [
        0.65,
        0.65,
        0.65
      ]
    }
  },
  "texture_size": [
    64,
    64
  ],
  "textures": {
    "0": "civilization:item/tools/lich_staff",
    "particle": "civilization:item/tools/lich_staff"
  },
  "elements": [
    {
      "from": [
        7,
        -2,
        7
      ],
      "to": [
        9,
        20,
        9
      ],
      "rotation": {
        "angle": 45,
        "axis": "y",
        "origin": [
          8,
          -1,
          8
        ]
      },
      "faces": {
        "north": {
          "uv": [
            0,
            0,
            0.5,
            5.5
          ],
          "texture": "#0"
        },
        "east": {
          "uv": [
            0.5,
            0,
            1,
            5.5
          ],
          "texture": "#0"
        },
        "south": {
          "uv": [
            1,
            0,
            1.5,
            5.5
          ],
          "texture": "#0"
        },
        "west": {
          "uv": [
            1.5,
            0,
            2,
            5.5
          ],
          "texture": "#0"
        },
        "up": {
          "uv": [
            8.25,
            5.75,
            7.75,
            5.25
          ],
          "texture": "#0"
        },
        "down": {
          "uv": [
            6.25,
            7.75,
            5.75,
            8.25
          ],
          "texture": "#0"
        }
      }
    },
    {
      "from": [
        6.95,
        -2.05,
        6.95
      ],
      "to": [
        9.05,
        19.05,
        9.05
      ],
      "rotation": {
        "angle": 45,
        "axis": "y",
        "origin": [
          8,
          14,
          8
        ]
      },
      "faces": {
        "north": {
          "uv": [
            2,
            0,
            2.5,
            5.25
          ],
          "texture": "#0"
        },
        "east": {
          "uv": [
            2.5,
            0,
            3,
            5.25
          ],
          "texture": "#0"
        },
        "south": {
          "uv": [
            3,
            0,
            3.5,
            5.25
          ],
          "texture": "#0"
        },
        "west": {
          "uv": [
            3.5,
            0,
            4,
            5.25
          ],
          "texture": "#0"
        },
        "up": {
          "uv": [
            0.5,
            8.5,
            0,
            8
          ],
          "texture": "#0"
        },
        "down": {
          "uv": [
            8.5,
            0,
            8,
            0.5
          ],
          "texture": "#0"
        }
      }
    },
    {
      "from": [
        4.5,
        17,
        7
      ],
      "to": [
        6.5,
        23,
        9
      ],
      "rotation": {
        "angle": 22.5,
        "axis": "z",
        "origin": [
          5,
          19.5,
          8
        ]
      },
      "faces": {
        "north": {
          "uv": [
            1,
            5.5,
            1.5,
            7
          ],
          "texture": "#0"
        },
        "east": {
          "uv": [
            5.5,
            1,
            6,
            2.5
          ],
          "texture": "#0"
        },
        "south": {
          "uv": [
            1.5,
            5.5,
            2,
            7
          ],
          "texture": "#0"
        },
        "west": {
          "uv": [
            5.5,
            2.5,
            6,
            4
          ],
          "texture": "#0"
        },
        "up": {
          "uv": [
            8.5,
            7.25,
            8,
            6.75
          ],
          "texture": "#0"
        },
        "down": {
          "uv": [
            8.5,
            7.25,
            8,
            7.75
          ],
          "texture": "#0"
        }
      }
    },
    {
      "from": [
        2.7961,
        10.45672,
        8
      ],
      "to": [
        5.7961,
        17.45672,
        8
      ],
      "rotation": {
        "angle": -45,
        "axis": "z",
        "origin": [
          7.2961,
          13.95672,
          8
        ]
      },
      "faces": {
        "north": {
          "uv": [
            4,
            0,
            4.75,
            1.75
          ],
          "texture": "#0"
        },
        "east": {
          "uv": [
            0,
            0,
            0,
            1.75
          ],
          "texture": "#0"
        },
        "south": {
          "uv": [
            4,
            1.75,
            4.75,
            3.5
          ],
          "texture": "#0"
        },
        "west": {
          "uv": [
            0,
            0,
            0,
            1.75
          ],
          "texture": "#0"
        },
        "up": {
          "uv": [
            0.75,
            0,
            0,
            0
          ],
          "texture": "#0"
        },
        "down": {
          "uv": [
            0.75,
            0,
            0,
            0
          ],
          "texture": "#0"
        }
      }
    },
    {
      "from": [
        10.2039,
        10.45672,
        8
      ],
      "to": [
        13.2039,
        17.45672,
        8
      ],
      "rotation": {
        "angle": 45,
        "axis": "z",
        "origin": [
          8.7039,
          13.95672,
          8
        ]
      },
      "faces": {
        "north": {
          "uv": [
            4,
            3.5,
            4.75,
            5.25
          ],
          "texture": "#0"
        },
        "east": {
          "uv": [
            0,
            0,
            0,
            1.75
          ],
          "texture": "#0"
        },
        "south": {
          "uv": [
            4.75,
            0,
            5.5,
            1.75
          ],
          "texture": "#0"
        },
        "west": {
          "uv": [
            0,
            0,
            0,
            1.75
          ],
          "texture": "#0"
        },
        "up": {
          "uv": [
            0.75,
            0,
            0,
            0
          ],
          "texture": "#0"
        },
        "down": {
          "uv": [
            0.75,
            0,
            0,
            0
          ],
          "texture": "#0"
        }
      }
    },
    {
      "from": [
        8,
        10.58031,
        4.50227
      ],
      "to": [
        8,
        17.58031,
        7.50227
      ],
      "rotation": {
        "angle": 45,
        "axis": "x",
        "origin": [
          8,
          16.07804,
          8
        ]
      },
      "faces": {
        "north": {
          "uv": [
            0,
            0,
            0,
            1.75
          ],
          "texture": "#0"
        },
        "east": {
          "uv": [
            4.75,
            1.75,
            5.5,
            3.5
          ],
          "texture": "#0"
        },
        "south": {
          "uv": [
            0,
            0,
            0,
            1.75
          ],
          "texture": "#0"
        },
        "west": {
          "uv": [
            4.75,
            3.5,
            5.5,
            5.25
          ],
          "texture": "#0"
        },
        "up": {
          "uv": [
            0,
            0.75,
            0,
            0
          ],
          "texture": "#0"
        },
        "down": {
          "uv": [
            0,
            0,
            0,
            0.75
          ],
          "texture": "#0"
        }
      }
    },
    {
      "from": [
        8,
        10.58031,
        8.49773
      ],
      "to": [
        8,
        17.58031,
        11.49773
      ],
      "rotation": {
        "angle": -45,
        "axis": "x",
        "origin": [
          8,
          16.07804,
          8
        ]
      },
      "faces": {
        "north": {
          "uv": [
            0,
            0,
            0,
            1.75
          ],
          "texture": "#0"
        },
        "east": {
          "uv": [
            2,
            5.25,
            2.75,
            7
          ],
          "texture": "#0"
        },
        "south": {
          "uv": [
            0,
            0,
            0,
            1.75
          ],
          "texture": "#0"
        },
        "west": {
          "uv": [
            2.75,
            5.25,
            3.5,
            7
          ],
          "texture": "#0"
        },
        "up": {
          "uv": [
            0,
            0.75,
            0,
            0
          ],
          "texture": "#0"
        },
        "down": {
          "uv": [
            0,
            0,
            0,
            0.75
          ],
          "texture": "#0"
        }
      }
    },
    {
      "from": [
        9.5,
        17,
        7
      ],
      "to": [
        11.5,
        23,
        9
      ],
      "rotation": {
        "angle": -22.5,
        "axis": "z",
        "origin": [
          11,
          19.5,
          8
        ]
      },
      "faces": {
        "north": {
          "uv": [
            5.5,
            4,
            6,
            5.5
          ],
          "texture": "#0"
        },
        "east": {
          "uv": [
            5.5,
            5.5,
            6,
            7
          ],
          "texture": "#0"
        },
        "south": {
          "uv": [
            6,
            1,
            6.5,
            2.5
          ],
          "texture": "#0"
        },
        "west": {
          "uv": [
            6,
            2.5,
            6.5,
            4
          ],
          "texture": "#0"
        },
        "up": {
          "uv": [
            8.5,
            8.25,
            8,
            7.75
          ],
          "texture": "#0"
        },
        "down": {
          "uv": [
            1,
            8.25,
            0.5,
            8.75
          ],
          "texture": "#0"
        }
      }
    },
    {
      "from": [
        7,
        18.21838,
        4.37481
      ],
      "to": [
        9,
        24.21838,
        6.37481
      ],
      "rotation": {
        "angle": -22.5,
        "axis": "x",
        "origin": [
          8,
          20.42388,
          8
        ]
      },
      "faces": {
        "north": {
          "uv": [
            4.5,
            6.25,
            5,
            7.75
          ],
          "texture": "#0"
        },
        "east": {
          "uv": [
            5,
            6.25,
            5.5,
            7.75
          ],
          "texture": "#0"
        },
        "south": {
          "uv": [
            0,
            6.5,
            0.5,
            8
          ],
          "texture": "#0"
        },
        "west": {
          "uv": [
            6.5,
            0,
            7,
            1.5
          ],
          "texture": "#0"
        },
        "up": {
          "uv": [
            8.75,
            2,
            8.25,
            1.5
          ],
          "texture": "#0"
        },
        "down": {
          "uv": [
            2.5,
            8.25,
            2,
            8.75
          ],
          "texture": "#0"
        }
      }
    },
    {
      "from": [
        6.99,
        22.38579,
        3.24933
      ],
      "to": [
        9.01,
        23.40579,
        6.26933
      ],
      "rotation": {
        "angle": -45,
        "axis": "x",
        "origin": [
          8,
          22.89579,
          4.25933
        ]
      },
      "faces": {
        "north": {
          "uv": [
            5.25,
            8.25,
            5.75,
            8.5
          ],
          "texture": "#0"
        },
        "east": {
          "uv": [
            8.25,
            2,
            9,
            2.25
          ],
          "texture": "#0"
        },
        "south": {
          "uv": [
            8.25,
            5.25,
            8.75,
            5.5
          ],
          "texture": "#0"
        },
        "west": {
          "uv": [
            3.5,
            8.25,
            4.25,
            8.5
          ],
          "texture": "#0"
        },
        "up": {
          "uv": [
            8,
            6.75,
            7.5,
            6
          ],
          "texture": "#0"
        },
        "down": {
          "uv": [
            8,
            6.75,
            7.5,
            7.5
          ],
          "texture": "#0"
        }
      }
    },
    {
      "from": [
        6.99,
        22.38579,
        9.73067
      ],
      "to": [
        9.01,
        23.40579,
        12.75067
      ],
      "rotation": {
        "angle": 45,
        "axis": "x",
        "origin": [
          8,
          22.89579,
          11.74067
        ]
      },
      "faces": {
        "north": {
          "uv": [
            8.25,
            5.5,
            8.75,
            5.75
          ],
          "texture": "#0"
        },
        "east": {
          "uv": [
            8.25,
            3.75,
            9,
            4
          ],
          "texture": "#0"
        },
        "south": {
          "uv": [
            5.75,
            8.25,
            6.25,
            8.5
          ],
          "texture": "#0"
        },
        "west": {
          "uv": [
            8.25,
            4,
            9,
            4.25
          ],
          "texture": "#0"
        },
        "up": {
          "uv": [
            8,
            8.25,
            7.5,
            7.5
          ],
          "texture": "#0"
        },
        "down": {
          "uv": [
            8.25,
            1.5,
            7.75,
            2.25
          ],
          "texture": "#0"
        }
      }
    },
    {
      "from": [
        4.45703,
        25.30144,
        6.99
      ],
      "to": [
        7.47703,
        26.32144,
        9.01
      ],
      "rotation": {
        "angle": 45,
        "axis": "z",
        "origin": [
          8.38268,
          22.89579,
          8
        ]
      },
      "faces": {
        "north": {
          "uv": [
            8.25,
            4.75,
            9,
            5
          ],
          "texture": "#0"
        },
        "east": {
          "uv": [
            7.25,
            8.25,
            7.75,
            8.5
          ],
          "texture": "#0"
        },
        "south": {
          "uv": [
            8.25,
            5,
            9,
            5.25
          ],
          "texture": "#0"
        },
        "west": {
          "uv": [
            7.75,
            8.25,
            8.25,
            8.5
          ],
          "texture": "#0"
        },
        "up": {
          "uv": [
            8.5,
            3.75,
            7.75,
            3.25
          ],
          "texture": "#0"
        },
        "down": {
          "uv": [
            4.25,
            7.75,
            3.5,
            8.25
          ],
          "texture": "#0"
        }
      }
    },
    {
      "from": [
        8.52297,
        25.30144,
        6.99
      ],
      "to": [
        11.54297,
        26.32144,
        9.01
      ],
      "rotation": {
        "angle": -45,
        "axis": "z",
        "origin": [
          7.61732,
          22.89579,
          8
        ]
      },
      "faces": {
        "north": {
          "uv": [
            8.25,
            4.25,
            9,
            4.5
          ],
          "texture": "#0"
        },
        "east": {
          "uv": [
            6.25,
            8.25,
            6.75,
            8.5
          ],
          "texture": "#0"
        },
        "south": {
          "uv": [
            8.25,
            4.5,
            9,
            4.75
          ],
          "texture": "#0"
        },
        "west": {
          "uv": [
            6.75,
            8.25,
            7.25,
            8.5
          ],
          "texture": "#0"
        },
        "up": {
          "uv": [
            8.5,
            2.75,
            7.75,
            2.25
          ],
          "texture": "#0"
        },
        "down": {
          "uv": [
            8.5,
            2.75,
            7.75,
            3.25
          ],
          "texture": "#0"
        }
      }
    },
    {
      "from": [
        7,
        18.21838,
        9.62519
      ],
      "to": [
        9,
        24.21838,
        11.62519
      ],
      "rotation": {
        "angle": 22.5,
        "axis": "x",
        "origin": [
          8,
          20.42388,
          8
        ]
      },
      "faces": {
        "north": {
          "uv": [
            6,
            4,
            6.5,
            5.5
          ],
          "texture": "#0"
        },
        "east": {
          "uv": [
            6,
            5.5,
            6.5,
            7
          ],
          "texture": "#0"
        },
        "south": {
          "uv": [
            3.5,
            6.25,
            4,
            7.75
          ],
          "texture": "#0"
        },
        "west": {
          "uv": [
            4,
            6.25,
            4.5,
            7.75
          ],
          "texture": "#0"
        },
        "up": {
          "uv": [
            1.5,
            8.75,
            1,
            8.25
          ],
          "texture": "#0"
        },
        "down": {
          "uv": [
            2,
            8.25,
            1.5,
            8.75
          ],
          "texture": "#0"
        }
      }
    },
    {
      "from": [
        7.01,
        -4.11698,
        6.20344
      ],
      "to": [
        8.99,
        -1.13698,
        8.18344
      ],
      "rotation": {
        "angle": 22.5,
        "axis": "x",
        "origin": [
          8,
          -2.08579,
          8
        ]
      },
      "faces": {
        "north": {
          "uv": [
            7.25,
            1.5,
            7.75,
            2.25
          ],
          "texture": "#0"
        },
        "east": {
          "uv": [
            7.25,
            2.25,
            7.75,
            3
          ],
          "texture": "#0"
        },
        "south": {
          "uv": [
            7.25,
            3,
            7.75,
            3.75
          ],
          "texture": "#0"
        },
        "west": {
          "uv": [
            7.25,
            3.75,
            7.75,
            4.5
          ],
          "texture": "#0"
        },
        "up": {
          "uv": [
            6.75,
            8.25,
            6.25,
            7.75
          ],
          "texture": "#0"
        },
        "down": {
          "uv": [
            7.25,
            7.75,
            6.75,
            8.25
          ],
          "texture": "#0"
        }
      }
    },
    {
      "from": [
        7.01,
        -4.11698,
        7.81656
      ],
      "to": [
        8.99,
        -1.13698,
        9.79656
      ],
      "rotation": {
        "angle": -22.5,
        "axis": "x",
        "origin": [
          8,
          -2.08579,
          8
        ]
      },
      "faces": {
        "north": {
          "uv": [
            7.25,
            4.5,
            7.75,
            5.25
          ],
          "texture": "#0"
        },
        "east": {
          "uv": [
            7.25,
            5.25,
            7.75,
            6
          ],
          "texture": "#0"
        },
        "south": {
          "uv": [
            0.5,
            7.5,
            1,
            8.25
          ],
          "texture": "#0"
        },
        "west": {
          "uv": [
            1,
            7.5,
            1.5,
            8.25
          ],
          "texture": "#0"
        },
        "up": {
          "uv": [
            8.5,
            1,
            8,
            0.5
          ],
          "texture": "#0"
        },
        "down": {
          "uv": [
            8.5,
            1,
            8,
            1.5
          ],
          "texture": "#0"
        }
      }
    },
    {
      "from": [
        6.20344,
        -4.11698,
        7.01
      ],
      "to": [
        8.18344,
        -1.13698,
        8.99
      ],
      "rotation": {
        "angle": -22.5,
        "axis": "z",
        "origin": [
          8,
          -2.08579,
          8
        ]
      },
      "faces": {
        "north": {
          "uv": [
            5.5,
            7,
            6,
            7.75
          ],
          "texture": "#0"
        },
        "east": {
          "uv": [
            6,
            7,
            6.5,
            7.75
          ],
          "texture": "#0"
        },
        "south": {
          "uv": [
            6.5,
            7,
            7,
            7.75
          ],
          "texture": "#0"
        },
        "west": {
          "uv": [
            7,
            7,
            7.5,
            7.75
          ],
          "texture": "#0"
        },
        "up": {
          "uv": [
            1,
            7,
            0.5,
            6.5
          ],
          "texture": "#0"
        },
        "down": {
          "uv": [
            5.75,
            7.75,
            5.25,
            8.25
          ],
          "texture": "#0"
        }
      }
    },
    {
      "from": [
        7.81656,
        -4.11698,
        7.01
      ],
      "to": [
        9.79656,
        -1.13698,
        8.99
      ],
      "rotation": {
        "angle": 22.5,
        "axis": "z",
        "origin": [
          8,
          -2.08579,
          8
        ]
      },
      "faces": {
        "north": {
          "uv": [
            1.5,
            7.5,
            2,
            8.25
          ],
          "texture": "#0"
        },
        "east": {
          "uv": [
            2,
            7.5,
            2.5,
            8.25
          ],
          "texture": "#0"
        },
        "south": {
          "uv": [
            2.5,
            7.5,
            3,
            8.25
          ],
          "texture": "#0"
        },
        "west": {
          "uv": [
            3,
            7.5,
            3.5,
            8.25
          ],
          "texture": "#0"
        },
        "up": {
          "uv": [
            8.5,
            6.25,
            8,
            5.75
          ],
          "texture": "#0"
        },
        "down": {
          "uv": [
            8.5,
            6.25,
            8,
            6.75
          ],
          "texture": "#0"
        }
      }
    },
    {
      "from": [
        6,
        18.5,
        6
      ],
      "to": [
        10,
        20.5,
        10
      ],
      "rotation": {
        "angle": 45,
        "axis": "y",
        "origin": [
          8,
          14,
          8
        ]
      },
      "faces": {
        "north": {
          "uv": [
            6.5,
            6,
            7.5,
            6.5
          ],
          "texture": "#0"
        },
        "east": {
          "uv": [
            6.5,
            6.5,
            7.5,
            7
          ],
          "texture": "#0"
        },
        "south": {
          "uv": [
            7,
            0,
            8,
            0.5
          ],
          "texture": "#0"
        },
        "west": {
          "uv": [
            0.5,
            7,
            1.5,
            7.5
          ],
          "texture": "#0"
        },
        "up": {
          "uv": [
            4.5,
            6.25,
            3.5,
            5.25
          ],
          "texture": "#0"
        },
        "down": {
          "uv": [
            5.5,
            5.25,
            4.5,
            6.25
          ],
          "texture": "#0"
        }
      }
    },
    {
      "from": [
        6,
        -1,
        6
      ],
      "to": [
        10,
        1,
        10
      ],
      "rotation": {
        "angle": 45,
        "axis": "y",
        "origin": [
          8,
          2,
          8
        ]
      },
      "faces": {
        "north": {
          "uv": [
            7,
            0.5,
            8,
            1
          ],
          "texture": "#0"
        },
        "east": {
          "uv": [
            7,
            1,
            8,
            1.5
          ],
          "texture": "#0"
        },
        "south": {
          "uv": [
            1.5,
            7,
            2.5,
            7.5
          ],
          "texture": "#0"
        },
        "west": {
          "uv": [
            2.5,
            7,
            3.5,
            7.5
          ],
          "texture": "#0"
        },
        "up": {
          "uv": [
            1,
            6.5,
            0,
            5.5
          ],
          "texture": "#0"
        },
        "down": {
          "uv": [
            6.5,
            0,
            5.5,
            1
          ],
          "texture": "#0"
        }
      }
    },
    {
      "from": [
        6.5,
        23.5,
        7.5
      ],
      "to": [
        9.5,
        26.5,
        10.5
      ],
      "rotation": {
        "angle": 45,
        "axis": "x",
        "origin": [
          8,
          26,
          8
        ]
      },
      "faces": {
        "north": {
          "uv": [
            6.5,
            1.5,
            7.25,
            2.25
          ],
          "texture": "#0"
        },
        "east": {
          "uv": [
            6.5,
            2.25,
            7.25,
            3
          ],
          "texture": "#0"
        },
        "south": {
          "uv": [
            6.5,
            3,
            7.25,
            3.75
          ],
          "texture": "#0"
        },
        "west": {
          "uv": [
            6.5,
            3.75,
            7.25,
            4.5
          ],
          "texture": "#0"
        },
        "up": {
          "uv": [
            7.25,
            5.25,
            6.5,
            4.5
          ],
          "texture": "#0"
        },
        "down": {
          "uv": [
            7.25,
            5.25,
            6.5,
            6
          ],
          "texture": "#0"
        }
      }
    },
    {
      "from": [
        7,
        -5,
        7
      ],
      "to": [
        9,
        -2,
        9
      ],
      "rotation": {
        "angle": 0,
        "axis": "y",
        "origin": [
          8.5,
          26,
          6.5
        ]
      },
      "faces": {
        "north": {
          "uv": [
            7.75,
            3.75,
            8.25,
            4.5
          ],
          "texture": "#0"
        },
        "east": {
          "uv": [
            4.25,
            7.75,
            4.75,
            8.5
          ],
          "texture": "#0"
        },
        "south": {
          "uv": [
            7.75,
            4.5,
            8.25,
            5.25
          ],
          "texture": "#0"
        },
        "west": {
          "uv": [
            4.75,
            7.75,
            5.25,
            8.5
          ],
          "texture": "#0"
        },
        "up": {
          "uv": [
            3,
            8.75,
            2.5,
            8.25
          ],
          "texture": "#0"
        },
        "down": {
          "uv": [
            3.5,
            8.25,
            3,
            8.75
          ],
          "texture": "#0"
        }
      }
    }
  ],
  "gui_light": "front"
}