{
  "display": {
    "thirdperson_righthand": {
      "translation": [
        0,
        -1.5,
        0.25
      ],
      "scale": [
        0.9,
        0.9,
        0.9
      ]
    },
    "thirdperson_lefthand": {
      "translation": [
        0,
        -1.5,
        0.25
      ],
      "scale": [
        0.9,
        0.9,
        0.9
      ]
    },
    "firstperson_righthand": {
      "rotation": [
        -10,
        0,
        0
      ],
      "translation": [
        3,
        0,
        0
      ],
      "scale": [
        0.6,
        0.6,
        0.6
      ]
    },
    "firstperson_lefthand": {
      "rotation": [
        -10,
        0,
        0
      ],
      "translation": [
        3,
        0,
        0
      ],
      "scale": [
        0.6,
        0.6,
        0.6
      ]
    },
    "ground": {
      "rotation": [
        67,
        74,
        0
      ],
      "scale": [
        0.5,
        0.5,
        0.5
      ]
    },
    "gui": {
      "rotation": [
        90,
        45,
        -90
      ],
      "translation": [
        -1.75,
        -1.25,
        0
      ],
      "scale": [
        0.7,
        0.7,
        0.7
      ]
    },
    "head": {
      "translation": [
        0,
        4.75,
        0
      ]
    },
    "fixed": {
      "rotation": [
        90,
        -45,
        90
      ],
      "translation": [
        2,
        -1.75,
        -1
      ],
      "scale": [
        0.9,
        0.9,
        0.9
      ]
    }
  },
  "texture_size": [
    32,
    32
  ],
  "textures": {
    "0": "civilization:item/tools/sickles",
    "particle": "civilization:item/tools/sickles"
  },
  "elements": [
    {
      "from": [
        7,
        1,
        7.5
      ],
      "to": [
        9,
        16,
        9.5
      ],
      "rotation": {
        "angle": 0,
        "axis": "y",
        "origin": [
          8,
          1,
          8
        ]
      },
      "faces": {
        "north": {
          "uv": [
            0,
            0,
            1,
            7.5
          ],
          "texture": "#0"
        },
        "east": {
          "uv": [
            1,
            0,
            2,
            7.5
          ],
          "texture": "#0"
        },
        "south": {
          "uv": [
            2,
            0,
            3,
            7.5
          ],
          "texture": "#0"
        },
        "west": {
          "uv": [
            3,
            0,
            4,
            7.5
          ],
          "texture": "#0"
        },
        "up": {
          "uv": [
            2.5,
            13.5,
            1.5,
            12.5
          ],
          "texture": "#0"
        },
        "down": {
          "uv": [
            3.5,
            12.5,
            2.5,
            13.5
          ],
          "texture": "#0"
        }
      }
    },
    {
      "from": [
        6.99,
        4.99,
        7.49
      ],
      "to": [
        9.01,
        11.01,
        9.51
      ],
      "rotation": {
        "angle": 0,
        "axis": "y",
        "origin": [
          8,
          8.5,
          8.5
        ]
      },
      "faces": {
        "north": {
          "uv": [
            0,
            9.5,
            1,
            12.5
          ],
          "texture": "#0"
        },
        "east": {
          "uv": [
            1,
            9.5,
            2,
            12.5
          ],
          "texture": "#0"
        },
        "south": {
          "uv": [
            2,
            9.5,
            3,
            12.5
          ],
          "texture": "#0"
        },
        "west": {
          "uv": [
            3,
            9.5,
            4,
            12.5
          ],
          "texture": "#0"
        },
        "up": {
          "uv": [
            9.5,
            13.5,
            8.5,
            12.5
          ],
          "texture": "#0"
        },
        "down": {
          "uv": [
            11.5,
            12.5,
            10.5,
            13.5
          ],
          "texture": "#0"
        }
      }
    },
    {
      "from": [
        6.5,
        3,
        7
      ],
      "to": [
        9.5,
        5,
        10
      ],
      "rotation": {
        "angle": 0,
        "axis": "y",
        "origin": [
          8,
          1,
          8
        ]
      },
      "faces": {
        "north": {
          "uv": [
            5,
            11.5,
            6.5,
            12.5
          ],
          "texture": "#0"
        },
        "east": {
          "uv": [
            11.5,
            7,
            13,
            8
          ],
          "texture": "#0"
        },
        "south": {
          "uv": [
            11.5,
            8,
            13,
            9
          ],
          "texture": "#0"
        },
        "west": {
          "uv": [
            11.5,
            9,
            13,
            10
          ],
          "texture": "#0"
        },
        "up": {
          "uv": [
            11.5,
            1.5,
            10,
            0
          ],
          "texture": "#0"
        },
        "down": {
          "uv": [
            11.5,
            7,
            10,
            8.5
          ],
          "texture": "#0"
        }
      }
    },
    {
      "from": [
        6.5,
        10,
        7
      ],
      "to": [
        9.5,
        12,
        10
      ],
      "rotation": {
        "angle": 0,
        "axis": "y",
        "origin": [
          8,
          1,
          8
        ]
      },
      "faces": {
        "north": {
          "uv": [
            11.5,
            10,
            13,
            11
          ],
          "texture": "#0"
        },
        "east": {
          "uv": [
            10.5,
            11.5,
            12,
            12.5
          ],
          "texture": "#0"
        },
        "south": {
          "uv": [
            12,
            5.5,
            13.5,
            6.5
          ],
          "texture": "#0"
        },
        "west": {
          "uv": [
            12,
            11,
            13.5,
            12
          ],
          "texture": "#0"
        },
        "up": {
          "uv": [
            11.5,
            10,
            10,
            8.5
          ],
          "texture": "#0"
        },
        "down": {
          "uv": [
            11.5,
            10,
            10,
            11.5
          ],
          "texture": "#0"
        }
      }
    },
    {
      "from": [
        7.52,
        15.02,
        2.52
      ],
      "to": [
        8.48,
        15.98,
        8.48
      ],
      "rotation": {
        "angle": -22.5,
        "axis": "x",
        "origin": [
          8,
          15.65901,
          3.57322
        ]
      },
      "faces": {
        "north": {
          "uv": [
            9.5,
            11,
            10,
            11.5
          ],
          "texture": "#0"
        },
        "east": {
          "uv": [
            11,
            4.5,
            14,
            5
          ],
          "texture": "#0"
        },
        "south": {
          "uv": [
            11.5,
            11,
            12,
            11.5
          ],
          "texture": "#0"
        },
        "west": {
          "uv": [
            11,
            5,
            14,
            5.5
          ],
          "texture": "#0"
        },
        "up": {
          "uv": [
            7,
            13.5,
            6.5,
            10.5
          ],
          "texture": "#0"
        },
        "down": {
          "uv": [
            8.5,
            11,
            8,
            14
          ],
          "texture": "#0"
        }
      }
    },
    {
      "from": [
        7,
        18,
        5
      ],
      "to": [
        9,
        21,
        6
      ],
      "rotation": {
        "angle": 22.5,
        "axis": "x",
        "origin": [
          8,
          19.5,
          5
        ]
      },
      "faces": {
        "north": {
          "uv": [
            8.5,
            11,
            9.5,
            12.5
          ],
          "texture": "#0"
        },
        "east": {
          "uv": [
            7.5,
            13,
            8,
            14.5
          ],
          "texture": "#0"
        },
        "south": {
          "uv": [
            11.5,
            0,
            12.5,
            1.5
          ],
          "texture": "#0"
        },
        "west": {
          "uv": [
            13,
            9,
            13.5,
            10.5
          ],
          "texture": "#0"
        },
        "up": {
          "uv": [
            11,
            2,
            10,
            1.5
          ],
          "texture": "#0"
        },
        "down": {
          "uv": [
            12,
            5.5,
            11,
            6
          ],
          "texture": "#0"
        }
      }
    },
    {
      "from": [
        7,
        16,
        3.5
      ],
      "to": [
        9,
        19,
        4.5
      ],
      "rotation": {
        "angle": 22.5,
        "axis": "x",
        "origin": [
          8,
          19.5,
          5
        ]
      },
      "faces": {
        "north": {
          "uv": [
            7,
            11.5,
            8,
            13
          ],
          "texture": "#0"
        },
        "east": {
          "uv": [
            9.5,
            13,
            10,
            14.5
          ],
          "texture": "#0"
        },
        "south": {
          "uv": [
            9.5,
            11.5,
            10.5,
            13
          ],
          "texture": "#0"
        },
        "west": {
          "uv": [
            10,
            13,
            10.5,
            14.5
          ],
          "texture": "#0"
        },
        "up": {
          "uv": [
            13.5,
            4.5,
            12.5,
            4
          ],
          "texture": "#0"
        },
        "down": {
          "uv": [
            14,
            2,
            13,
            2.5
          ],
          "texture": "#0"
        }
      }
    },
    {
      "from": [
        7.52,
        12.57546,
        3.17901
      ],
      "to": [
        8.48,
        16.53546,
        4.13901
      ],
      "rotation": {
        "angle": 22.5,
        "axis": "x",
        "origin": [
          8,
          15.65901,
          3.57322
        ]
      },
      "faces": {
        "north": {
          "uv": [
            4.5,
            12.5,
            5,
            14.5
          ],
          "texture": "#0"
        },
        "east": {
          "uv": [
            5,
            12.5,
            5.5,
            14.5
          ],
          "texture": "#0"
        },
        "south": {
          "uv": [
            5.5,
            12.5,
            6,
            14.5
          ],
          "texture": "#0"
        },
        "west": {
          "uv": [
            6,
            12.5,
            6.5,
            14.5
          ],
          "texture": "#0"
        },
        "up": {
          "uv": [
            13.5,
            3,
            13,
            2.5
          ],
          "texture": "#0"
        },
        "down": {
          "uv": [
            13.5,
            10.5,
            13,
            11
          ],
          "texture": "#0"
        }
      }
    },
    {
      "from": [
        7.5,
        17,
        2.5
      ],
      "to": [
        8.5,
        18,
        8.5
      ],
      "rotation": {
        "angle": -22.5,
        "axis": "x",
        "origin": [
          8,
          15.65901,
          3.57322
        ]
      },
      "faces": {
        "north": {
          "uv": [
            13.5,
            2.5,
            14,
            3
          ],
          "texture": "#0"
        },
        "east": {
          "uv": [
            12,
            6.5,
            15,
            7
          ],
          "texture": "#0"
        },
        "south": {
          "uv": [
            3,
            13.5,
            3.5,
            14
          ],
          "texture": "#0"
        },
        "west": {
          "uv": [
            12,
            12,
            15,
            12.5
          ],
          "texture": "#0"
        },
        "up": {
          "uv": [
            0.5,
            15.5,
            0,
            12.5
          ],
          "texture": "#0"
        },
        "down": {
          "uv": [
            13,
            0,
            12.5,
            3
          ],
          "texture": "#0"
        }
      }
    },
    {
      "from": [
        7.5,
        12.55546,
        1.15901
      ],
      "to": [
        8.5,
        16.55546,
        2.15901
      ],
      "rotation": {
        "angle": 22.5,
        "axis": "x",
        "origin": [
          8,
          15.65901,
          3.57322
        ]
      },
      "faces": {
        "north": {
          "uv": [
            11.5,
            12.5,
            12,
            14.5
          ],
          "texture": "#0"
        },
        "east": {
          "uv": [
            12,
            12.5,
            12.5,
            14.5
          ],
          "texture": "#0"
        },
        "south": {
          "uv": [
            12.5,
            12.5,
            13,
            14.5
          ],
          "texture": "#0"
        },
        "west": {
          "uv": [
            13,
            0,
            13.5,
            2
          ],
          "texture": "#0"
        },
        "up": {
          "uv": [
            2.5,
            14,
            2,
            13.5
          ],
          "texture": "#0"
        },
        "down": {
          "uv": [
            3,
            13.5,
            2.5,
            14
          ],
          "texture": "#0"
        }
      }
    },
    {
      "from": [
        7.51,
        12.56546,
        1.16901
      ],
      "to": [
        8.49,
        16.54546,
        3.14901
      ],
      "rotation": {
        "angle": 22.5,
        "axis": "x",
        "origin": [
          8,
          15.65901,
          3.57322
        ]
      },
      "faces": {
        "north": {
          "uv": [
            7,
            13,
            7.5,
            15
          ],
          "texture": "#0"
        },
        "east": {
          "uv": [
            7,
            9.5,
            8,
            11.5
          ],
          "texture": "#0"
        },
        "south": {
          "uv": [
            13,
            7,
            13.5,
            9
          ],
          "texture": "#0"
        },
        "west": {
          "uv": [
            4,
            10.5,
            5,
            12.5
          ],
          "texture": "#0"
        },
        "up": {
          "uv": [
            14,
            2,
            13.5,
            1
          ],
          "texture": "#0"
        },
        "down": {
          "uv": [
            2,
            13.5,
            1.5,
            14.5
          ],
          "texture": "#0"
        }
      }
    },
    {
      "from": [
        7.51,
        16.01,
        2.51
      ],
      "to": [
        8.49,
        17.99,
        8.49
      ],
      "rotation": {
        "angle": -22.5,
        "axis": "x",
        "origin": [
          8,
          15.65901,
          3.57322
        ]
      },
      "faces": {
        "north": {
          "uv": [
            13,
            12.5,
            13.5,
            13.5
          ],
          "texture": "#0"
        },
        "east": {
          "uv": [
            9,
            6,
            12,
            7
          ],
          "texture": "#0"
        },
        "south": {
          "uv": [
            13.5,
            0,
            14,
            1
          ],
          "texture": "#0"
        },
        "west": {
          "uv": [
            4,
            9.5,
            7,
            10.5
          ],
          "texture": "#0"
        },
        "up": {
          "uv": [
            1,
            15.5,
            0.5,
            12.5
          ],
          "texture": "#0"
        },
        "down": {
          "uv": [
            1.5,
            12.5,
            1,
            15.5
          ],
          "texture": "#0"
        }
      }
    },
    {
      "from": [
        8,
        14,
        2.5
      ],
      "to": [
        8,
        18,
        8.5
      ],
      "rotation": {
        "angle": -22.5,
        "axis": "x",
        "origin": [
          8,
          15.65901,
          3.57322
        ]
      },
      "faces": {
        "north": {
          "uv": [
            0,
            0,
            0,
            2
          ],
          "texture": "#0"
        },
        "east": {
          "uv": [
            4,
            5,
            7,
            7
          ],
          "texture": "#0"
        },
        "south": {
          "uv": [
            0,
            0,
            0,
            2
          ],
          "texture": "#0"
        },
        "west": {
          "uv": [
            7,
            0,
            10,
            2
          ],
          "texture": "#0"
        },
        "up": {
          "uv": [
            0,
            3,
            0,
            0
          ],
          "texture": "#0"
        },
        "down": {
          "uv": [
            0,
            0,
            0,
            3
          ],
          "texture": "#0"
        }
      }
    },
    {
      "from": [
        8,
        11.55546,
        1.15901
      ],
      "to": [
        8,
        16.55546,
        5.15901
      ],
      "rotation": {
        "angle": 22.5,
        "axis": "x",
        "origin": [
          8,
          15.65901,
          3.57322
        ]
      },
      "faces": {
        "north": {
          "uv": [
            0,
            0,
            0,
            2.5
          ],
          "texture": "#0"
        },
        "east": {
          "uv": [
            7,
            4.5,
            9,
            7
          ],
          "texture": "#0"
        },
        "south": {
          "uv": [
            0,
            0,
            0,
            2.5
          ],
          "texture": "#0"
        },
        "west": {
          "uv": [
            6,
            7,
            8,
            9.5
          ],
          "texture": "#0"
        },
        "up": {
          "uv": [
            0,
            2,
            0,
            0
          ],
          "texture": "#0"
        },
        "down": {
          "uv": [
            0,
            0,
            0,
            2
          ],
          "texture": "#0"
        }
      }
    },
    {
      "from": [
        8,
        -3,
        6.5
      ],
      "to": [
        8,
        2,
        10.5
      ],
      "rotation": {
        "angle": 0,
        "axis": "y",
        "origin": [
          7,
          13.10355,
          5.91421
        ]
      },
      "faces": {
        "north": {
          "uv": [
            0,
            0,
            0,
            2.5
          ],
          "texture": "#0"
        },
        "east": {
          "uv": [
            7,
            2,
            9,
            4.5
          ],
          "texture": "#0"
        },
        "south": {
          "uv": [
            0,
            0,
            0,
            2.5
          ],
          "texture": "#0"
        },
        "west": {
          "uv": [
            4,
            7,
            6,
            9.5
          ],
          "texture": "#0"
        },
        "up": {
          "uv": [
            0,
            2,
            0,
            0
          ],
          "texture": "#0"
        },
        "down": {
          "uv": [
            0,
            0,
            0,
            2
          ],
          "texture": "#0"
        }
      }
    },
    {
      "from": [
        6,
        16,
        7
      ],
      "to": [
        10,
        20,
        11
      ],
      "rotation": {
        "angle": 0,
        "axis": "y",
        "origin": [
          8,
          16.63373,
          9.57769
        ]
      },
      "faces": {
        "north": {
          "uv": [
            0,
            7.5,
            2,
            9.5
          ],
          "texture": "#0"
        },
        "east": {
          "uv": [
            2,
            7.5,
            4,
            9.5
          ],
          "texture": "#0"
        },
        "south": {
          "uv": [
            8,
            7,
            10,
            9
          ],
          "texture": "#0"
        },
        "west": {
          "uv": [
            9,
            2,
            11,
            4
          ],
          "texture": "#0"
        },
        "up": {
          "uv": [
            11,
            6,
            9,
            4
          ],
          "texture": "#0"
        },
        "down": {
          "uv": [
            10,
            9,
            8,
            11
          ],
          "texture": "#0"
        }
      }
    },
    {
      "from": [
        8,
        19,
        6
      ],
      "to": [
        8,
        24,
        12
      ],
      "rotation": {
        "angle": 0,
        "axis": "y",
        "origin": [
          8,
          16.63373,
          9.57769
        ]
      },
      "faces": {
        "north": {
          "uv": [
            0,
            0,
            0,
            2.5
          ],
          "texture": "#0"
        },
        "east": {
          "uv": [
            4,
            0,
            7,
            2.5
          ],
          "texture": "#0"
        },
        "south": {
          "uv": [
            0,
            0,
            0,
            2.5
          ],
          "texture": "#0"
        },
        "west": {
          "uv": [
            4,
            2.5,
            7,
            5
          ],
          "texture": "#0"
        },
        "up": {
          "uv": [
            0,
            3,
            0,
            0
          ],
          "texture": "#0"
        },
        "down": {
          "uv": [
            0,
            0,
            0,
            3
          ],
          "texture": "#0"
        }
      }
    },
    {
      "from": [
        6.5,
        14.79253,
        8.63425
      ],
      "to": [
        9.5,
        16.79253,
        10.63425
      ],
      "rotation": {
        "angle": 22.5,
        "axis": "x",
        "origin": [
          8,
          16.63373,
          9.57769
        ]
      },
      "faces": {
        "north": {
          "uv": [
            5,
            10.5,
            6.5,
            11.5
          ],
          "texture": "#0"
        },
        "east": {
          "uv": [
            12.5,
            3,
            13.5,
            4
          ],
          "texture": "#0"
        },
        "south": {
          "uv": [
            11,
            1.5,
            12.5,
            2.5
          ],
          "texture": "#0"
        },
        "west": {
          "uv": [
            3.5,
            12.5,
            4.5,
            13.5
          ],
          "texture": "#0"
        },
        "up": {
          "uv": [
            12.5,
            3.5,
            11,
            2.5
          ],
          "texture": "#0"
        },
        "down": {
          "uv": [
            12.5,
            3.5,
            11,
            4.5
          ],
          "texture": "#0"
        }
      }
    }
  ],
  "gui_light": "front"
}