{
  "display": {
    "thirdperson_righthand": {
      "translation": [
        0,
        1.5,
        1.75
      ]
    },
    "thirdperson_lefthand": {
      "translation": [
        0,
        1.5,
        1.75
      ]
    },
    "firstperson_righthand": {
      "rotation": [
        28,
        0,
        0
      ],
      "translation": [
        2.75,
        1.25,
        2
      ]
    },
    "firstperson_lefthand": {
      "rotation": [
        28,
        0,
        0
      ],
      "translation": [
        2.75,
        1.25,
        2
      ]
    },
    "ground": {
      "rotation": [
        50,
        0,
        0
      ],
      "translation": [
        0,
        3,
        2.25
      ],
      "scale": [
        0.78,
        0.78,
        0.78
      ]
    },
    "gui": {
      "rotation": [
        -18,
        139,
        25
      ],
      "translation": [
        3.5,
        1.5,
        0
      ],
      "scale": [
        0.71,
        0.71,
        0.71
      ]
    },
    "head": {
      "translation": [
        0,
        3.5,
        0
      ]
    },
    "fixed": {
      "translation": [
        0,
        6.75,
        -8
      ],
      "scale": [
        2.13,
        2.13,
        2.13
      ]
    }
  },
  "texture_size": [
    64,
    64
  ],
  "textures": {
    "0": "civilization:item/tools/void_blossom",
    "particle": "civilization:item/tools/void_blossom"
  },
  "elements": [
    {
      "from": [
        5.5,
        2,
        3.5
      ],
      "to": [
        10.5,
        7,
        12.5
      ],
      "rotation": {
        "angle": 0,
        "axis": "y",
        "origin": [
          8.5,
          0,
          7.5
        ]
      },
      "faces": {
        "north": {
          "uv": [
            2.25,
            4.5,
            3.5,
            5.75
          ],
          "texture": "#0"
        },
        "east": {
          "uv": [
            0,
            4.5,
            2.25,
            5.75
          ],
          "texture": "#0"
        },
        "south": {
          "uv": [
            5.75,
            4.5,
            7,
            5.75
          ],
          "texture": "#0"
        },
        "west": {
          "uv": [
            3.5,
            4.5,
            5.75,
            5.75
          ],
          "texture": "#0"
        },
        "up": {
          "uv": [
            3.5,
            4.5,
            2.25,
            2.25
          ],
          "texture": "#0"
        },
        "down": {
          "uv": [
            4.75,
            2.25,
            3.5,
            4.5
          ],
          "texture": "#0"
        }
      }
    },
    {
      "from": [
        8,
        -1,
        3.5
      ],
      "to": [
        8,
        10,
        12.5
      ],
      "rotation": {
        "angle": 0,
        "axis": "y",
        "origin": [
          8,
          0,
          8
        ]
      },
      "faces": {
        "north": {
          "uv": [
            2.25,
            5.75,
            2.25,
            8.5
          ],
          "texture": "#0"
        },
        "east": {
          "uv": [
            0,
            5.75,
            2.25,
            8.5
          ],
          "texture": "#0"
        },
        "south": {
          "uv": [
            4.5,
            5.75,
            4.5,
            8.5
          ],
          "texture": "#0"
        },
        "west": {
          "uv": [
            2.25,
            5.75,
            4.5,
            8.5
          ],
          "texture": "#0"
        },
        "up": {
          "uv": [
            2.25,
            5.75,
            2.25,
            3.5
          ],
          "texture": "#0"
        },
        "down": {
          "uv": [
            2.25,
            3.5,
            2.25,
            5.75
          ],
          "texture": "#0"
        }
      }
    },
    {
      "from": [
        2,
        4.5,
        3.5
      ],
      "to": [
        14,
        4.5,
        12.5
      ],
      "rotation": {
        "angle": 0,
        "axis": "y",
        "origin": [
          8,
          0,
          8
        ]
      },
      "faces": {
        "north": {
          "uv": [
            2.25,
            2.25,
            5.25,
            2.25
          ],
          "texture": "#0"
        },
        "east": {
          "uv": [
            0,
            2.25,
            2.25,
            2.25
          ],
          "texture": "#0"
        },
        "south": {
          "uv": [
            7.5,
            2.25,
            10.5,
            2.25
          ],
          "texture": "#0"
        },
        "west": {
          "uv": [
            5.25,
            2.25,
            7.5,
            2.25
          ],
          "texture": "#0"
        },
        "up": {
          "uv": [
            5.25,
            2.25,
            2.25,
            0
          ],
          "texture": "#0"
        },
        "down": {
          "uv": [
            8.25,
            0,
            5.25,
            2.25
          ],
          "texture": "#0"
        }
      }
    },
    {
      "from": [
        6.5,
        3,
        0.5
      ],
      "to": [
        9.5,
        6,
        3.5
      ],
      "rotation": {
        "angle": 0,
        "axis": "y",
        "origin": [
          8.5,
          0,
          7.5
        ]
      },
      "faces": {
        "north": {
          "uv": [
            7.75,
            7.75,
            8.5,
            8.5
          ],
          "texture": "#0"
        },
        "east": {
          "uv": [
            7,
            7.75,
            7.75,
            8.5
          ],
          "texture": "#0"
        },
        "south": {
          "uv": [
            9.25,
            7.75,
            10,
            8.5
          ],
          "texture": "#0"
        },
        "west": {
          "uv": [
            8.5,
            7.75,
            9.25,
            8.5
          ],
          "texture": "#0"
        },
        "up": {
          "uv": [
            8.5,
            7.75,
            7.75,
            7
          ],
          "texture": "#0"
        },
        "down": {
          "uv": [
            9.25,
            7,
            8.5,
            7.75
          ],
          "texture": "#0"
        }
      }
    },
    {
      "from": [
        6.3,
        2.8,
        0.3
      ],
      "to": [
        9.7,
        6.2,
        3.7
      ],
      "rotation": {
        "angle": 0,
        "axis": "y",
        "origin": [
          8.5,
          0,
          7.5
        ]
      },
      "faces": {
        "north": {
          "uv": [
            8.25,
            14.75,
            9,
            15.5
          ],
          "texture": "#0"
        },
        "east": {
          "uv": [
            7.5,
            14.75,
            8.25,
            15.5
          ],
          "texture": "#0"
        },
        "south": {
          "uv": [
            9.75,
            14.75,
            10.5,
            15.5
          ],
          "texture": "#0"
        },
        "west": {
          "uv": [
            9,
            14.75,
            9.75,
            15.5
          ],
          "texture": "#0"
        },
        "up": {
          "uv": [
            9,
            14.75,
            8.25,
            14
          ],
          "texture": "#0"
        },
        "down": {
          "uv": [
            9.75,
            14,
            9,
            14.75
          ],
          "texture": "#0"
        }
      }
    },
    {
      "from": [
        5.5,
        5,
        1.5
      ],
      "to": [
        10.5,
        15,
        1.5
      ],
      "rotation": {
        "angle": -22.5,
        "axis": "x",
        "origin": [
          8.5,
          6,
          1.5
        ]
      },
      "faces": {
        "north": {
          "uv": [
            4.5,
            7,
            5.75,
            9.5
          ],
          "texture": "#0"
        },
        "east": {
          "uv": [
            4.5,
            7,
            4.5,
            9.5
          ],
          "texture": "#0"
        },
        "south": {
          "uv": [
            5.75,
            7,
            7,
            9.5
          ],
          "texture": "#0"
        },
        "west": {
          "uv": [
            5.75,
            7,
            5.75,
            9.5
          ],
          "texture": "#0"
        },
        "up": {
          "uv": [
            5.75,
            7,
            4.5,
            7
          ],
          "texture": "#0"
        },
        "down": {
          "uv": [
            7,
            7,
            5.75,
            7
          ],
          "texture": "#0"
        }
      }
    },
    {
      "from": [
        -2.5,
        2,
        1.5
      ],
      "to": [
        7.5,
        7,
        1.5
      ],
      "rotation": {
        "angle": -22.5,
        "axis": "y",
        "origin": [
          6.5,
          5,
          1.5
        ]
      },
      "faces": {
        "north": {
          "uv": [
            4.5,
            7,
            5.75,
            9.5
          ],
          "rotation": 90,
          "texture": "#0"
        },
        "east": {
          "uv": [
            7,
            7,
            5.75,
            7
          ],
          "rotation": 270,
          "texture": "#0"
        },
        "south": {
          "uv": [
            5.75,
            7,
            7,
            9.5
          ],
          "rotation": 270,
          "texture": "#0"
        },
        "west": {
          "uv": [
            5.75,
            7,
            4.5,
            7
          ],
          "rotation": 270,
          "texture": "#0"
        },
        "up": {
          "uv": [
            4.5,
            7,
            4.5,
            9.5
          ],
          "rotation": 270,
          "texture": "#0"
        },
        "down": {
          "uv": [
            5.75,
            7,
            5.75,
            9.5
          ],
          "rotation": 270,
          "texture": "#0"
        }
      }
    },
    {
      "from": [
        8.5,
        2,
        1.5
      ],
      "to": [
        18.5,
        7,
        1.5
      ],
      "rotation": {
        "angle": 22.5,
        "axis": "y",
        "origin": [
          9.5,
          5,
          1.5
        ]
      },
      "faces": {
        "north": {
          "uv": [
            4.5,
            9.5,
            5.75,
            7
          ],
          "rotation": 90,
          "texture": "#0"
        },
        "east": {
          "uv": [
            5.75,
            7,
            4.5,
            7
          ],
          "rotation": 270,
          "texture": "#0"
        },
        "south": {
          "uv": [
            5.75,
            9.5,
            7,
            7
          ],
          "rotation": 270,
          "texture": "#0"
        },
        "west": {
          "uv": [
            7,
            7,
            5.75,
            7
          ],
          "rotation": 270,
          "texture": "#0"
        },
        "up": {
          "uv": [
            4.5,
            9.5,
            4.5,
            7
          ],
          "rotation": 270,
          "texture": "#0"
        },
        "down": {
          "uv": [
            5.75,
            9.5,
            5.75,
            7
          ],
          "rotation": 270,
          "texture": "#0"
        }
      }
    },
    {
      "from": [
        5.5,
        -6,
        1.5
      ],
      "to": [
        10.5,
        4,
        1.5
      ],
      "rotation": {
        "angle": 22.5,
        "axis": "x",
        "origin": [
          8.5,
          3,
          1.5
        ]
      },
      "faces": {
        "north": {
          "uv": [
            4.5,
            9.5,
            5.75,
            7
          ],
          "texture": "#0"
        },
        "east": {
          "uv": [
            4.5,
            9.5,
            4.5,
            7
          ],
          "texture": "#0"
        },
        "south": {
          "uv": [
            5.75,
            9.5,
            7,
            7
          ],
          "texture": "#0"
        },
        "west": {
          "uv": [
            5.75,
            9.5,
            5.75,
            7
          ],
          "texture": "#0"
        },
        "up": {
          "uv": [
            7,
            7,
            5.75,
            7
          ],
          "texture": "#0"
        },
        "down": {
          "uv": [
            5.75,
            7,
            4.5,
            7
          ],
          "texture": "#0"
        }
      }
    },
    {
      "from": [
        8.4999,
        1.9999,
        1.4999
      ],
      "to": [
        18.5001,
        7.0001,
        1.5001
      ],
      "rotation": {
        "angle": 45,
        "axis": "z",
        "origin": [
          9.5,
          4,
          1.5
        ]
      },
      "faces": {
        "north": {
          "uv": [
            4.75,
            2.25,
            7.25,
            3.5
          ],
          "texture": "#0"
        },
        "east": {
          "uv": [
            4.75,
            2.25,
            4.75,
            3.5
          ],
          "texture": "#0"
        },
        "south": {
          "uv": [
            7.25,
            2.25,
            9.75,
            3.5
          ],
          "texture": "#0"
        },
        "west": {
          "uv": [
            7.25,
            2.25,
            7.25,
            3.5
          ],
          "texture": "#0"
        },
        "up": {
          "uv": [
            7.25,
            2.25,
            4.75,
            2.25
          ],
          "texture": "#0"
        },
        "down": {
          "uv": [
            9.75,
            2.25,
            7.25,
            2.25
          ],
          "texture": "#0"
        }
      }
    },
    {
      "from": [
        -2.5,
        2,
        1.5
      ],
      "to": [
        7.5,
        7,
        1.5
      ],
      "rotation": {
        "angle": -45,
        "axis": "z",
        "origin": [
          6.5,
          4,
          1.5
        ]
      },
      "faces": {
        "north": {
          "uv": [
            7.25,
            2.25,
            4.75,
            3.5
          ],
          "texture": "#0"
        },
        "east": {
          "uv": [
            7.25,
            2.25,
            7.25,
            3.5
          ],
          "texture": "#0"
        },
        "south": {
          "uv": [
            9.75,
            2.25,
            7.25,
            3.5
          ],
          "texture": "#0"
        },
        "west": {
          "uv": [
            4.75,
            2.25,
            4.75,
            3.5
          ],
          "texture": "#0"
        },
        "up": {
          "uv": [
            4.75,
            2.25,
            7.25,
            2.25
          ],
          "texture": "#0"
        },
        "down": {
          "uv": [
            7.25,
            2.25,
            9.75,
            2.25
          ],
          "texture": "#0"
        }
      }
    },
    {
      "from": [
        -2.5001,
        -1.0001,
        1.4999
      ],
      "to": [
        7.5001,
        4.0001,
        1.5001
      ],
      "rotation": {
        "angle": 45,
        "axis": "z",
        "origin": [
          6.5,
          2,
          1.5
        ]
      },
      "faces": {
        "north": {
          "uv": [
            7.25,
            3.5,
            4.75,
            2.25
          ],
          "texture": "#0"
        },
        "east": {
          "uv": [
            7.25,
            3.5,
            7.25,
            2.25
          ],
          "texture": "#0"
        },
        "south": {
          "uv": [
            9.75,
            3.5,
            7.25,
            2.25
          ],
          "texture": "#0"
        },
        "west": {
          "uv": [
            4.75,
            3.5,
            4.75,
            2.25
          ],
          "texture": "#0"
        },
        "up": {
          "uv": [
            7.25,
            2.25,
            9.75,
            2.25
          ],
          "texture": "#0"
        },
        "down": {
          "uv": [
            4.75,
            2.25,
            7.25,
            2.25
          ],
          "texture": "#0"
        }
      }
    },
    {
      "from": [
        8.5,
        -1,
        1.5
      ],
      "to": [
        18.5,
        4,
        1.5
      ],
      "rotation": {
        "angle": -45,
        "axis": "z",
        "origin": [
          9.5,
          2,
          1.5
        ]
      },
      "faces": {
        "north": {
          "uv": [
            4.75,
            3.5,
            7.25,
            2.25
          ],
          "texture": "#0"
        },
        "east": {
          "uv": [
            4.75,
            3.5,
            4.75,
            2.25
          ],
          "texture": "#0"
        },
        "south": {
          "uv": [
            7.25,
            3.5,
            9.75,
            2.25
          ],
          "texture": "#0"
        },
        "west": {
          "uv": [
            7.25,
            3.5,
            7.25,
            2.25
          ],
          "texture": "#0"
        },
        "up": {
          "uv": [
            9.75,
            2.25,
            7.25,
            2.25
          ],
          "texture": "#0"
        },
        "down": {
          "uv": [
            7.25,
            2.25,
            4.75,
            2.25
          ],
          "texture": "#0"
        }
      }
    }
  ],
  "gui_light": "front"
}