{
  "texture_size": [
    64,
    64
  ],
  "elements": [
    {
      "from": [
        4,
        1,
        7
      ],
      "to": [
        12,
        10,
        15
      ],
      "rotation": {
        "angle": 0,
        "axis": "y",
        "origin": [
          8,
          1,
          8
        ]
      },
      "faces": {
        "north": {
          "uv": [
            0,
            5,
            2,
            7.25
          ],
          "texture": "#0"
        },
        "east": {
          "uv": [
            5,
            0,
            7,
            2.25
          ],
          "texture": "#0"
        },
        "south": {
          "uv": [
            2,
            5,
            4,
            7.25
          ],
          "texture": "#0"
        },
        "west": {
          "uv": [
            5,
            2.25,
            7,
            4.5
          ],
          "texture": "#0"
        },
        "up": {
          "uv": [
            6,
            7,
            4,
            5
          ],
          "texture": "#0"
        },
        "down": {
          "uv": [
            8,
            4.5,
            6,
            6.5
          ],
          "texture": "#0"
        }
      }
    },
    {
      "from": [
        3,
        7,
        6
      ],
      "to": [
        13,
        11,
        16
      ],
      "rotation": {
        "angle": 0,
        "axis": "y",
        "origin": [
          8,
          1,
          8
        ]
      },
      "faces": {
        "north": {
          "uv": [
            6,
            6.5,
            8.5,
            7.5
          ],
          "texture": "#0"
        },
        "east": {
          "uv": [
            7,
            0,
            9.5,
            1
          ],
          "texture": "#0"
        },
        "south": {
          "uv": [
            7,
            1,
            9.5,
            2
          ],
          "texture": "#0"
        },
        "west": {
          "uv": [
            7,
            2,
            9.5,
            3
          ],
          "texture": "#0"
        },
        "up": {
          "uv": [
            2.5,
            2.5,
            0,
            0
          ],
          "texture": "#0"
        },
        "down": {
          "uv": [
            2.5,
            2.5,
            0,
            5
          ],
          "texture": "#0"
        }
      }
    },
    {
      "from": [
        2.9,
        6.9,
        5.9
      ],
      "to": [
        13.1,
        11.1,
        16.1
      ],
      "rotation": {
        "angle": 0,
        "axis": "y",
        "origin": [
          8,
          1,
          8
        ]
      },
      "faces": {
        "north": {
          "uv": [
            7,
            3,
            9.5,
            4
          ],
          "texture": "#0"
        },
        "east": {
          "uv": [
            0,
            7.25,
            2.5,
            8.25
          ],
          "texture": "#0"
        },
        "south": {
          "uv": [
            2.5,
            7.25,
            5,
            8.25
          ],
          "texture": "#0"
        },
        "west": {
          "uv": [
            5,
            7.5,
            7.5,
            8.5
          ],
          "texture": "#0"
        },
        "up": {
          "uv": [
            5,
            2.5,
            2.5,
            0
          ],
          "texture": "#0"
        },
        "down": {
          "uv": [
            5,
            2.5,
            2.5,
            5
          ],
          "texture": "#0"
        }
      }
    }
  ],
  "gui_light": "front",
  "display": {
    "thirdperson_righthand": {
      "rotation": [
        0,
        20,
        0
      ],
      "translation": [
        0,
        4.25,
        -1
      ],
      "scale": [
        0.8,
        0.8,
        0.8
      ]
    },
    "thirdperson_lefthand": {
      "rotation": [
        0,
        20,
        0
      ],
      "translation": [
        0,
        4.25,
        -1
      ],
      "scale": [
        0.8,
        0.8,
        0.8
      ]
    },
    "firstperson_righthand": {
      "rotation": [
        0,
        11,
        0
      ],
      "translation": [
        2.5,
        3.75,
        -2
      ],
      "scale": [
        0.7,
        0.7,
        0.7
      ]
    },
    "firstperson_lefthand": {
      "rotation": [
        0,
        11,
        0
      ],
      "translation": [
        2.5,
        3.75,
        -2
      ],
      "scale": [
        0.7,
        0.7,
        0.7
      ]
    },
    "ground": {
      "rotation": [
        20,
        64,
        0
      ],
      "translation": [
        -3.25,
        2.75,
        -0.25
      ],
      "scale": [
        0.7,
        0.7,
        0.7
      ]
    },
    "gui": {
      "rotation": [
        22.5,
        45,
        0
      ],
      "translation": [
        -1.75,
        2,
        0
      ],
      "scale": [
        0.9,
        0.9,
        0.9
      ]
    },
    "head": {
      "translation": [
        0,
        15.5,
        -5.5
      ],
      "scale": [
        1.82,
        1.82,
        1.82
      ]
    }
  }
}