{
  "display": {
    "thirdperson_righthand": {
      "translation": [
        0,
        -0.75,
        1.25
      ],
      "scale": [
        0.95,
        0.95,
        0.95
      ]
    },
    "thirdperson_lefthand": {
      "translation": [
        0,
        -0.75,
        1.25
      ],
      "scale": [
        0.95,
        0.95,
        0.95
      ]
    },
    "firstperson_righthand": {
      "rotation": [
        0,
        -5,
        0
      ],
      "translation": [
        1.75,
        -1,
        1.25
      ],
      "scale": [
        0.8,
        0.8,
        0.8
      ]
    },
    "firstperson_lefthand": {
      "rotation": [
        0,
        -5,
        0
      ],
      "translation": [
        1.75,
        -1,
        1.25
      ],
      "scale": [
        0.8,
        0.8,
        0.8
      ]
    },
    "ground": {
      "rotation": [
        17,
        40,
        -38
      ],
      "translation": [
        0,
        -2.25,
        0
      ],
      "scale": [
        0.5,
        0.5,
        0.5
      ]
    },
    "gui": {
      "rotation": [
        90,
        -45,
        0
      ],
      "translation": [
        -1.5,
        -1.5,
        0
      ],
      "scale": [
        0.7,
        0.7,
        0.7
      ]
    },
    "head": {
      "translation": [
        0,
        5.75,
        0
      ],
      "scale": [
        4,
        4,
        4
      ]
    },
    "fixed": {
      "rotation": [
        -90,
        -135,
        0
      ],
      "translation": [
        -0.75,
        -0.25,
        0.5
      ]
    }
  },
  "texture_size": [
    64,
    64
  ],
  "textures": {
    "0": "civilization:item/tools/corrupted_crossbow",
    "particle": "civilization:item/tools/corrupted_crossbow"
  },
  "elements": [
    {
      "from": [
        7.5,
        12.79143,
        10.99503
      ],
      "to": [
        8.5,
        12.79143,
        12.99503
      ],
      "rotation": {
        "angle": 45,
        "axis": "x",
        "origin": [
          8,
          12.04143,
          10.99503
        ]
      },
      "faces": {
        "north": {
          "uv": [
            0,
            0,
            0.25,
            0
          ],
          "texture": "#0"
        },
        "east": {
          "uv": [
            0,
            0,
            0.5,
            0
          ],
          "texture": "#0"
        },
        "south": {
          "uv": [
            0,
            0,
            0.25,
            0
          ],
          "texture": "#0"
        },
        "west": {
          "uv": [
            0,
            0,
            0.5,
            0
          ],
          "texture": "#0"
        },
        "up": {
          "uv": [
            6.5,
            9,
            6.25,
            8.5
          ],
          "texture": "#0"
        },
        "down": {
          "uv": [
            7.75,
            9.5,
            7.5,
            10
          ],
          "texture": "#0"
        }
      }
    },
    {
      "from": [
        7.5,
        9.79143,
        10.99503
      ],
      "to": [
        8.5,
        12.79143,
        10.99503
      ],
      "rotation": {
        "angle": 45,
        "axis": "x",
        "origin": [
          8,
          12.04143,
          10.99503
        ]
      },
      "faces": {
        "north": {
          "uv": [
            10.75,
            6,
            11,
            6.75
          ],
          "texture": "#0"
        },
        "east": {
          "uv": [
            0,
            0,
            0,
            0.75
          ],
          "texture": "#0"
        },
        "south": {
          "uv": [
            10.75,
            9.75,
            11,
            10.5
          ],
          "texture": "#0"
        },
        "west": {
          "uv": [
            0,
            0,
            0,
            0.75
          ],
          "texture": "#0"
        },
        "up": {
          "uv": [
            0.25,
            0,
            0,
            0
          ],
          "texture": "#0"
        },
        "down": {
          "uv": [
            0.25,
            0,
            0,
            0
          ],
          "texture": "#0"
        }
      }
    },
    {
      "from": [
        6.5,
        9,
        1.5
      ],
      "to": [
        9.5,
        11,
        11.5
      ],
      "rotation": {
        "angle": 0,
        "axis": "y",
        "origin": [
          7.5,
          0,
          8.5
        ]
      },
      "faces": {
        "north": {
          "uv": [
            9.25,
            7.25,
            10,
            7.75
          ],
          "texture": "#0"
        },
        "east": {
          "uv": [
            1.5,
            4,
            4,
            4.5
          ],
          "texture": "#0"
        },
        "south": {
          "uv": [
            9.25,
            7.75,
            10,
            8.25
          ],
          "texture": "#0"
        },
        "west": {
          "uv": [
            4,
            4,
            6.5,
            4.5
          ],
          "texture": "#0"
        },
        "up": {
          "uv": [
            0.75,
            5.5,
            0,
            3
          ],
          "texture": "#0"
        },
        "down": {
          "uv": [
            1.5,
            3,
            0.75,
            5.5
          ],
          "texture": "#0"
        }
      }
    },
    {
      "from": [
        6.4,
        8.9,
        -0.6
      ],
      "to": [
        9.6,
        11.1,
        11.6
      ],
      "rotation": {
        "angle": 0,
        "axis": "y",
        "origin": [
          7.5,
          0,
          8.5
        ]
      },
      "faces": {
        "north": {
          "uv": [
            5.75,
            3.5,
            6.5,
            4
          ],
          "texture": "#0"
        },
        "east": {
          "uv": [
            1.5,
            3,
            4.5,
            3.5
          ],
          "texture": "#0"
        },
        "south": {
          "uv": [
            5.5,
            9.25,
            6.25,
            9.75
          ],
          "texture": "#0"
        },
        "west": {
          "uv": [
            1.5,
            3.5,
            4.5,
            4
          ],
          "texture": "#0"
        },
        "up": {
          "uv": [
            0.75,
            3,
            0,
            0
          ],
          "texture": "#0"
        },
        "down": {
          "uv": [
            1.5,
            0,
            0.75,
            3
          ],
          "texture": "#0"
        }
      }
    },
    {
      "from": [
        6.9,
        4.2,
        6.4
      ],
      "to": [
        9.1,
        10.4,
        8.6
      ],
      "rotation": {
        "angle": -22.5,
        "axis": "x",
        "origin": [
          8,
          8,
          6.8
        ]
      },
      "faces": {
        "north": {
          "uv": [
            5,
            7,
            5.5,
            8.5
          ],
          "texture": "#0"
        },
        "east": {
          "uv": [
            5.5,
            7,
            6,
            8.5
          ],
          "texture": "#0"
        },
        "south": {
          "uv": [
            6,
            7,
            6.5,
            8.5
          ],
          "texture": "#0"
        },
        "west": {
          "uv": [
            7,
            6,
            7.5,
            7.5
          ],
          "texture": "#0"
        },
        "up": {
          "uv": [
            8.75,
            10.5,
            8.25,
            10
          ],
          "texture": "#0"
        },
        "down": {
          "uv": [
            10.5,
            8.25,
            10,
            8.75
          ],
          "texture": "#0"
        }
      }
    },
    {
      "from": [
        7,
        4.9,
        6.5
      ],
      "to": [
        9,
        9.9,
        8.5
      ],
      "rotation": {
        "angle": -22.5,
        "axis": "x",
        "origin": [
          8,
          8,
          7.5
        ]
      },
      "faces": {
        "north": {
          "uv": [
            6.5,
            7,
            7,
            8.25
          ],
          "texture": "#0"
        },
        "east": {
          "uv": [
            0,
            7.5,
            0.5,
            8.75
          ],
          "texture": "#0"
        },
        "south": {
          "uv": [
            0.5,
            7.5,
            1,
            8.75
          ],
          "texture": "#0"
        },
        "west": {
          "uv": [
            1,
            7.5,
            1.5,
            8.75
          ],
          "texture": "#0"
        },
        "up": {
          "uv": [
            10.5,
            9.25,
            10,
            8.75
          ],
          "texture": "#0"
        },
        "down": {
          "uv": [
            9.75,
            10,
            9.25,
            10.5
          ],
          "texture": "#0"
        }
      }
    },
    {
      "from": [
        6.9,
        7.93954,
        11.21826
      ],
      "to": [
        9.1,
        10.13954,
        14.41826
      ],
      "rotation": {
        "angle": 22.5,
        "axis": "x",
        "origin": [
          8,
          10.06292,
          13.82341
        ]
      },
      "faces": {
        "north": {
          "uv": [
            10.25,
            2,
            10.75,
            2.5
          ],
          "texture": "#0"
        },
        "east": {
          "uv": [
            9.75,
            0.75,
            10.5,
            1.25
          ],
          "texture": "#0"
        },
        "south": {
          "uv": [
            2.5,
            10.25,
            3,
            10.75
          ],
          "texture": "#0"
        },
        "west": {
          "uv": [
            2.5,
            9.75,
            3.25,
            10.25
          ],
          "texture": "#0"
        },
        "up": {
          "uv": [
            3.75,
            10.5,
            3.25,
            9.75
          ],
          "texture": "#0"
        },
        "down": {
          "uv": [
            6,
            9.75,
            5.5,
            10.5
          ],
          "texture": "#0"
        }
      }
    },
    {
      "from": [
        6.9,
        8.47841,
        13.28275
      ],
      "to": [
        9.1,
        10.67841,
        17.48275
      ],
      "rotation": {
        "angle": -22.5,
        "axis": "x",
        "origin": [
          8,
          8.6018,
          14.88791
        ]
      },
      "faces": {
        "north": {
          "uv": [
            10.25,
            3.5,
            10.75,
            4
          ],
          "texture": "#0"
        },
        "east": {
          "uv": [
            8.75,
            2.25,
            9.75,
            2.75
          ],
          "texture": "#0"
        },
        "south": {
          "uv": [
            10.25,
            4,
            10.75,
            4.5
          ],
          "texture": "#0"
        },
        "west": {
          "uv": [
            2.75,
            8.75,
            3.75,
            9.25
          ],
          "texture": "#0"
        },
        "up": {
          "uv": [
            9.25,
            4.5,
            8.75,
            3.5
          ],
          "texture": "#0"
        },
        "down": {
          "uv": [
            9.25,
            8.25,
            8.75,
            9.25
          ],
          "texture": "#0"
        }
      }
    },
    {
      "from": [
        6.99,
        8.56841,
        13.37275
      ],
      "to": [
        9.01,
        10.58841,
        16.39275
      ],
      "rotation": {
        "angle": -22.5,
        "axis": "x",
        "origin": [
          8,
          8.6018,
          14.88791
        ]
      },
      "faces": {
        "north": {
          "uv": [
            0,
            10.25,
            0.5,
            10.75
          ],
          "texture": "#0"
        },
        "east": {
          "uv": [
            9.25,
            8.75,
            10,
            9.25
          ],
          "texture": "#0"
        },
        "south": {
          "uv": [
            10.25,
            1.5,
            10.75,
            2
          ],
          "texture": "#0"
        },
        "west": {
          "uv": [
            6.75,
            9.5,
            7.5,
            10
          ],
          "texture": "#0"
        },
        "up": {
          "uv": [
            10,
            10,
            9.5,
            9.25
          ],
          "texture": "#0"
        },
        "down": {
          "uv": [
            1,
            9.75,
            0.5,
            10.5
          ],
          "texture": "#0"
        }
      }
    },
    {
      "from": [
        7,
        8.03954,
        11.31826
      ],
      "to": [
        9,
        10.03954,
        14.31826
      ],
      "rotation": {
        "angle": 22.5,
        "axis": "x",
        "origin": [
          8,
          10.06292,
          13.82341
        ]
      },
      "faces": {
        "north": {
          "uv": [
            10,
            9.25,
            10.5,
            9.75
          ],
          "texture": "#0"
        },
        "east": {
          "uv": [
            9.25,
            8.25,
            10,
            8.75
          ],
          "texture": "#0"
        },
        "south": {
          "uv": [
            9.75,
            10,
            10.25,
            10.5
          ],
          "texture": "#0"
        },
        "west": {
          "uv": [
            8.75,
            9.25,
            9.5,
            9.75
          ],
          "texture": "#0"
        },
        "up": {
          "uv": [
            0.5,
            10.25,
            0,
            9.5
          ],
          "texture": "#0"
        },
        "down": {
          "uv": [
            10,
            0,
            9.5,
            0.75
          ],
          "texture": "#0"
        }
      }
    },
    {
      "from": [
        5.49,
        9.39,
        0.49
      ],
      "to": [
        6.51,
        11.41,
        9.51
      ],
      "rotation": {
        "angle": 22.5,
        "axis": "z",
        "origin": [
          8,
          10.4,
          6
        ]
      },
      "faces": {
        "north": {
          "uv": [
            11,
            8.25,
            11.25,
            8.75
          ],
          "texture": "#0"
        },
        "east": {
          "uv": [
            5,
            5.5,
            7.25,
            6
          ],
          "texture": "#0"
        },
        "south": {
          "uv": [
            8.5,
            11,
            8.75,
            11.5
          ],
          "texture": "#0"
        },
        "west": {
          "uv": [
            5.75,
            0,
            8,
            0.5
          ],
          "texture": "#0"
        },
        "up": {
          "uv": [
            5,
            9.75,
            4.75,
            7.5
          ],
          "texture": "#0"
        },
        "down": {
          "uv": [
            4.75,
            8.25,
            4.5,
            10.5
          ],
          "texture": "#0"
        }
      }
    },
    {
      "from": [
        9.49,
        9.39,
        0.49
      ],
      "to": [
        10.51,
        11.41,
        9.51
      ],
      "rotation": {
        "angle": -22.5,
        "axis": "z",
        "origin": [
          8,
          10.4,
          6
        ]
      },
      "faces": {
        "north": {
          "uv": [
            8.75,
            11,
            9,
            11.5
          ],
          "texture": "#0"
        },
        "east": {
          "uv": [
            5.75,
            0.5,
            8,
            1
          ],
          "texture": "#0"
        },
        "south": {
          "uv": [
            11,
            8.75,
            11.25,
            9.25
          ],
          "texture": "#0"
        },
        "west": {
          "uv": [
            5.75,
            1,
            8,
            1.5
          ],
          "texture": "#0"
        },
        "up": {
          "uv": [
            5.25,
            10.75,
            5,
            8.5
          ],
          "texture": "#0"
        },
        "down": {
          "uv": [
            5.5,
            8.5,
            5.25,
            10.75
          ],
          "texture": "#0"
        }
      }
    },
    {
      "from": [
        8,
        10,
        -1
      ],
      "to": [
        8,
        13,
        11
      ],
      "rotation": {
        "angle": -45,
        "axis": "z",
        "origin": [
          8,
          11.5,
          5
        ]
      },
      "faces": {
        "north": {
          "uv": [
            0,
            0,
            0,
            0.75
          ],
          "texture": "#0"
        },
        "east": {
          "uv": [
            1.5,
            0,
            4.5,
            0.75
          ],
          "texture": "#0"
        },
        "south": {
          "uv": [
            0,
            0,
            0,
            0.75
          ],
          "texture": "#0"
        },
        "west": {
          "uv": [
            1.5,
            0.75,
            4.5,
            1.5
          ],
          "texture": "#0"
        },
        "up": {
          "uv": [
            0,
            3,
            0,
            0
          ],
          "texture": "#0"
        },
        "down": {
          "uv": [
            0,
            0,
            0,
            3
          ],
          "texture": "#0"
        }
      }
    },
    {
      "from": [
        8,
        10,
        -1
      ],
      "to": [
        8,
        13,
        11
      ],
      "rotation": {
        "angle": 45,
        "axis": "z",
        "origin": [
          8,
          11.5,
          5
        ]
      },
      "faces": {
        "north": {
          "uv": [
            0,
            0,
            0,
            0.75
          ],
          "texture": "#0"
        },
        "east": {
          "uv": [
            1.5,
            1.5,
            4.5,
            2.25
          ],
          "texture": "#0"
        },
        "south": {
          "uv": [
            0,
            0,
            0,
            0.75
          ],
          "texture": "#0"
        },
        "west": {
          "uv": [
            1.5,
            2.25,
            4.5,
            3
          ],
          "texture": "#0"
        },
        "up": {
          "uv": [
            0,
            3,
            0,
            0
          ],
          "texture": "#0"
        },
        "down": {
          "uv": [
            0,
            0,
            0,
            3
          ],
          "texture": "#0"
        }
      }
    },
    {
      "from": [
        5.4,
        10.25246,
        0.17949
      ],
      "to": [
        10.6,
        14.45246,
        4.37949
      ],
      "rotation": {
        "angle": -22.5,
        "axis": "x",
        "origin": [
          8,
          11.30013,
          1.13715
        ]
      },
      "faces": {
        "north": {
          "uv": [
            6.5,
            4.5,
            5.25,
            5.5
          ],
          "rotation": 180,
          "texture": "#0"
        },
        "east": {
          "uv": [
            0,
            6.5,
            1,
            7.5
          ],
          "rotation": 270,
          "texture": "#0"
        },
        "south": {
          "uv": [
            5.25,
            5.5,
            4,
            4.5
          ],
          "texture": "#0"
        },
        "west": {
          "uv": [
            1,
            6.5,
            2,
            7.5
          ],
          "rotation": 90,
          "texture": "#0"
        },
        "up": {
          "uv": [
            2.75,
            4.5,
            4,
            5.5
          ],
          "rotation": 180,
          "texture": "#0"
        },
        "down": {
          "uv": [
            4.5,
            3,
            5.75,
            4
          ],
          "texture": "#0"
        }
      }
    },
    {
      "from": [
        5.51,
        14.06936,
        2.4594
      ],
      "to": [
        6.49,
        16.04936,
        5.4394
      ],
      "rotation": {
        "angle": 0,
        "axis": "y",
        "origin": [
          8,
          11.30013,
          1.13715
        ]
      },
      "faces": {
        "north": {
          "uv": [
            11.25,
            4.5,
            11,
            5
          ],
          "rotation": 180,
          "texture": "#0"
        },
        "east": {
          "uv": [
            2,
            9.75,
            2.5,
            10.5
          ],
          "rotation": 270,
          "texture": "#0"
        },
        "south": {
          "uv": [
            4.75,
            11.5,
            4.5,
            11
          ],
          "texture": "#0"
        },
        "west": {
          "uv": [
            9.75,
            2,
            10.25,
            2.75
          ],
          "rotation": 90,
          "texture": "#0"
        },
        "up": {
          "uv": [
            4.75,
            9.75,
            5,
            10.5
          ],
          "rotation": 180,
          "texture": "#0"
        },
        "down": {
          "uv": [
            3.5,
            10.5,
            3.75,
            11.25
          ],
          "texture": "#0"
        }
      }
    },
    {
      "from": [
        5.52,
        15.45798,
        3.24316
      ],
      "to": [
        6.48,
        18.41798,
        4.20316
      ],
      "rotation": {
        "angle": 22.5,
        "axis": "x",
        "origin": [
          8,
          11.30013,
          1.13715
        ]
      },
      "faces": {
        "north": {
          "uv": [
            10.75,
            3.75,
            11,
            4.5
          ],
          "texture": "#0"
        },
        "east": {
          "uv": [
            4,
            10.75,
            4.25,
            11.5
          ],
          "texture": "#0"
        },
        "south": {
          "uv": [
            5,
            10.75,
            5.25,
            11.5
          ],
          "texture": "#0"
        },
        "west": {
          "uv": [
            5.25,
            10.75,
            5.5,
            11.5
          ],
          "texture": "#0"
        },
        "up": {
          "uv": [
            10.75,
            6.25,
            10.5,
            6
          ],
          "texture": "#0"
        },
        "down": {
          "uv": [
            0.5,
            11.25,
            0.25,
            11.5
          ],
          "texture": "#0"
        }
      }
    },
    {
      "from": [
        9.52,
        15.45798,
        3.24316
      ],
      "to": [
        10.48,
        18.41798,
        4.20316
      ],
      "rotation": {
        "angle": 22.5,
        "axis": "x",
        "origin": [
          8,
          11.30013,
          1.13715
        ]
      },
      "faces": {
        "north": {
          "uv": [
            4.75,
            10.5,
            5,
            11.25
          ],
          "texture": "#0"
        },
        "east": {
          "uv": [
            10,
            10.5,
            10.25,
            11.25
          ],
          "texture": "#0"
        },
        "south": {
          "uv": [
            10.75,
            3,
            11,
            3.75
          ],
          "texture": "#0"
        },
        "west": {
          "uv": [
            3.75,
            10.75,
            4,
            11.5
          ],
          "texture": "#0"
        },
        "up": {
          "uv": [
            3.25,
            10.5,
            3,
            10.25
          ],
          "texture": "#0"
        },
        "down": {
          "uv": [
            10.75,
            1,
            10.5,
            1.25
          ],
          "texture": "#0"
        }
      }
    },
    {
      "from": [
        9.51,
        14.06936,
        2.4594
      ],
      "to": [
        10.49,
        16.04936,
        5.4394
      ],
      "rotation": {
        "angle": 0,
        "axis": "y",
        "origin": [
          8,
          11.30013,
          1.13715
        ]
      },
      "faces": {
        "north": {
          "uv": [
            4.5,
            11,
            4.25,
            11.5
          ],
          "rotation": 180,
          "texture": "#0"
        },
        "east": {
          "uv": [
            1,
            9.75,
            1.5,
            10.5
          ],
          "rotation": 270,
          "texture": "#0"
        },
        "south": {
          "uv": [
            11,
            5.5,
            10.75,
            5
          ],
          "texture": "#0"
        },
        "west": {
          "uv": [
            1.5,
            9.75,
            2,
            10.5
          ],
          "rotation": 90,
          "texture": "#0"
        },
        "up": {
          "uv": [
            4.25,
            9,
            4.5,
            9.75
          ],
          "rotation": 180,
          "texture": "#0"
        },
        "down": {
          "uv": [
            4.25,
            9.75,
            4.5,
            10.5
          ],
          "texture": "#0"
        }
      }
    },
    {
      "from": [
        5.5,
        10.35246,
        0.27949
      ],
      "to": [
        10.5,
        14.35246,
        4.27949
      ],
      "rotation": {
        "angle": -22.5,
        "axis": "x",
        "origin": [
          8,
          11.30013,
          1.13715
        ]
      },
      "faces": {
        "north": {
          "uv": [
            5.75,
            2,
            4.5,
            3
          ],
          "rotation": 180,
          "texture": "#0"
        },
        "east": {
          "uv": [
            5.75,
            1.5,
            6.75,
            2.5
          ],
          "rotation": 270,
          "texture": "#0"
        },
        "south": {
          "uv": [
            2.75,
            5.5,
            1.5,
            4.5
          ],
          "texture": "#0"
        },
        "west": {
          "uv": [
            5.75,
            2.5,
            6.75,
            3.5
          ],
          "rotation": 90,
          "texture": "#0"
        },
        "up": {
          "uv": [
            4.5,
            0,
            5.75,
            1
          ],
          "rotation": 180,
          "texture": "#0"
        },
        "down": {
          "uv": [
            4.5,
            1,
            5.75,
            2
          ],
          "texture": "#0"
        }
      }
    },
    {
      "name": "cube_outline",
      "from": [
        10.6,
        14.45246,
        4.37949
      ],
      "to": [
        5.4,
        10.25246,
        0.17949
      ],
      "rotation": {
        "angle": -22.5,
        "axis": "x",
        "origin": [
          8,
          11.30013,
          1.13715
        ]
      },
      "faces": {
        "north": {
          "uv": [
            5,
            5.5,
            3.75,
            6.5
          ],
          "rotation": 180,
          "texture": "#0"
        },
        "east": {
          "uv": [
            6.5,
            3.5,
            7.5,
            4.5
          ],
          "rotation": 270,
          "texture": "#0"
        },
        "south": {
          "uv": [
            3.75,
            6.5,
            2.5,
            5.5
          ],
          "texture": "#0"
        },
        "west": {
          "uv": [
            4,
            6.5,
            5,
            7.5
          ],
          "rotation": 90,
          "texture": "#0"
        },
        "up": {
          "uv": [
            0,
            5.5,
            1.25,
            6.5
          ],
          "rotation": 180,
          "texture": "#0"
        },
        "down": {
          "uv": [
            1.25,
            5.5,
            2.5,
            6.5
          ],
          "texture": "#0"
        }
      }
    },
    {
      "name": "cube_outline",
      "from": [
        6.6,
        16.15936,
        5.5494
      ],
      "to": [
        5.4,
        13.95936,
        2.3494
      ],
      "rotation": {
        "angle": 0,
        "axis": "y",
        "origin": [
          8,
          11.30013,
          1.13715
        ]
      },
      "faces": {
        "north": {
          "uv": [
            7.75,
            11,
            7.5,
            11.5
          ],
          "rotation": 180,
          "texture": "#0"
        },
        "east": {
          "uv": [
            8.75,
            9.75,
            9.25,
            10.5
          ],
          "rotation": 270,
          "texture": "#0"
        },
        "south": {
          "uv": [
            11.25,
            7.75,
            11,
            7.25
          ],
          "texture": "#0"
        },
        "west": {
          "uv": [
            10,
            0,
            10.5,
            0.75
          ],
          "rotation": 90,
          "texture": "#0"
        },
        "up": {
          "uv": [
            10.25,
            10.75,
            10.5,
            11.5
          ],
          "rotation": 180,
          "texture": "#0"
        },
        "down": {
          "uv": [
            10.5,
            10.75,
            10.75,
            11.5
          ],
          "texture": "#0"
        }
      }
    },
    {
      "name": "cube_outline",
      "from": [
        6.6,
        18.53798,
        4.32316
      ],
      "to": [
        5.4,
        15.33798,
        3.12316
      ],
      "rotation": {
        "angle": 22.5,
        "axis": "x",
        "origin": [
          8,
          11.30013,
          1.13715
        ]
      },
      "faces": {
        "north": {
          "uv": [
            10.75,
            10.5,
            11,
            11.25
          ],
          "texture": "#0"
        },
        "east": {
          "uv": [
            11,
            0,
            11.25,
            0.75
          ],
          "texture": "#0"
        },
        "south": {
          "uv": [
            0.5,
            11,
            0.75,
            11.75
          ],
          "texture": "#0"
        },
        "west": {
          "uv": [
            0.75,
            11,
            1,
            11.75
          ],
          "texture": "#0"
        },
        "up": {
          "uv": [
            11.5,
            0.75,
            11.25,
            0.5
          ],
          "texture": "#0"
        },
        "down": {
          "uv": [
            11.5,
            1,
            11.25,
            1.25
          ],
          "texture": "#0"
        }
      }
    },
    {
      "name": "cube_outline",
      "from": [
        10.6,
        18.53798,
        4.32316
      ],
      "to": [
        9.4,
        15.33798,
        3.12316
      ],
      "rotation": {
        "angle": 22.5,
        "axis": "x",
        "origin": [
          8,
          11.30013,
          1.13715
        ]
      },
      "faces": {
        "north": {
          "uv": [
            1,
            11,
            1.25,
            11.75
          ],
          "texture": "#0"
        },
        "east": {
          "uv": [
            1.25,
            11,
            1.5,
            11.75
          ],
          "texture": "#0"
        },
        "south": {
          "uv": [
            1.5,
            11,
            1.75,
            11.75
          ],
          "texture": "#0"
        },
        "west": {
          "uv": [
            1.75,
            11,
            2,
            11.75
          ],
          "texture": "#0"
        },
        "up": {
          "uv": [
            11.5,
            1.5,
            11.25,
            1.25
          ],
          "texture": "#0"
        },
        "down": {
          "uv": [
            11.5,
            1.5,
            11.25,
            1.75
          ],
          "texture": "#0"
        }
      }
    },
    {
      "name": "cube_outline",
      "from": [
        10.6,
        16.15936,
        5.5494
      ],
      "to": [
        9.4,
        13.95936,
        2.3494
      ],
      "rotation": {
        "angle": 0,
        "axis": "y",
        "origin": [
          8,
          11.30013,
          1.13715
        ]
      },
      "faces": {
        "north": {
          "uv": [
            11.25,
            7.75,
            11,
            8.25
          ],
          "rotation": 180,
          "texture": "#0"
        },
        "east": {
          "uv": [
            3.75,
            10,
            4.25,
            10.75
          ],
          "rotation": 270,
          "texture": "#0"
        },
        "south": {
          "uv": [
            8,
            11.5,
            7.75,
            11
          ],
          "texture": "#0"
        },
        "west": {
          "uv": [
            10,
            5.5,
            10.5,
            6.25
          ],
          "rotation": 90,
          "texture": "#0"
        },
        "up": {
          "uv": [
            2,
            11,
            2.25,
            11.75
          ],
          "rotation": 180,
          "texture": "#0"
        },
        "down": {
          "uv": [
            2.25,
            11,
            2.5,
            11.75
          ],
          "texture": "#0"
        }
      }
    },
    {
      "from": [
        5.9,
        7.57165,
        0.66165
      ],
      "to": [
        10.1,
        11.77165,
        2.86165
      ],
      "rotation": {
        "angle": 22.5,
        "axis": "x",
        "origin": [
          8,
          10.94329,
          0.9097
        ]
      },
      "faces": {
        "north": {
          "uv": [
            3,
            7.5,
            2,
            6.5
          ],
          "rotation": 180,
          "texture": "#0"
        },
        "east": {
          "uv": [
            0.75,
            9.25,
            1.75,
            9.75
          ],
          "rotation": 90,
          "texture": "#0"
        },
        "south": {
          "uv": [
            4,
            6.5,
            3,
            7.5
          ],
          "texture": "#0"
        },
        "west": {
          "uv": [
            1.75,
            9.25,
            2.75,
            9.75
          ],
          "rotation": 270,
          "texture": "#0"
        },
        "up": {
          "uv": [
            9.25,
            1.5,
            10.25,
            2
          ],
          "texture": "#0"
        },
        "down": {
          "uv": [
            9,
            6.75,
            10,
            7.25
          ],
          "rotation": 180,
          "texture": "#0"
        }
      }
    },
    {
      "from": [
        9.9,
        7.68601,
        -0.91714
      ],
      "to": [
        9.9,
        8.68601,
        0.08286
      ],
      "rotation": {
        "angle": 0,
        "axis": "y",
        "origin": [
          8,
          10.94329,
          0.9097
        ]
      },
      "faces": {
        "north": {
          "uv": [
            0,
            0.25,
            0,
            0
          ],
          "rotation": 180,
          "texture": "#0"
        },
        "east": {
          "uv": [
            9,
            7.25,
            9.25,
            7.5
          ],
          "rotation": 90,
          "texture": "#0"
        },
        "south": {
          "uv": [
            0,
            0,
            0,
            0.25
          ],
          "texture": "#0"
        },
        "west": {
          "uv": [
            0.5,
            9.5,
            0.75,
            9.75
          ],
          "rotation": 270,
          "texture": "#0"
        },
        "up": {
          "uv": [
            0,
            0,
            0,
            0.25
          ],
          "texture": "#0"
        },
        "down": {
          "uv": [
            0,
            0,
            0,
            0.25
          ],
          "rotation": 180,
          "texture": "#0"
        }
      }
    },
    {
      "from": [
        6.1,
        7.68601,
        -0.91714
      ],
      "to": [
        6.1,
        8.68601,
        0.08286
      ],
      "rotation": {
        "angle": 0,
        "axis": "y",
        "origin": [
          8,
          10.94329,
          0.9097
        ]
      },
      "faces": {
        "north": {
          "uv": [
            0,
            0.25,
            0,
            0
          ],
          "rotation": 180,
          "texture": "#0"
        },
        "east": {
          "uv": [
            7.75,
            2.25,
            8,
            2.5
          ],
          "rotation": 90,
          "texture": "#0"
        },
        "south": {
          "uv": [
            0,
            0,
            0,
            0.25
          ],
          "texture": "#0"
        },
        "west": {
          "uv": [
            3.75,
            8,
            4,
            8.25
          ],
          "rotation": 270,
          "texture": "#0"
        },
        "up": {
          "uv": [
            0,
            0,
            0,
            0.25
          ],
          "texture": "#0"
        },
        "down": {
          "uv": [
            0,
            0,
            0,
            0.25
          ],
          "rotation": 180,
          "texture": "#0"
        }
      }
    },
    {
      "from": [
        6,
        7.67165,
        0.76165
      ],
      "to": [
        10,
        11.67165,
        2.76165
      ],
      "rotation": {
        "angle": 22.5,
        "axis": "x",
        "origin": [
          8,
          10.94329,
          0.9097
        ]
      },
      "faces": {
        "north": {
          "uv": [
            6,
            7,
            5,
            6
          ],
          "rotation": 180,
          "texture": "#0"
        },
        "east": {
          "uv": [
            0.75,
            8.75,
            1.75,
            9.25
          ],
          "rotation": 90,
          "texture": "#0"
        },
        "south": {
          "uv": [
            7,
            6,
            6,
            7
          ],
          "texture": "#0"
        },
        "west": {
          "uv": [
            1.75,
            8.75,
            2.75,
            9.25
          ],
          "rotation": 270,
          "texture": "#0"
        },
        "up": {
          "uv": [
            8.75,
            0.75,
            9.75,
            1.25
          ],
          "texture": "#0"
        },
        "down": {
          "uv": [
            7.5,
            5,
            8.5,
            5.5
          ],
          "rotation": 180,
          "texture": "#0"
        }
      }
    },
    {
      "name": "cube_outline",
      "from": [
        10,
        8.78601,
        0.18286
      ],
      "to": [
        9.8,
        7.58601,
        -1.01714
      ],
      "rotation": {
        "angle": 0,
        "axis": "y",
        "origin": [
          8,
          10.94329,
          0.9097
        ]
      },
      "faces": {
        "north": {
          "uv": [
            11.5,
            2.75,
            11.25,
            2.5
          ],
          "rotation": 180,
          "texture": "#0"
        },
        "east": {
          "uv": [
            11.25,
            2,
            11.5,
            2.25
          ],
          "rotation": 90,
          "texture": "#0"
        },
        "south": {
          "uv": [
            3,
            11.25,
            2.75,
            11.5
          ],
          "texture": "#0"
        },
        "west": {
          "uv": [
            2.5,
            11.25,
            2.75,
            11.5
          ],
          "rotation": 270,
          "texture": "#0"
        },
        "up": {
          "uv": [
            11.25,
            2.25,
            11.5,
            2.5
          ],
          "texture": "#0"
        },
        "down": {
          "uv": [
            11.25,
            1.75,
            11.5,
            2
          ],
          "rotation": 180,
          "texture": "#0"
        }
      }
    },
    {
      "name": "cube_outline",
      "from": [
        6.2,
        8.78601,
        0.18286
      ],
      "to": [
        6,
        7.58601,
        -1.01714
      ],
      "rotation": {
        "angle": 0,
        "axis": "y",
        "origin": [
          8,
          10.94329,
          0.9097
        ]
      },
      "faces": {
        "north": {
          "uv": [
            11.5,
            3.75,
            11.25,
            3.5
          ],
          "rotation": 180,
          "texture": "#0"
        },
        "east": {
          "uv": [
            11.25,
            3,
            11.5,
            3.25
          ],
          "rotation": 90,
          "texture": "#0"
        },
        "south": {
          "uv": [
            11.5,
            3.75,
            11.25,
            4
          ],
          "texture": "#0"
        },
        "west": {
          "uv": [
            3.5,
            11.25,
            3.75,
            11.5
          ],
          "rotation": 270,
          "texture": "#0"
        },
        "up": {
          "uv": [
            11.25,
            3.25,
            11.5,
            3.5
          ],
          "texture": "#0"
        },
        "down": {
          "uv": [
            11.25,
            2.75,
            11.5,
            3
          ],
          "rotation": 180,
          "texture": "#0"
        }
      }
    },
    {
      "name": "cube_outline",
      "from": [
        10.1,
        11.77165,
        2.86165
      ],
      "to": [
        5.9,
        7.57165,
        0.66165
      ],
      "rotation": {
        "angle": 22.5,
        "axis": "x",
        "origin": [
          8,
          10.94329,
          0.9097
        ]
      },
      "faces": {
        "north": {
          "uv": [
            7.5,
            5.5,
            6.5,
            4.5
          ],
          "rotation": 180,
          "texture": "#0"
        },
        "east": {
          "uv": [
            9.25,
            3.5,
            10.25,
            4
          ],
          "rotation": 90,
          "texture": "#0"
        },
        "south": {
          "uv": [
            7.75,
            1.5,
            6.75,
            2.5
          ],
          "texture": "#0"
        },
        "west": {
          "uv": [
            9.25,
            5,
            10.25,
            5.5
          ],
          "rotation": 270,
          "texture": "#0"
        },
        "up": {
          "uv": [
            9.25,
            4,
            10.25,
            4.5
          ],
          "texture": "#0"
        },
        "down": {
          "uv": [
            2.75,
            9.25,
            3.75,
            9.75
          ],
          "rotation": 180,
          "texture": "#0"
        }
      }
    },
    {
      "from": [
        6.47487,
        11.199,
        8.5
      ],
      "to": [
        14.47487,
        11.199,
        9.5
      ],
      "rotation": {
        "angle": 45,
        "axis": "y",
        "origin": [
          10.47487,
          11.199,
          9
        ]
      },
      "faces": {
        "north": {
          "uv": [
            0,
            0,
            2,
            0
          ],
          "texture": "#0"
        },
        "east": {
          "uv": [
            0,
            0,
            0.25,
            0
          ],
          "texture": "#0"
        },
        "south": {
          "uv": [
            0,
            0,
            2,
            0
          ],
          "texture": "#0"
        },
        "west": {
          "uv": [
            0,
            0,
            0.25,
            0
          ],
          "texture": "#0"
        },
        "up": {
          "uv": [
            10,
            3.25,
            8,
            3
          ],
          "texture": "#0"
        },
        "down": {
          "uv": [
            10,
            3.25,
            8,
            3.5
          ],
          "texture": "#0"
        }
      }
    },
    {
      "from": [
        4.94437,
        11.199,
        4.20503
      ],
      "to": [
        5.94437,
        11.199,
        12.20503
      ],
      "rotation": {
        "angle": 45,
        "axis": "y",
        "origin": [
          6.44437,
          11.199,
          8.50503
        ]
      },
      "faces": {
        "north": {
          "uv": [
            0,
            0,
            0.25,
            0
          ],
          "texture": "#0"
        },
        "east": {
          "uv": [
            0,
            0,
            2,
            0
          ],
          "texture": "#0"
        },
        "south": {
          "uv": [
            0,
            0,
            0.25,
            0
          ],
          "texture": "#0"
        },
        "west": {
          "uv": [
            0,
            0,
            2,
            0
          ],
          "texture": "#0"
        },
        "up": {
          "uv": [
            10.75,
            1.5,
            8.75,
            1.25
          ],
          "rotation": 90,
          "texture": "#0"
        },
        "down": {
          "uv": [
            10.75,
            2.75,
            8.75,
            3
          ],
          "rotation": 270,
          "texture": "#0"
        }
      }
    },
    {
      "from": [
        3.83871,
        8.5,
        0.3668
      ],
      "to": [
        6.83871,
        11.5,
        3.3668
      ],
      "rotation": {
        "angle": 22.5,
        "axis": "y",
        "origin": [
          5.83453,
          10.3,
          1.60933
        ]
      },
      "faces": {
        "north": {
          "uv": [
            4,
            7.5,
            4.75,
            8.25
          ],
          "texture": "#0"
        },
        "east": {
          "uv": [
            7.5,
            6,
            8.25,
            6.75
          ],
          "texture": "#0"
        },
        "south": {
          "uv": [
            7.5,
            6.75,
            8.25,
            7.5
          ],
          "texture": "#0"
        },
        "west": {
          "uv": [
            7,
            7.5,
            7.75,
            8.25
          ],
          "texture": "#0"
        },
        "up": {
          "uv": [
            8.5,
            2.25,
            7.75,
            1.5
          ],
          "texture": "#0"
        },
        "down": {
          "uv": [
            8.5,
            7.5,
            7.75,
            8.25
          ],
          "texture": "#0"
        }
      }
    },
    {
      "from": [
        2.93484,
        10.1,
        4.83514
      ],
      "to": [
        3.93484,
        11.1,
        6.83514
      ],
      "rotation": {
        "angle": 0,
        "axis": "y",
        "origin": [
          5.83453,
          10.3,
          1.60933
        ]
      },
      "faces": {
        "north": {
          "uv": [
            9.75,
            5.5,
            10,
            5.75
          ],
          "texture": "#0"
        },
        "east": {
          "uv": [
            9.25,
            5.5,
            9.75,
            5.75
          ],
          "texture": "#0"
        },
        "south": {
          "uv": [
            6,
            9.75,
            6.25,
            10
          ],
          "texture": "#0"
        },
        "west": {
          "uv": [
            10.25,
            2.5,
            10.75,
            2.75
          ],
          "texture": "#0"
        },
        "up": {
          "uv": [
            11.25,
            6,
            11,
            5.5
          ],
          "texture": "#0"
        },
        "down": {
          "uv": [
            6,
            11,
            5.75,
            11.5
          ],
          "texture": "#0"
        }
      }
    },
    {
      "from": [
        0.93484,
        9.1,
        2.83514
      ],
      "to": [
        2.93484,
        11.1,
        6.83514
      ],
      "rotation": {
        "angle": 0,
        "axis": "y",
        "origin": [
          5.83453,
          10.3,
          1.60933
        ]
      },
      "faces": {
        "north": {
          "uv": [
            4.25,
            10.5,
            4.75,
            11
          ],
          "texture": "#0"
        },
        "east": {
          "uv": [
            8.75,
            4.5,
            9.75,
            5
          ],
          "texture": "#0"
        },
        "south": {
          "uv": [
            10.5,
            4.5,
            11,
            5
          ],
          "texture": "#0"
        },
        "west": {
          "uv": [
            9,
            5.75,
            10,
            6.25
          ],
          "texture": "#0"
        },
        "up": {
          "uv": [
            4.25,
            10,
            3.75,
            9
          ],
          "texture": "#0"
        },
        "down": {
          "uv": [
            6.75,
            9,
            6.25,
            10
          ],
          "texture": "#0"
        }
      }
    },
    {
      "from": [
        -2.22456,
        9.1,
        3.51769
      ],
      "to": [
        -0.22456,
        11.1,
        4.51769
      ],
      "rotation": {
        "angle": 22.5,
        "axis": "y",
        "origin": [
          5.83453,
          10.3,
          1.60933
        ]
      },
      "faces": {
        "north": {
          "uv": [
            2,
            10.5,
            2.5,
            11
          ],
          "texture": "#0"
        },
        "east": {
          "uv": [
            11,
            5,
            11.25,
            5.5
          ],
          "texture": "#0"
        },
        "south": {
          "uv": [
            3,
            10.5,
            3.5,
            11
          ],
          "texture": "#0"
        },
        "west": {
          "uv": [
            5.5,
            11,
            5.75,
            11.5
          ],
          "texture": "#0"
        },
        "up": {
          "uv": [
            9,
            6,
            8.5,
            5.75
          ],
          "texture": "#0"
        },
        "down": {
          "uv": [
            9.75,
            2,
            9.25,
            2.25
          ],
          "texture": "#0"
        }
      }
    },
    {
      "from": [
        -2.23456,
        9.09,
        3.50769
      ],
      "to": [
        -1.21456,
        11.11,
        6.52769
      ],
      "rotation": {
        "angle": 22.5,
        "axis": "y",
        "origin": [
          5.83453,
          10.3,
          1.60933
        ]
      },
      "faces": {
        "north": {
          "uv": [
            8,
            11,
            8.25,
            11.5
          ],
          "texture": "#0"
        },
        "east": {
          "uv": [
            9.75,
            4.5,
            10.5,
            5
          ],
          "texture": "#0"
        },
        "south": {
          "uv": [
            8.25,
            11,
            8.5,
            11.5
          ],
          "texture": "#0"
        },
        "west": {
          "uv": [
            10,
            3,
            10.75,
            3.5
          ],
          "texture": "#0"
        },
        "up": {
          "uv": [
            3.25,
            11.75,
            3,
            11
          ],
          "texture": "#0"
        },
        "down": {
          "uv": [
            11.25,
            3,
            11,
            3.75
          ],
          "texture": "#0"
        }
      }
    },
    {
      "from": [
        -2.32456,
        9,
        4.41769
      ],
      "to": [
        -1.12456,
        11.2,
        6.61769
      ],
      "rotation": {
        "angle": 22.5,
        "axis": "y",
        "origin": [
          5.83453,
          10.3,
          1.60933
        ]
      },
      "faces": {
        "north": {
          "uv": [
            11,
            10.25,
            11.25,
            10.75
          ],
          "texture": "#0"
        },
        "east": {
          "uv": [
            2.5,
            10.75,
            3,
            11.25
          ],
          "texture": "#0"
        },
        "south": {
          "uv": [
            11,
            10.75,
            11.25,
            11.25
          ],
          "texture": "#0"
        },
        "west": {
          "uv": [
            10.75,
            2.5,
            11.25,
            3
          ],
          "texture": "#0"
        },
        "up": {
          "uv": [
            0.25,
            11.75,
            0,
            11.25
          ],
          "texture": "#0"
        },
        "down": {
          "uv": [
            11.5,
            0,
            11.25,
            0.5
          ],
          "texture": "#0"
        }
      }
    },
    {
      "from": [
        0.92484,
        9.09,
        2.82514
      ],
      "to": [
        2.94484,
        11.11,
        4.84514
      ],
      "rotation": {
        "angle": 0,
        "axis": "y",
        "origin": [
          5.83453,
          10.3,
          1.60933
        ]
      },
      "faces": {
        "north": {
          "uv": [
            10.25,
            10.25,
            10.75,
            10.75
          ],
          "texture": "#0"
        },
        "east": {
          "uv": [
            10.5,
            0,
            11,
            0.5
          ],
          "texture": "#0"
        },
        "south": {
          "uv": [
            0.5,
            10.5,
            1,
            11
          ],
          "texture": "#0"
        },
        "west": {
          "uv": [
            10.5,
            0.5,
            11,
            1
          ],
          "texture": "#0"
        },
        "up": {
          "uv": [
            1.5,
            11,
            1,
            10.5
          ],
          "texture": "#0"
        },
        "down": {
          "uv": [
            2,
            10.5,
            1.5,
            11
          ],
          "texture": "#0"
        }
      }
    },
    {
      "from": [
        0.81871,
        9.08,
        0.8468
      ],
      "to": [
        2.85871,
        11.12,
        2.8868
      ],
      "rotation": {
        "angle": 22.5,
        "axis": "y",
        "origin": [
          5.83453,
          10.3,
          1.60933
        ]
      },
      "faces": {
        "north": {
          "uv": [
            6.75,
            10,
            7.25,
            10.5
          ],
          "texture": "#0"
        },
        "east": {
          "uv": [
            10,
            6.75,
            10.5,
            7.25
          ],
          "texture": "#0"
        },
        "south": {
          "uv": [
            7.25,
            10,
            7.75,
            10.5
          ],
          "texture": "#0"
        },
        "west": {
          "uv": [
            10,
            7.25,
            10.5,
            7.75
          ],
          "texture": "#0"
        },
        "up": {
          "uv": [
            8.25,
            10.5,
            7.75,
            10
          ],
          "texture": "#0"
        },
        "down": {
          "uv": [
            10.5,
            7.75,
            10,
            8.25
          ],
          "texture": "#0"
        }
      }
    },
    {
      "from": [
        0.83871,
        9.1,
        0.8668
      ],
      "to": [
        5.83871,
        11.1,
        2.8668
      ],
      "rotation": {
        "angle": 22.5,
        "axis": "y",
        "origin": [
          5.83453,
          10.3,
          1.60933
        ]
      },
      "faces": {
        "north": {
          "uv": [
            6.75,
            2.5,
            8,
            3
          ],
          "texture": "#0"
        },
        "east": {
          "uv": [
            10.25,
            5,
            10.75,
            5.5
          ],
          "texture": "#0"
        },
        "south": {
          "uv": [
            6.75,
            3,
            8,
            3.5
          ],
          "texture": "#0"
        },
        "west": {
          "uv": [
            10.25,
            9.75,
            10.75,
            10.25
          ],
          "texture": "#0"
        },
        "up": {
          "uv": [
            8.5,
            6,
            7.25,
            5.5
          ],
          "texture": "#0"
        },
        "down": {
          "uv": [
            2.75,
            7.5,
            1.5,
            8
          ],
          "texture": "#0"
        }
      }
    },
    {
      "from": [
        3.73871,
        8.4,
        0.2668
      ],
      "to": [
        6.93871,
        11.6,
        3.4668
      ],
      "rotation": {
        "angle": 22.5,
        "axis": "y",
        "origin": [
          5.83453,
          10.3,
          1.60933
        ]
      },
      "faces": {
        "north": {
          "uv": [
            8.5,
            1.5,
            9.25,
            2.25
          ],
          "texture": "#0"
        },
        "east": {
          "uv": [
            8.5,
            5,
            9.25,
            5.75
          ],
          "texture": "#0"
        },
        "south": {
          "uv": [
            5.5,
            8.5,
            6.25,
            9.25
          ],
          "texture": "#0"
        },
        "west": {
          "uv": [
            8.5,
            7.5,
            9.25,
            8.25
          ],
          "texture": "#0"
        },
        "up": {
          "uv": [
            0.75,
            9.5,
            0,
            8.75
          ],
          "texture": "#0"
        },
        "down": {
          "uv": [
            9.5,
            0,
            8.75,
            0.75
          ],
          "texture": "#0"
        }
      }
    },
    {
      "from": [
        9.06129,
        8.4,
        0.2668
      ],
      "to": [
        12.26129,
        11.6,
        3.4668
      ],
      "rotation": {
        "angle": -22.5,
        "axis": "y",
        "origin": [
          10.16547,
          10.3,
          1.60933
        ]
      },
      "faces": {
        "north": {
          "uv": [
            8,
            0,
            8.75,
            0.75
          ],
          "texture": "#0"
        },
        "east": {
          "uv": [
            8,
            0.75,
            8.75,
            1.5
          ],
          "texture": "#0"
        },
        "south": {
          "uv": [
            1.5,
            8,
            2.25,
            8.75
          ],
          "texture": "#0"
        },
        "west": {
          "uv": [
            2.25,
            8,
            3,
            8.75
          ],
          "texture": "#0"
        },
        "up": {
          "uv": [
            8.75,
            3,
            8,
            2.25
          ],
          "texture": "#0"
        },
        "down": {
          "uv": [
            3.75,
            8,
            3,
            8.75
          ],
          "texture": "#0"
        }
      }
    },
    {
      "from": [
        9.16129,
        8.5,
        0.3668
      ],
      "to": [
        12.16129,
        11.5,
        3.3668
      ],
      "rotation": {
        "angle": -22.5,
        "axis": "y",
        "origin": [
          10.16547,
          10.3,
          1.60933
        ]
      },
      "faces": {
        "north": {
          "uv": [
            3.75,
            8.25,
            4.5,
            9
          ],
          "texture": "#0"
        },
        "east": {
          "uv": [
            8.25,
            6,
            9,
            6.75
          ],
          "texture": "#0"
        },
        "south": {
          "uv": [
            6.5,
            8.25,
            7.25,
            9
          ],
          "texture": "#0"
        },
        "west": {
          "uv": [
            8.25,
            6.75,
            9,
            7.5
          ],
          "texture": "#0"
        },
        "up": {
          "uv": [
            8,
            9,
            7.25,
            8.25
          ],
          "texture": "#0"
        },
        "down": {
          "uv": [
            8.75,
            8.25,
            8,
            9
          ],
          "texture": "#0"
        }
      }
    },
    {
      "from": [
        12.06516,
        10.1,
        4.83514
      ],
      "to": [
        13.06516,
        11.1,
        6.83514
      ],
      "rotation": {
        "angle": 0,
        "axis": "y",
        "origin": [
          10.16547,
          10.3,
          1.60933
        ]
      },
      "faces": {
        "north": {
          "uv": [
            9.25,
            9.75,
            9.5,
            10
          ],
          "texture": "#0"
        },
        "east": {
          "uv": [
            11,
            0.75,
            11.5,
            1
          ],
          "texture": "#0"
        },
        "south": {
          "uv": [
            10,
            9.75,
            10.25,
            10
          ],
          "texture": "#0"
        },
        "west": {
          "uv": [
            6,
            11,
            6.5,
            11.25
          ],
          "texture": "#0"
        },
        "up": {
          "uv": [
            11.25,
            6.5,
            11,
            6
          ],
          "texture": "#0"
        },
        "down": {
          "uv": [
            6.75,
            11,
            6.5,
            11.5
          ],
          "texture": "#0"
        }
      }
    },
    {
      "from": [
        13.06516,
        9.1,
        2.83514
      ],
      "to": [
        15.06516,
        11.1,
        6.83514
      ],
      "rotation": {
        "angle": 0,
        "axis": "y",
        "origin": [
          10.16547,
          10.3,
          1.60933
        ]
      },
      "faces": {
        "north": {
          "uv": [
            5.5,
            10.5,
            6,
            11
          ],
          "texture": "#0"
        },
        "east": {
          "uv": [
            9,
            6.25,
            10,
            6.75
          ],
          "texture": "#0"
        },
        "south": {
          "uv": [
            10.5,
            5.5,
            11,
            6
          ],
          "texture": "#0"
        },
        "west": {
          "uv": [
            6.75,
            9,
            7.75,
            9.5
          ],
          "texture": "#0"
        },
        "up": {
          "uv": [
            8.25,
            10,
            7.75,
            9
          ],
          "texture": "#0"
        },
        "down": {
          "uv": [
            8.75,
            9,
            8.25,
            10
          ],
          "texture": "#0"
        }
      }
    },
    {
      "from": [
        16.22456,
        9.1,
        3.51769
      ],
      "to": [
        18.22456,
        11.1,
        4.51769
      ],
      "rotation": {
        "angle": -22.5,
        "axis": "y",
        "origin": [
          10.16547,
          10.3,
          1.60933
        ]
      },
      "faces": {
        "north": {
          "uv": [
            6,
            10.5,
            6.5,
            11
          ],
          "texture": "#0"
        },
        "east": {
          "uv": [
            11,
            6.5,
            11.25,
            7
          ],
          "texture": "#0"
        },
        "south": {
          "uv": [
            6.5,
            10.5,
            7,
            11
          ],
          "texture": "#0"
        },
        "west": {
          "uv": [
            6.75,
            11,
            7,
            11.5
          ],
          "texture": "#0"
        },
        "up": {
          "uv": [
            7.5,
            11.25,
            7,
            11
          ],
          "texture": "#0"
        },
        "down": {
          "uv": [
            11.5,
            7,
            11,
            7.25
          ],
          "texture": "#0"
        }
      }
    },
    {
      "from": [
        13.05516,
        9.09,
        2.82514
      ],
      "to": [
        15.07516,
        11.11,
        4.84514
      ],
      "rotation": {
        "angle": 0,
        "axis": "y",
        "origin": [
          10.16547,
          10.3,
          1.60933
        ]
      },
      "faces": {
        "north": {
          "uv": [
            10.5,
            6.75,
            11,
            7.25
          ],
          "texture": "#0"
        },
        "east": {
          "uv": [
            7,
            10.5,
            7.5,
            11
          ],
          "texture": "#0"
        },
        "south": {
          "uv": [
            10.5,
            7.25,
            11,
            7.75
          ],
          "texture": "#0"
        },
        "west": {
          "uv": [
            7.5,
            10.5,
            8,
            11
          ],
          "texture": "#0"
        },
        "up": {
          "uv": [
            11,
            8.25,
            10.5,
            7.75
          ],
          "texture": "#0"
        },
        "down": {
          "uv": [
            8.5,
            10.5,
            8,
            11
          ],
          "texture": "#0"
        }
      }
    },
    {
      "from": [
        13.14129,
        9.08,
        0.8468
      ],
      "to": [
        15.18129,
        11.12,
        2.8868
      ],
      "rotation": {
        "angle": -22.5,
        "axis": "y",
        "origin": [
          10.16547,
          10.3,
          1.60933
        ]
      },
      "faces": {
        "north": {
          "uv": [
            10.5,
            8.25,
            11,
            8.75
          ],
          "texture": "#0"
        },
        "east": {
          "uv": [
            8.5,
            10.5,
            9,
            11
          ],
          "texture": "#0"
        },
        "south": {
          "uv": [
            10.5,
            8.75,
            11,
            9.25
          ],
          "texture": "#0"
        },
        "west": {
          "uv": [
            9,
            10.5,
            9.5,
            11
          ],
          "texture": "#0"
        },
        "up": {
          "uv": [
            11,
            9.75,
            10.5,
            9.25
          ],
          "texture": "#0"
        },
        "down": {
          "uv": [
            10,
            10.5,
            9.5,
            11
          ],
          "texture": "#0"
        }
      }
    },
    {
      "from": [
        10.16129,
        9.1,
        0.8668
      ],
      "to": [
        15.16129,
        11.1,
        2.8668
      ],
      "rotation": {
        "angle": -22.5,
        "axis": "y",
        "origin": [
          10.16547,
          10.3,
          1.60933
        ]
      },
      "faces": {
        "north": {
          "uv": [
            2.75,
            7.5,
            4,
            8
          ],
          "texture": "#0"
        },
        "east": {
          "uv": [
            0,
            10.75,
            0.5,
            11.25
          ],
          "texture": "#0"
        },
        "south": {
          "uv": [
            7.5,
            3.5,
            8.75,
            4
          ],
          "texture": "#0"
        },
        "west": {
          "uv": [
            10.75,
            1,
            11.25,
            1.5
          ],
          "texture": "#0"
        },
        "up": {
          "uv": [
            8.75,
            4.5,
            7.5,
            4
          ],
          "texture": "#0"
        },
        "down": {
          "uv": [
            8.75,
            4.5,
            7.5,
            5
          ],
          "texture": "#0"
        }
      }
    },
    {
      "from": [
        17.21456,
        9.09,
        3.50769
      ],
      "to": [
        18.23456,
        11.11,
        6.52769
      ],
      "rotation": {
        "angle": -22.5,
        "axis": "y",
        "origin": [
          10.16547,
          10.3,
          1.60933
        ]
      },
      "faces": {
        "north": {
          "uv": [
            9,
            11,
            9.25,
            11.5
          ],
          "texture": "#0"
        },
        "east": {
          "uv": [
            6,
            10,
            6.75,
            10.5
          ],
          "texture": "#0"
        },
        "south": {
          "uv": [
            9.25,
            11,
            9.5,
            11.5
          ],
          "texture": "#0"
        },
        "west": {
          "uv": [
            10,
            6.25,
            10.75,
            6.75
          ],
          "texture": "#0"
        },
        "up": {
          "uv": [
            3.5,
            11.75,
            3.25,
            11
          ],
          "texture": "#0"
        },
        "down": {
          "uv": [
            11.25,
            3.75,
            11,
            4.5
          ],
          "texture": "#0"
        }
      }
    },
    {
      "from": [
        17.12456,
        9,
        4.41769
      ],
      "to": [
        18.32456,
        11.2,
        6.61769
      ],
      "rotation": {
        "angle": -22.5,
        "axis": "y",
        "origin": [
          10.16547,
          10.3,
          1.60933
        ]
      },
      "faces": {
        "north": {
          "uv": [
            11,
            9.25,
            11.25,
            9.75
          ],
          "texture": "#0"
        },
        "east": {
          "uv": [
            10.75,
            1.5,
            11.25,
            2
          ],
          "texture": "#0"
        },
        "south": {
          "uv": [
            9.5,
            11,
            9.75,
            11.5
          ],
          "texture": "#0"
        },
        "west": {
          "uv": [
            10.75,
            2,
            11.25,
            2.5
          ],
          "texture": "#0"
        },
        "up": {
          "uv": [
            10,
            11.5,
            9.75,
            11
          ],
          "texture": "#0"
        },
        "down": {
          "uv": [
            11.25,
            9.75,
            11,
            10.25
          ],
          "texture": "#0"
        }
      }
    }
  ],
  "gui_light": "front"
}