{
  "texture_size": [
    64,
    64
  ],
  "elements": [
    {
      "from": [
        3,
        4,
        3
      ],
      "to": [
        13,
        9,
        13
      ],
      "rotation": {
        "angle": 0,
        "axis": "x",
        "origin": [
          8,
          6.5,
          8
        ]
      },
      "faces": {
        "north": {
          "uv": [
            2.5,
            0,
            5,
            1.25
          ],
          "texture": "#0"
        },
        "east": {
          "uv": [
            2.5,
            1.25,
            5,
            2.5
          ],
          "texture": "#0"
        },
        "south": {
          "uv": [
            2.5,
            2.5,
            5,
            3.75
          ],
          "texture": "#0"
        },
        "west": {
          "uv": [
            2.5,
            3.75,
            5,
            5
          ],
          "texture": "#0"
        },
        "up": {
          "uv": [
            2.5,
            2.5,
            0,
            0
          ],
          "texture": "#0"
        },
        "down": {
          "uv": [
            2.5,
            2.5,
            0,
            5
          ],
          "texture": "#0"
        }
      }
    },
    {
      "from": [
        5,
        3,
        11
      ],
      "to": [
        11,
        6,
        14
      ],
      "rotation": {
        "angle": 22.5,
        "axis": "x",
        "origin": [
          8,
          6.5,
          18
        ]
      },
      "faces": {
        "north": {
          "uv": [
            9.5,
            4,
            11,
            4.75
          ],
          "texture": "#0"
        },
        "east": {
          "uv": [
            8.75,
            4,
            9.5,
            4.75
          ],
          "texture": "#0"
        },
        "south": {
          "uv": [
            11.75,
            4,
            13.25,
            4.75
          ],
          "texture": "#0"
        },
        "west": {
          "uv": [
            11,
            4,
            11.75,
            4.75
          ],
          "texture": "#0"
        },
        "up": {
          "uv": [
            11,
            4,
            9.5,
            3.25
          ],
          "texture": "#0"
        },
        "down": {
          "uv": [
            12.5,
            3.25,
            11,
            4
          ],
          "texture": "#0"
        }
      }
    },
    {
      "from": [
        5,
        3,
        14
      ],
      "to": [
        11,
        6,
        18
      ],
      "rotation": {
        "angle": 22.5,
        "axis": "x",
        "origin": [
          8,
          6.5,
          18
        ]
      },
      "faces": {
        "east": {
          "uv": [
            9.75,
            8.25,
            10.75,
            9
          ],
          "texture": "#0"
        },
        "west": {
          "uv": [
            11,
            8.25,
            12,
            9
          ],
          "texture": "#0"
        },
        "up": {
          "uv": [
            11,
            7.5,
            9.5,
            6.5
          ],
          "texture": "#0"
        }
      }
    },
    {
      "from": [
        11,
        8.2961,
        18.45672
      ],
      "to": [
        5,
        5.2961,
        14.45672
      ],
      "rotation": {
        "angle": 22.5,
        "axis": "x",
        "origin": [
          8,
          8.7961,
          12.45672
        ]
      },
      "faces": {
        "east": {
          "uv": [
            9.75,
            8.25,
            10.75,
            9
          ],
          "rotation": 180,
          "texture": "#0"
        },
        "west": {
          "uv": [
            11,
            8.25,
            12,
            9
          ],
          "rotation": 180,
          "texture": "#0"
        },
        "down": {
          "uv": [
            11,
            6.5,
            9.5,
            7.5
          ],
          "rotation": 180,
          "texture": "#0"
        }
      }
    },
    {
      "from": [
        6,
        5.0208,
        0.71843
      ],
      "to": [
        10,
        10.0208,
        4.71843
      ],
      "rotation": {
        "angle": -22.5,
        "axis": "x",
        "origin": [
          8,
          12.86368,
          3.03307
        ]
      },
      "faces": {
        "north": {
          "uv": [
            5,
            1.25,
            6,
            2.5
          ],
          "texture": "#0"
        },
        "east": {
          "uv": [
            1.75,
            5,
            2.75,
            6.25
          ],
          "texture": "#0"
        },
        "south": {
          "uv": [
            5,
            2.5,
            6,
            3.75
          ],
          "texture": "#0"
        },
        "west": {
          "uv": [
            2.75,
            5,
            3.75,
            6.25
          ],
          "texture": "#0"
        },
        "up": {
          "uv": [
            4.75,
            6,
            3.75,
            5
          ],
          "texture": "#0"
        },
        "down": {
          "uv": [
            6,
            3.75,
            5,
            4.75
          ],
          "texture": "#0"
        }
      }
    },
    {
      "from": [
        7.01,
        9.24347,
        4.38371
      ],
      "to": [
        8.99,
        12.22347,
        6.36371
      ],
      "rotation": {
        "angle": 22.5,
        "axis": "x",
        "origin": [
          8,
          13.65461,
          2.79704
        ]
      },
      "faces": {
        "north": {
          "uv": [
            4.25,
            6.75,
            4.75,
            7.5
          ],
          "texture": "#0"
        },
        "east": {
          "uv": [
            4.75,
            6.75,
            5.25,
            7.5
          ],
          "texture": "#0"
        },
        "south": {
          "uv": [
            6.75,
            4.75,
            7.25,
            5.5
          ],
          "texture": "#0"
        },
        "west": {
          "uv": [
            6.75,
            5.5,
            7.25,
            6.25
          ],
          "texture": "#0"
        },
        "up": {
          "uv": [
            7.75,
            0.5,
            7.25,
            0
          ],
          "texture": "#0"
        },
        "down": {
          "uv": [
            7.75,
            0.5,
            7.25,
            1
          ],
          "texture": "#0"
        }
      }
    },
    {
      "from": [
        7,
        9.65411,
        2.08745
      ],
      "to": [
        9,
        11.65411,
        5.08745
      ],
      "rotation": {
        "angle": -45,
        "axis": "x",
        "origin": [
          8,
          13.65461,
          2.79704
        ]
      },
      "faces": {
        "north": {
          "uv": [
            7.25,
            2.25,
            7.75,
            2.75
          ],
          "texture": "#0"
        },
        "east": {
          "uv": [
            5.75,
            6.75,
            6.5,
            7.25
          ],
          "texture": "#0"
        },
        "south": {
          "uv": [
            3.25,
            7.25,
            3.75,
            7.75
          ],
          "texture": "#0"
        },
        "west": {
          "uv": [
            6.75,
            6.25,
            7.5,
            6.75
          ],
          "texture": "#0"
        },
        "up": {
          "uv": [
            7,
            7.5,
            6.5,
            6.75
          ],
          "texture": "#0"
        },
        "down": {
          "uv": [
            0.5,
            7,
            0,
            7.75
          ],
          "texture": "#0"
        }
      }
    },
    {
      "from": [
        7,
        16.06633,
        0.67622
      ],
      "to": [
        9,
        18.06633,
        4.67622
      ],
      "rotation": {
        "angle": 45,
        "axis": "x",
        "origin": [
          8,
          13.65461,
          2.79704
        ]
      },
      "faces": {
        "north": {
          "uv": [
            5.25,
            7.25,
            5.75,
            7.75
          ],
          "texture": "#0"
        },
        "east": {
          "uv": [
            6.5,
            3,
            7.5,
            3.5
          ],
          "texture": "#0"
        },
        "south": {
          "uv": [
            7.25,
            5.5,
            7.75,
            6
          ],
          "texture": "#0"
        },
        "west": {
          "uv": [
            6.5,
            3.5,
            7.5,
            4
          ],
          "texture": "#0"
        },
        "up": {
          "uv": [
            3.75,
            7.25,
            3.25,
            6.25
          ],
          "texture": "#0"
        },
        "down": {
          "uv": [
            7.25,
            0,
            6.75,
            1
          ],
          "texture": "#0"
        }
      }
    },
    {
      "from": [
        6,
        15.58047,
        2.15519
      ],
      "to": [
        10,
        18.58047,
        6.15519
      ],
      "rotation": {
        "angle": -22.5,
        "axis": "x",
        "origin": [
          8,
          13.65461,
          2.79704
        ]
      },
      "faces": {
        "north": {
          "uv": [
            6,
            4,
            7,
            4.75
          ],
          "texture": "#0"
        },
        "east": {
          "uv": [
            2,
            6.25,
            1,
            7
          ],
          "texture": "#0"
        },
        "south": {
          "uv": [
            0,
            6.25,
            1,
            7
          ],
          "texture": "#0"
        },
        "west": {
          "uv": [
            1,
            6.25,
            2,
            7
          ],
          "texture": "#0"
        },
        "up": {
          "uv": [
            5.75,
            6,
            4.75,
            5
          ],
          "texture": "#0"
        },
        "down": {
          "uv": [
            6.75,
            4.75,
            5.75,
            5.75
          ],
          "texture": "#0"
        }
      }
    },
    {
      "from": [
        7,
        13.40385,
        -1.22637
      ],
      "to": [
        9,
        15.40385,
        2.77363
      ],
      "rotation": {
        "angle": -45,
        "axis": "x",
        "origin": [
          8,
          14.65385,
          -0.47637
        ]
      },
      "faces": {
        "north": {
          "uv": [
            7.5,
            7.25,
            8,
            7.75
          ],
          "texture": "#0"
        },
        "east": {
          "uv": [
            8.5,
            12.25,
            7.5,
            12.75
          ],
          "texture": "#0"
        },
        "south": {
          "uv": [
            7.5,
            9.5,
            8,
            10
          ],
          "texture": "#0"
        },
        "west": {
          "uv": [
            7.5,
            12.25,
            8.5,
            12.75
          ],
          "texture": "#0"
        },
        "up": {
          "uv": [
            3,
            7,
            2.5,
            6.25
          ],
          "texture": "#0"
        },
        "down": {
          "uv": [
            7.5,
            7.75,
            7,
            8.75
          ],
          "texture": "#0"
        }
      }
    },
    {
      "from": [
        7,
        12.40385,
        -1.22637
      ],
      "to": [
        9,
        13.40385,
        -0.22637
      ],
      "rotation": {
        "angle": -45,
        "axis": "x",
        "origin": [
          8,
          14.65385,
          -0.47637
        ]
      },
      "faces": {
        "north": {
          "uv": [
            5,
            4.75,
            5.5,
            5
          ],
          "texture": "#0"
        },
        "east": {
          "uv": [
            6.75,
            1,
            7,
            1.25
          ],
          "texture": "#0"
        },
        "south": {
          "uv": [
            7.25,
            2.75,
            7.75,
            3
          ],
          "texture": "#0"
        },
        "west": {
          "uv": [
            7,
            4.5,
            7.25,
            4.75
          ],
          "texture": "#0"
        },
        "up": {
          "uv": [
            6.25,
            7.5,
            5.75,
            7.25
          ],
          "texture": "#0"
        },
        "down": {
          "uv": [
            7.75,
            6,
            7.25,
            6.25
          ],
          "texture": "#0"
        }
      }
    },
    {
      "from": [
        7.01,
        12.45539,
        5.25539
      ],
      "to": [
        8.99,
        15.43539,
        7.23539
      ],
      "rotation": {
        "angle": 0,
        "axis": "x",
        "origin": [
          8,
          13.65461,
          2.79704
        ]
      },
      "faces": {
        "north": {
          "uv": [
            0.5,
            7,
            1,
            7.75
          ],
          "texture": "#0"
        },
        "east": {
          "uv": [
            1,
            7,
            1.5,
            7.75
          ],
          "texture": "#0"
        },
        "south": {
          "uv": [
            7,
            1,
            7.5,
            1.75
          ],
          "texture": "#0"
        },
        "west": {
          "uv": [
            1.5,
            7,
            2,
            7.75
          ],
          "texture": "#0"
        },
        "up": {
          "uv": [
            7.75,
            5,
            7.25,
            4.5
          ],
          "texture": "#0"
        },
        "down": {
          "uv": [
            7.75,
            5,
            7.25,
            5.5
          ],
          "texture": "#0"
        }
      }
    },
    {
      "from": [
        1.75,
        3.46194,
        4.44134
      ],
      "to": [
        3.75,
        8.46194,
        11.44134
      ],
      "rotation": {
        "angle": 22.5,
        "axis": "x",
        "origin": [
          2,
          6.96194,
          8.19134
        ]
      },
      "faces": {
        "north": {
          "uv": [
            5.25,
            6,
            5.75,
            7.25
          ],
          "texture": "#0"
        },
        "east": {
          "uv": [
            0,
            5,
            1.75,
            6.25
          ],
          "texture": "#0"
        },
        "south": {
          "uv": [
            2,
            6.25,
            2.5,
            7.5
          ],
          "texture": "#0"
        },
        "west": {
          "uv": [
            5,
            0,
            6.75,
            1.25
          ],
          "texture": "#0"
        },
        "up": {
          "uv": [
            6.5,
            4,
            6,
            2.25
          ],
          "texture": "#0"
        },
        "down": {
          "uv": [
            4.25,
            6,
            3.75,
            7.75
          ],
          "texture": "#0"
        }
      }
    },
    {
      "from": [
        1.75,
        3.46194,
        11.44134
      ],
      "to": [
        1.75,
        7.46194,
        15.44134
      ],
      "rotation": {
        "angle": 22.5,
        "axis": "x",
        "origin": [
          2,
          6.96194,
          8.19134
        ]
      },
      "faces": {
        "north": {
          "uv": [
            0,
            0,
            0,
            1
          ],
          "texture": "#0"
        },
        "east": {
          "uv": [
            7,
            1.25,
            6,
            2.25
          ],
          "texture": "#0"
        },
        "south": {
          "uv": [
            0,
            0,
            0,
            1
          ],
          "texture": "#0"
        },
        "west": {
          "uv": [
            6,
            1.25,
            7,
            2.25
          ],
          "texture": "#0"
        },
        "up": {
          "uv": [
            0,
            1,
            0,
            0
          ],
          "texture": "#0"
        },
        "down": {
          "uv": [
            0,
            0,
            0,
            1
          ],
          "texture": "#0"
        }
      }
    },
    {
      "from": [
        12.25,
        3.46194,
        4.44134
      ],
      "to": [
        14.25,
        8.46194,
        11.44134
      ],
      "rotation": {
        "angle": 22.5,
        "axis": "x",
        "origin": [
          14,
          6.96194,
          8.19134
        ]
      },
      "faces": {
        "north": {
          "uv": [
            5.75,
            6,
            5.25,
            7.25
          ],
          "texture": "#0"
        },
        "east": {
          "uv": [
            6.75,
            0,
            5,
            1.25
          ],
          "texture": "#0"
        },
        "south": {
          "uv": [
            2.5,
            6.25,
            2,
            7.5
          ],
          "texture": "#0"
        },
        "west": {
          "uv": [
            1.75,
            5,
            0,
            6.25
          ],
          "texture": "#0"
        },
        "up": {
          "uv": [
            6,
            4,
            6.5,
            2.25
          ],
          "texture": "#0"
        },
        "down": {
          "uv": [
            3.75,
            6,
            4.25,
            7.75
          ],
          "texture": "#0"
        }
      }
    },
    {
      "from": [
        14.25,
        3.46194,
        11.44134
      ],
      "to": [
        14.25,
        7.46194,
        15.44134
      ],
      "rotation": {
        "angle": 22.5,
        "axis": "x",
        "origin": [
          14,
          6.96194,
          8.19134
        ]
      },
      "faces": {
        "north": {
          "uv": [
            0,
            0,
            0,
            1
          ],
          "texture": "#0"
        },
        "east": {
          "uv": [
            7,
            1.25,
            6,
            2.25
          ],
          "texture": "#0"
        },
        "south": {
          "uv": [
            0,
            0,
            0,
            1
          ],
          "texture": "#0"
        },
        "west": {
          "uv": [
            6,
            1.25,
            7,
            2.25
          ],
          "texture": "#0"
        },
        "up": {
          "uv": [
            0,
            1,
            0,
            0
          ],
          "texture": "#0"
        },
        "down": {
          "uv": [
            0,
            0,
            0,
            1
          ],
          "texture": "#0"
        }
      }
    }
  ],
  "gui_light": "front",
  "display": {
    "thirdperson_righthand": {
      "rotation": [
        68,
        0,
        0
      ],
      "translation": [
        0,
        0,
        -0.5
      ],
      "scale": [
        0.5,
        0.5,
        0.5
      ]
    },
    "thirdperson_lefthand": {
      "rotation": [
        68,
        0,
        0
      ],
      "translation": [
        0,
        0,
        -0.5
      ],
      "scale": [
        0.5,
        0.5,
        0.5
      ]
    },
    "firstperson_righthand": {
      "translation": [
        1.5,
        2,
        0
      ],
      "scale": [
        0.5,
        0.5,
        0.5
      ]
    },
    "firstperson_lefthand": {
      "translation": [
        1.5,
        2,
        0
      ],
      "scale": [
        0.5,
        0.5,
        0.5
      ]
    },
    "ground": {
      "translation": [
        0,
        2,
        0
      ],
      "scale": [
        0.6,
        0.6,
        0.6
      ]
    },
    "gui": {
      "rotation": [
        30,
        135,
        0
      ],
      "translation": [
        -0.75,
        -1.25,
        0
      ],
      "scale": [
        0.85,
        0.85,
        0.85
      ]
    },
    "head": {
      "rotation": [
        10.25,
        0,
        0
      ],
      "translation": [
        0,
        6.75,
        0.75
      ],
      "scale": [
        1.61,
        1.61,
        1.61
      ]
    },
    "fixed": {
      "rotation": [
        -90,
        0,
        0
      ],
      "translation": [
        0,
        0,
        -7
      ],
      "scale": [
        1.5,
        1.5,
        1.5
      ]
    }
  }
}