{
  "texture_size": [
    32,
    32
  ],
  "elements": [
    {
      "from": [
        4,
        4.33658,
        7.6194
      ],
      "to": [
        12,
        8.33658,
        15.6194
      ],
      "rotation": {
        "angle": 45,
        "axis": "x",
        "origin": [
          8,
          6.58658,
          10.6194
        ]
      },
      "faces": {
        "north": {
          "uv": [
            0,
            8,
            4,
            10
          ],
          "texture": "#0"
        },
        "east": {
          "uv": [
            4,
            9,
            8,
            11
          ],
          "texture": "#0"
        },
        "south": {
          "uv": [
            8,
            9,
            12,
            11
          ],
          "texture": "#0"
        },
        "west": {
          "uv": [
            0,
            10,
            4,
            12
          ],
          "texture": "#0"
        },
        "up": {
          "uv": [
            4,
            4,
            0,
            0
          ],
          "texture": "#0"
        },
        "down": {
          "uv": [
            4,
            4,
            0,
            8
          ],
          "texture": "#0"
        }
      }
    },
    {
      "name": "cube inverted",
      "from": [
        12,
        8.33658,
        15.6194
      ],
      "to": [
        4,
        4.33658,
        7.6194
      ],
      "rotation": {
        "angle": 45,
        "axis": "x",
        "origin": [
          8,
          6.58658,
          10.6194
        ]
      },
      "faces": {
        "north": {
          "uv": [
            8,
            11,
            12,
            9
          ],
          "texture": "#0"
        },
        "east": {
          "uv": [
            0,
            12,
            4,
            10
          ],
          "texture": "#0"
        },
        "south": {
          "uv": [
            0,
            10,
            4,
            8
          ],
          "texture": "#0"
        },
        "west": {
          "uv": [
            4,
            11,
            8,
            9
          ],
          "texture": "#0"
        },
        "up": {
          "uv": [
            0,
            4,
            4,
            8
          ],
          "texture": "#0"
        },
        "down": {
          "uv": [
            0,
            4,
            4,
            0
          ],
          "texture": "#0"
        }
      }
    },
    {
      "from": [
        11,
        0.82617,
        8.6194
      ],
      "to": [
        13,
        2.82617,
        14.6194
      ],
      "rotation": {
        "angle": -22.5,
        "axis": "x",
        "origin": [
          12,
          0.57617,
          10.6194
        ]
      },
      "faces": {
        "north": {
          "uv": [
            12,
            3,
            13,
            4
          ],
          "texture": "#0"
        },
        "east": {
          "uv": [
            10,
            0,
            13,
            1
          ],
          "texture": "#0"
        },
        "south": {
          "uv": [
            12,
            4,
            13,
            5
          ],
          "texture": "#0"
        },
        "west": {
          "uv": [
            10,
            1,
            13,
            2
          ],
          "texture": "#0"
        },
        "up": {
          "uv": [
            11,
            5,
            10,
            2
          ],
          "texture": "#0"
        },
        "down": {
          "uv": [
            11,
            5,
            10,
            8
          ],
          "texture": "#0"
        }
      }
    },
    {
      "from": [
        11,
        -2.17383,
        8.6194
      ],
      "to": [
        13,
        0.82617,
        10.6194
      ],
      "rotation": {
        "angle": -22.5,
        "axis": "x",
        "origin": [
          12,
          0.57617,
          10.6194
        ]
      },
      "faces": {
        "north": {
          "uv": [
            11,
            6.5,
            12,
            8
          ],
          "texture": "#0"
        },
        "east": {
          "uv": [
            9,
            11,
            10,
            12.5
          ],
          "texture": "#0"
        },
        "south": {
          "uv": [
            10,
            11,
            11,
            12.5
          ],
          "texture": "#0"
        },
        "west": {
          "uv": [
            11,
            11,
            12,
            12.5
          ],
          "texture": "#0"
        },
        "up": {
          "uv": [
            3,
            13,
            2,
            12
          ],
          "texture": "#0"
        },
        "down": {
          "uv": [
            4,
            12,
            3,
            13
          ],
          "texture": "#0"
        }
      }
    },
    {
      "from": [
        12.01,
        5.48046,
        4.77064
      ],
      "to": [
        13.99,
        7.46046,
        9.75064
      ],
      "rotation": {
        "angle": -45,
        "axis": "x",
        "origin": [
          12.5,
          7.47046,
          7.26064
        ]
      },
      "faces": {
        "north": {
          "uv": [
            0,
            12,
            1,
            13
          ],
          "texture": "#0"
        },
        "east": {
          "uv": [
            10,
            8,
            12.5,
            9
          ],
          "texture": "#0"
        },
        "south": {
          "uv": [
            1,
            12,
            2,
            13
          ],
          "texture": "#0"
        },
        "west": {
          "uv": [
            11,
            2,
            13.5,
            3
          ],
          "texture": "#0"
        },
        "up": {
          "uv": [
            12,
            5.5,
            11,
            3
          ],
          "texture": "#0"
        },
        "down": {
          "uv": [
            5,
            11,
            4,
            13.5
          ],
          "texture": "#0"
        }
      }
    },
    {
      "from": [
        12,
        4.28848,
        2.90709
      ],
      "to": [
        14,
        6.28848,
        6.90709
      ],
      "rotation": {
        "angle": 0,
        "axis": "y",
        "origin": [
          12.5,
          5.28848,
          9.40709
        ]
      },
      "faces": {
        "north": {
          "uv": [
            5,
            12,
            6,
            13
          ],
          "texture": "#0"
        },
        "east": {
          "uv": [
            5,
            11,
            7,
            12
          ],
          "texture": "#0"
        },
        "south": {
          "uv": [
            6,
            12,
            7,
            13
          ],
          "texture": "#0"
        },
        "west": {
          "uv": [
            11,
            5.5,
            13,
            6.5
          ],
          "texture": "#0"
        },
        "up": {
          "uv": [
            8,
            13,
            7,
            11
          ],
          "texture": "#0"
        },
        "down": {
          "uv": [
            9,
            11,
            8,
            13
          ],
          "texture": "#0"
        }
      }
    },
    {
      "from": [
        3,
        0.82617,
        8.6194
      ],
      "to": [
        5,
        2.82617,
        14.6194
      ],
      "rotation": {
        "angle": -22.5,
        "axis": "x",
        "origin": [
          4,
          0.57617,
          10.6194
        ]
      },
      "faces": {
        "north": {
          "uv": [
            13,
            3,
            12,
            4
          ],
          "texture": "#0"
        },
        "east": {
          "uv": [
            13,
            1,
            10,
            2
          ],
          "texture": "#0"
        },
        "south": {
          "uv": [
            13,
            4,
            12,
            5
          ],
          "texture": "#0"
        },
        "west": {
          "uv": [
            13,
            0,
            10,
            1
          ],
          "texture": "#0"
        },
        "up": {
          "uv": [
            10,
            5,
            11,
            2
          ],
          "texture": "#0"
        },
        "down": {
          "uv": [
            10,
            5,
            11,
            8
          ],
          "texture": "#0"
        }
      }
    },
    {
      "from": [
        3,
        -2.17383,
        8.6194
      ],
      "to": [
        5,
        0.82617,
        10.6194
      ],
      "rotation": {
        "angle": -22.5,
        "axis": "x",
        "origin": [
          4,
          0.57617,
          10.6194
        ]
      },
      "faces": {
        "north": {
          "uv": [
            12,
            6.5,
            11,
            8
          ],
          "texture": "#0"
        },
        "east": {
          "uv": [
            12,
            11,
            11,
            12.5
          ],
          "texture": "#0"
        },
        "south": {
          "uv": [
            11,
            11,
            10,
            12.5
          ],
          "texture": "#0"
        },
        "west": {
          "uv": [
            10,
            11,
            9,
            12.5
          ],
          "texture": "#0"
        },
        "up": {
          "uv": [
            2,
            13,
            3,
            12
          ],
          "texture": "#0"
        },
        "down": {
          "uv": [
            3,
            12,
            4,
            13
          ],
          "texture": "#0"
        }
      }
    },
    {
      "from": [
        2.01,
        5.48046,
        4.77064
      ],
      "to": [
        3.99,
        7.46046,
        9.75064
      ],
      "rotation": {
        "angle": -45,
        "axis": "x",
        "origin": [
          3.5,
          7.47046,
          7.26064
        ]
      },
      "faces": {
        "north": {
          "uv": [
            1,
            12,
            0,
            13
          ],
          "texture": "#0"
        },
        "east": {
          "uv": [
            13.5,
            2,
            11,
            3
          ],
          "texture": "#0"
        },
        "south": {
          "uv": [
            2,
            12,
            1,
            13
          ],
          "texture": "#0"
        },
        "west": {
          "uv": [
            12.5,
            8,
            10,
            9
          ],
          "texture": "#0"
        },
        "up": {
          "uv": [
            11,
            5.5,
            12,
            3
          ],
          "texture": "#0"
        },
        "down": {
          "uv": [
            4,
            11,
            5,
            13.5
          ],
          "texture": "#0"
        }
      }
    },
    {
      "from": [
        2,
        4.28848,
        2.90709
      ],
      "to": [
        4,
        6.28848,
        6.90709
      ],
      "rotation": {
        "angle": 0,
        "axis": "y",
        "origin": [
          3.5,
          5.28848,
          9.40709
        ]
      },
      "faces": {
        "north": {
          "uv": [
            6,
            12,
            5,
            13
          ],
          "texture": "#0"
        },
        "east": {
          "uv": [
            13,
            5.5,
            11,
            6.5
          ],
          "texture": "#0"
        },
        "south": {
          "uv": [
            7,
            12,
            6,
            13
          ],
          "texture": "#0"
        },
        "west": {
          "uv": [
            7,
            11,
            5,
            12
          ],
          "texture": "#0"
        },
        "up": {
          "uv": [
            7,
            13,
            8,
            11
          ],
          "texture": "#0"
        },
        "down": {
          "uv": [
            8,
            11,
            9,
            13
          ],
          "texture": "#0"
        }
      }
    },
    {
      "from": [
        5,
        7,
        4.5
      ],
      "to": [
        11,
        13,
        10.5
      ],
      "rotation": {
        "angle": 0,
        "axis": "y",
        "origin": [
          8,
          8.5,
          6
        ]
      },
      "faces": {
        "north": {
          "uv": [
            4,
            0,
            7,
            3
          ],
          "texture": "#0"
        },
        "east": {
          "uv": [
            10,
            0,
            7,
            3
          ],
          "texture": "#0"
        },
        "south": {
          "uv": [
            4,
            6,
            7,
            9
          ],
          "texture": "#0"
        },
        "west": {
          "uv": [
            7,
            0,
            10,
            3
          ],
          "texture": "#0"
        },
        "up": {
          "uv": [
            10,
            6,
            7,
            3
          ],
          "texture": "#0"
        },
        "down": {
          "uv": [
            10,
            6,
            7,
            9
          ],
          "texture": "#0"
        }
      }
    },
    {
      "from": [
        6,
        6,
        4.5
      ],
      "to": [
        10,
        7,
        5.5
      ],
      "rotation": {
        "angle": 0,
        "axis": "y",
        "origin": [
          8,
          8.5,
          6
        ]
      },
      "faces": {
        "north": {
          "uv": [
            12,
            5,
            14,
            5.5
          ],
          "texture": "#0"
        },
        "east": {
          "uv": [
            12,
            9,
            12.5,
            9.5
          ],
          "texture": "#0"
        },
        "south": {
          "uv": [
            12,
            6.5,
            14,
            7
          ],
          "texture": "#0"
        },
        "west": {
          "uv": [
            12,
            9.5,
            12.5,
            10
          ],
          "texture": "#0"
        },
        "up": {
          "uv": [
            14,
            7.5,
            12,
            7
          ],
          "texture": "#0"
        },
        "down": {
          "uv": [
            14,
            7.5,
            12,
            8
          ],
          "texture": "#0"
        }
      }
    }
  ],
  "gui_light": "front",
  "display": {
    "thirdperson_righthand": {
      "rotation": [
        60,
        0,
        0
      ],
      "translation": [
        0,
        2,
        0.5
      ],
      "scale": [
        0.8,
        0.8,
        0.8
      ]
    },
    "thirdperson_lefthand": {
      "rotation": [
        60,
        0,
        0
      ],
      "translation": [
        0,
        2,
        0.5
      ],
      "scale": [
        0.8,
        0.8,
        0.8
      ]
    },
    "firstperson_righthand": {
      "translation": [
        0.5,
        3,
        0
      ],
      "scale": [
        0.7,
        0.7,
        0.7
      ]
    },
    "firstperson_lefthand": {
      "translation": [
        0.5,
        3,
        0
      ],
      "scale": [
        0.7,
        0.7,
        0.7
      ]
    },
    "ground": {
      "translation": [
        0,
        6,
        0
      ],
      "scale": [
        0.7,
        0.7,
        0.7
      ]
    },
    "gui": {
      "rotation": [
        22.5,
        135,
        0
      ],
      "translation": [
        0,
        2,
        0
      ],
      "scale": [
        0.9,
        0.9,
        0.9
      ]
    },
    "head": {
      "rotation": [
        11.5,
        0,
        0
      ],
      "translation": [
        0,
        7.75,
        3.5
      ],
      "scale": [
        1.61,
        1.61,
        1.61
      ]
    },
    "fixed": {
      "rotation": [
        -90,
        0,
        0
      ],
      "translation": [
        0,
        0,
        -20
      ],
      "scale": [
        2,
        2,
        2
      ]
    }
  }
}