{
  "display": {
    "thirdperson_righthand": {
      "rotation": [
        0,
        90,
        0
      ],
      "translation": [
        0,
        -0.5,
        1
      ],
      "scale": [
        0.61,
        0.61,
        0.61
      ]
    },
    "thirdperson_lefthand": {
      "rotation": [
        0,
        90,
        0
      ],
      "translation": [
        0,
        -0.5,
        1
      ],
      "scale": [
        0.61,
        0.61,
        0.61
      ]
    },
    "firstperson_righthand": {
      "rotation": [
        15,
        90,
        0
      ],
      "translation": [
        1.5,
        2.25,
        0.75
      ],
      "scale": [
        0.45,
        0.45,
        0.45
      ]
    },
    "firstperson_lefthand": {
      "rotation": [
        15,
        90,
        0
      ],
      "translation": [
        1.5,
        2.25,
        0.75
      ],
      "scale": [
        0.45,
        0.45,
        0.45
      ]
    },
    "ground": {
      "rotation": [
        0,
        0,
        -50
      ],
      "translation": [
        -2,
        2,
        0
      ],
      "scale": [
        0.4,
        0.4,
        0.4
      ]
    },
    "gui": {
      "rotation": [
        0,
        -180,
        45
      ],
      "translation": [
        -2.5,
        -2.5,
        0
      ],
      "scale": [
        0.48,
        0.48,
        0.48
      ]
    },
    "head": {
      "translation": [
        0,
        3.75,
        0
      ],
      "scale": [
        0.9,
        0.9,
        0.9
      ]
    },
    "fixed": {
      "rotation": [
        0,
        0,
        45
      ],
      "translation": [
        3.25,
        -2.5,
        0
      ]
    }
  },
  "texture_size": [
    64,
    64
  ],
  "textures": {
    "0": "civilization:item/tools/golem_hammer/normal/default",
    "particle": "civilization:item/tools/golem_hammer/normal/default"
  },
  "elements": [
    {
      "from": [
        6.5,
        1,
        6.5
      ],
      "to": [
        9.5,
        16,
        9.5
      ],
      "rotation": {
        "angle": 0,
        "axis": "y",
        "origin": [
          8,
          0,
          8
        ]
      },
      "faces": {
        "north": {
          "uv": [
            12.75,
            0.75,
            13.5,
            4.5
          ],
          "texture": "#0"
        },
        "east": {
          "uv": [
            12,
            0.75,
            12.75,
            4.5
          ],
          "texture": "#0"
        },
        "south": {
          "uv": [
            14.25,
            0.75,
            15,
            4.5
          ],
          "texture": "#0"
        },
        "west": {
          "uv": [
            13.5,
            0.75,
            14.25,
            4.5
          ],
          "texture": "#0"
        },
        "up": {
          "uv": [
            13.5,
            0.75,
            12.75,
            0
          ],
          "texture": "#0"
        },
        "down": {
          "uv": [
            14.25,
            0,
            13.5,
            0.75
          ],
          "texture": "#0"
        }
      }
    },
    {
      "from": [
        6,
        -3,
        6
      ],
      "to": [
        10,
        1,
        10
      ],
      "rotation": {
        "angle": 0,
        "axis": "y",
        "origin": [
          8,
          0,
          8
        ]
      },
      "faces": {
        "north": {
          "uv": [
            8,
            1,
            9,
            2
          ],
          "texture": "#0"
        },
        "east": {
          "uv": [
            7,
            1,
            8,
            2
          ],
          "texture": "#0"
        },
        "south": {
          "uv": [
            10,
            1,
            11,
            2
          ],
          "texture": "#0"
        },
        "west": {
          "uv": [
            9,
            1,
            10,
            2
          ],
          "texture": "#0"
        },
        "up": {
          "uv": [
            9,
            1,
            8,
            0
          ],
          "texture": "#0"
        },
        "down": {
          "uv": [
            10,
            0,
            9,
            1
          ],
          "texture": "#0"
        }
      }
    },
    {
      "from": [
        6,
        2,
        6
      ],
      "to": [
        10,
        14,
        10
      ],
      "rotation": {
        "angle": 0,
        "axis": "y",
        "origin": [
          8,
          0,
          8
        ]
      },
      "faces": {
        "north": {
          "uv": [
            1,
            11,
            2,
            14
          ],
          "texture": "#0"
        },
        "east": {
          "uv": [
            0,
            11,
            1,
            14
          ],
          "texture": "#0"
        },
        "south": {
          "uv": [
            3,
            11,
            4,
            14
          ],
          "texture": "#0"
        },
        "west": {
          "uv": [
            2,
            11,
            3,
            14
          ],
          "texture": "#0"
        },
        "up": {
          "uv": [
            2,
            11,
            1,
            10
          ],
          "texture": "#0"
        },
        "down": {
          "uv": [
            3,
            10,
            2,
            11
          ],
          "texture": "#0"
        }
      }
    },
    {
      "from": [
        -3,
        14,
        3
      ],
      "to": [
        3,
        26,
        13
      ],
      "rotation": {
        "angle": 0,
        "axis": "y",
        "origin": [
          8,
          0,
          8
        ]
      },
      "faces": {
        "north": {
          "uv": [
            8,
            10,
            9.5,
            13
          ],
          "texture": "#0"
        },
        "east": {
          "uv": [
            5.5,
            10,
            8,
            13
          ],
          "texture": "#0"
        },
        "south": {
          "uv": [
            12,
            10,
            13.5,
            13
          ],
          "texture": "#0"
        },
        "west": {
          "uv": [
            9.5,
            10,
            12,
            13
          ],
          "texture": "#0"
        },
        "up": {
          "uv": [
            9.5,
            10,
            8,
            7.5
          ],
          "texture": "#0"
        },
        "down": {
          "uv": [
            11,
            7.5,
            9.5,
            10
          ],
          "texture": "#0"
        }
      }
    },
    {
      "from": [
        -3,
        2,
        8
      ],
      "to": [
        1,
        14,
        8
      ],
      "rotation": {
        "angle": 0,
        "axis": "y",
        "origin": [
          8,
          0,
          8
        ]
      },
      "faces": {
        "north": {
          "uv": [
            11,
            6.5,
            12,
            9.5
          ],
          "texture": "#0"
        },
        "east": {
          "uv": [
            11,
            6.5,
            11,
            9.5
          ],
          "texture": "#0"
        },
        "south": {
          "uv": [
            12,
            6.5,
            13,
            9.5
          ],
          "texture": "#0"
        },
        "west": {
          "uv": [
            12,
            6.5,
            12,
            9.5
          ],
          "texture": "#0"
        },
        "up": {
          "uv": [
            12,
            6.5,
            11,
            6.5
          ],
          "texture": "#0"
        },
        "down": {
          "uv": [
            13,
            6.5,
            12,
            6.5
          ],
          "texture": "#0"
        }
      }
    },
    {
      "from": [
        1,
        3,
        8
      ],
      "to": [
        5,
        15,
        8
      ],
      "rotation": {
        "angle": 0,
        "axis": "y",
        "origin": [
          8,
          0,
          8
        ]
      },
      "faces": {
        "north": {
          "uv": [
            11,
            6.5,
            12,
            9.5
          ],
          "texture": "#0"
        },
        "east": {
          "uv": [
            11,
            6.5,
            11,
            9.5
          ],
          "texture": "#0"
        },
        "south": {
          "uv": [
            12,
            6.5,
            13,
            9.5
          ],
          "texture": "#0"
        },
        "west": {
          "uv": [
            12,
            6.5,
            12,
            9.5
          ],
          "texture": "#0"
        },
        "up": {
          "uv": [
            12,
            6.5,
            11,
            6.5
          ],
          "texture": "#0"
        },
        "down": {
          "uv": [
            13,
            6.5,
            12,
            6.5
          ],
          "texture": "#0"
        }
      }
    },
    {
      "from": [
        11,
        3,
        8
      ],
      "to": [
        15,
        15,
        8
      ],
      "rotation": {
        "angle": 0,
        "axis": "y",
        "origin": [
          8,
          0,
          8
        ]
      },
      "faces": {
        "north": {
          "uv": [
            12,
            6.5,
            11,
            9.5
          ],
          "texture": "#0"
        },
        "east": {
          "uv": [
            12,
            6.5,
            12,
            9.5
          ],
          "texture": "#0"
        },
        "south": {
          "uv": [
            13,
            6.5,
            12,
            9.5
          ],
          "texture": "#0"
        },
        "west": {
          "uv": [
            11,
            6.5,
            11,
            9.5
          ],
          "texture": "#0"
        },
        "up": {
          "uv": [
            11,
            6.5,
            12,
            6.5
          ],
          "texture": "#0"
        },
        "down": {
          "uv": [
            12,
            6.5,
            13,
            6.5
          ],
          "texture": "#0"
        }
      }
    },
    {
      "from": [
        15,
        2,
        8
      ],
      "to": [
        19,
        14,
        8
      ],
      "rotation": {
        "angle": 0,
        "axis": "y",
        "origin": [
          8,
          0,
          8
        ]
      },
      "faces": {
        "north": {
          "uv": [
            12,
            6.5,
            11,
            9.5
          ],
          "texture": "#0"
        },
        "east": {
          "uv": [
            12,
            6.5,
            12,
            9.5
          ],
          "texture": "#0"
        },
        "south": {
          "uv": [
            13,
            6.5,
            12,
            9.5
          ],
          "texture": "#0"
        },
        "west": {
          "uv": [
            11,
            6.5,
            11,
            9.5
          ],
          "texture": "#0"
        },
        "up": {
          "uv": [
            11,
            6.5,
            12,
            6.5
          ],
          "texture": "#0"
        },
        "down": {
          "uv": [
            12,
            6.5,
            13,
            6.5
          ],
          "texture": "#0"
        }
      }
    },
    {
      "from": [
        13,
        14,
        3
      ],
      "to": [
        19,
        26,
        13
      ],
      "rotation": {
        "angle": 0,
        "axis": "y",
        "origin": [
          8,
          0,
          8
        ]
      },
      "faces": {
        "north": {
          "uv": [
            2.5,
            7,
            4,
            10
          ],
          "texture": "#0"
        },
        "east": {
          "uv": [
            0,
            7,
            2.5,
            10
          ],
          "texture": "#0"
        },
        "south": {
          "uv": [
            6.5,
            7,
            8,
            10
          ],
          "texture": "#0"
        },
        "west": {
          "uv": [
            4,
            7,
            6.5,
            10
          ],
          "texture": "#0"
        },
        "up": {
          "uv": [
            4,
            7,
            2.5,
            4.5
          ],
          "texture": "#0"
        },
        "down": {
          "uv": [
            5.5,
            4.5,
            4,
            7
          ],
          "texture": "#0"
        }
      }
    },
    {
      "from": [
        3,
        15,
        4
      ],
      "to": [
        13,
        25,
        12
      ],
      "rotation": {
        "angle": 0,
        "axis": "y",
        "origin": [
          8,
          0,
          8
        ]
      },
      "faces": {
        "north": {
          "uv": [
            2,
            2,
            4.5,
            4.5
          ],
          "texture": "#0"
        },
        "east": {
          "uv": [
            0,
            2,
            2,
            4.5
          ],
          "texture": "#0"
        },
        "south": {
          "uv": [
            6.5,
            2,
            9,
            4.5
          ],
          "texture": "#0"
        },
        "west": {
          "uv": [
            4.5,
            2,
            6.5,
            4.5
          ],
          "texture": "#0"
        },
        "up": {
          "uv": [
            4.5,
            2,
            2,
            0
          ],
          "texture": "#0"
        },
        "down": {
          "uv": [
            7,
            0,
            4.5,
            2
          ],
          "texture": "#0"
        }
      }
    },
    {
      "from": [
        5,
        18,
        3
      ],
      "to": [
        11,
        26,
        10
      ],
      "rotation": {
        "angle": 0,
        "axis": "y",
        "origin": [
          8,
          0,
          8
        ]
      },
      "faces": {
        "north": {
          "uv": [
            9,
            4.5,
            10.5,
            6.5
          ],
          "texture": "#0"
        },
        "east": {
          "uv": [
            7.25,
            4.5,
            9,
            6.5
          ],
          "texture": "#0"
        },
        "south": {
          "uv": [
            12.25,
            4.5,
            13.75,
            6.5
          ],
          "texture": "#0"
        },
        "west": {
          "uv": [
            10.5,
            4.5,
            12.25,
            6.5
          ],
          "texture": "#0"
        },
        "up": {
          "uv": [
            10.5,
            4.5,
            9,
            2.75
          ],
          "texture": "#0"
        },
        "down": {
          "uv": [
            12,
            2.75,
            10.5,
            4.5
          ],
          "texture": "#0"
        }
      }
    },
    {
      "from": [
        7,
        17,
        2
      ],
      "to": [
        9,
        21,
        4
      ],
      "rotation": {
        "angle": 0,
        "axis": "y",
        "origin": [
          8,
          0,
          8
        ]
      },
      "faces": {
        "north": {
          "uv": [
            0.5,
            0.5,
            1,
            1.5
          ],
          "texture": "#0"
        },
        "east": {
          "uv": [
            0,
            0.5,
            0.5,
            1.5
          ],
          "texture": "#0"
        },
        "south": {
          "uv": [
            1.5,
            0.5,
            2,
            1.5
          ],
          "texture": "#0"
        },
        "west": {
          "uv": [
            1,
            0.5,
            1.5,
            1.5
          ],
          "texture": "#0"
        },
        "up": {
          "uv": [
            1,
            0.5,
            0.5,
            0
          ],
          "texture": "#0"
        },
        "down": {
          "uv": [
            1.5,
            0,
            1,
            0.5
          ],
          "texture": "#0"
        }
      }
    }
  ],
  "gui_light": "front"
}