{
  "texture_size": [
    64,
    64
  ],
  "elements": [
    {
      "from": [
        6.5,
        6,
        2.58191
      ],
      "to": [
        9.5,
        11,
        7.58191
      ],
      "rotation": {
        "angle": 45,
        "axis": "x",
        "origin": [
          8.5,
          8.5,
          5.08191
        ]
      },
      "faces": {
        "north": {
          "uv": [
            4,
            7.75,
            4.75,
            9
          ],
          "texture": "#0"
        },
        "east": {
          "uv": [
            5.75,
            3.75,
            7,
            5
          ],
          "texture": "#0"
        },
        "south": {
          "uv": [
            4.75,
            7.75,
            5.5,
            9
          ],
          "texture": "#0"
        },
        "west": {
          "uv": [
            5.75,
            5,
            7,
            6.25
          ],
          "texture": "#0"
        },
        "up": {
          "uv": [
            6.25,
            9,
            5.5,
            7.75
          ],
          "texture": "#0"
        },
        "down": {
          "uv": [
            8.5,
            6.25,
            7.75,
            7.5
          ],
          "texture": "#0"
        }
      }
    },
    {
      "from": [
        6.4,
        7.5,
        4.58191
      ],
      "to": [
        6.4,
        9.5,
        5.58191
      ],
      "rotation": {
        "angle": 0,
        "axis": "y",
        "origin": [
          6.5,
          8.5,
          5.08191
        ]
      },
      "faces": {
        "north": {
          "uv": [
            0,
            0,
            0,
            0.5
          ],
          "texture": "#0"
        },
        "east": {
          "uv": [
            11,
            4.75,
            11.25,
            5.25
          ],
          "texture": "#0"
        },
        "south": {
          "uv": [
            0,
            0,
            0,
            0.5
          ],
          "texture": "#0"
        },
        "west": {
          "uv": [
            7.75,
            11.5,
            8,
            12
          ],
          "texture": "#0"
        },
        "up": {
          "uv": [
            0,
            0.25,
            0,
            0
          ],
          "texture": "#0"
        },
        "down": {
          "uv": [
            0,
            0,
            0,
            0.25
          ],
          "texture": "#0"
        }
      }
    },
    {
      "from": [
        9.6,
        7.5,
        4.58191
      ],
      "to": [
        9.6,
        9.5,
        5.58191
      ],
      "rotation": {
        "angle": 0,
        "axis": "y",
        "origin": [
          9.5,
          8.5,
          5.08191
        ]
      },
      "faces": {
        "north": {
          "uv": [
            0,
            0,
            0,
            0.5
          ],
          "texture": "#0"
        },
        "east": {
          "uv": [
            8,
            11.5,
            8.25,
            12
          ],
          "texture": "#0"
        },
        "south": {
          "uv": [
            0,
            0,
            0,
            0.5
          ],
          "texture": "#0"
        },
        "west": {
          "uv": [
            8.25,
            11.5,
            8.5,
            12
          ],
          "texture": "#0"
        },
        "up": {
          "uv": [
            0,
            0.25,
            0,
            0
          ],
          "texture": "#0"
        },
        "down": {
          "uv": [
            0,
            0,
            0,
            0.25
          ],
          "texture": "#0"
        }
      }
    },
    {
      "from": [
        7,
        12.04629,
        5.54699
      ],
      "to": [
        9,
        14.04629,
        11.54699
      ],
      "rotation": {
        "angle": 22.5,
        "axis": "x",
        "origin": [
          8,
          13.04629,
          7.54699
        ]
      },
      "faces": {
        "north": {
          "uv": [
            10.75,
            8.25,
            11.25,
            8.75
          ],
          "texture": "#0"
        },
        "east": {
          "uv": [
            8.5,
            3.75,
            10,
            4.25
          ],
          "texture": "#0"
        },
        "south": {
          "uv": [
            6.25,
            11.25,
            6.75,
            11.75
          ],
          "texture": "#0"
        },
        "west": {
          "uv": [
            8.5,
            4.25,
            10,
            4.75
          ],
          "texture": "#0"
        },
        "up": {
          "uv": [
            9,
            7.5,
            8.5,
            6
          ],
          "texture": "#0"
        },
        "down": {
          "uv": [
            6.75,
            8.75,
            6.25,
            10.25
          ],
          "texture": "#0"
        }
      }
    },
    {
      "from": [
        6.979,
        17.40328,
        4.21006
      ],
      "to": [
        9.021,
        20.44528,
        10.25206
      ],
      "rotation": {
        "angle": -45,
        "axis": "x",
        "origin": [
          7.995,
          19.81409,
          12.02342
        ]
      },
      "faces": {
        "north": {
          "uv": [
            7.25,
            6.25,
            7.75,
            7
          ],
          "texture": "#0"
        },
        "east": {
          "uv": [
            3.75,
            7,
            5.25,
            7.75
          ],
          "texture": "#0"
        },
        "south": {
          "uv": [
            10.75,
            5.25,
            11.25,
            6
          ],
          "texture": "#0"
        },
        "west": {
          "uv": [
            7,
            3.75,
            8.5,
            4.5
          ],
          "texture": "#0"
        },
        "up": {
          "uv": [
            7.25,
            10.25,
            6.75,
            8.75
          ],
          "texture": "#0"
        },
        "down": {
          "uv": [
            9.25,
            8.25,
            8.75,
            9.75
          ],
          "texture": "#0"
        }
      }
    },
    {
      "from": [
        7.5,
        12.46514,
        7.46312
      ],
      "to": [
        8.5,
        15.46514,
        9.46312
      ],
      "rotation": {
        "angle": -22.5,
        "axis": "x",
        "origin": [
          8,
          14.96514,
          9.06312
        ]
      },
      "faces": {
        "north": {
          "uv": [
            3.75,
            11.5,
            4,
            12.25
          ],
          "texture": "#0"
        },
        "east": {
          "uv": [
            10.75,
            6,
            11.25,
            6.75
          ],
          "texture": "#0"
        },
        "south": {
          "uv": [
            11.5,
            4.5,
            11.75,
            5.25
          ],
          "texture": "#0"
        },
        "west": {
          "uv": [
            10.75,
            6.75,
            11.25,
            7.5
          ],
          "texture": "#0"
        },
        "up": {
          "uv": [
            11.75,
            9.5,
            11.5,
            9
          ],
          "texture": "#0"
        },
        "down": {
          "uv": [
            11.75,
            9.5,
            11.5,
            10
          ],
          "texture": "#0"
        }
      }
    },
    {
      "from": [
        7.01,
        8.44943,
        9.63519
      ],
      "to": [
        8.99,
        12.42943,
        11.61519
      ],
      "rotation": {
        "angle": 0,
        "axis": "y",
        "origin": [
          8,
          12.43943,
          8.62519
        ]
      },
      "faces": {
        "north": {
          "uv": [
            6.25,
            10.25,
            6.75,
            11.25
          ],
          "texture": "#0"
        },
        "east": {
          "uv": [
            6.75,
            10.25,
            7.25,
            11.25
          ],
          "texture": "#0"
        },
        "south": {
          "uv": [
            10.25,
            6.75,
            10.75,
            7.75
          ],
          "texture": "#0"
        },
        "west": {
          "uv": [
            10.25,
            7.75,
            10.75,
            8.75
          ],
          "texture": "#0"
        },
        "up": {
          "uv": [
            11.75,
            7.5,
            11.25,
            7
          ],
          "texture": "#0"
        },
        "down": {
          "uv": [
            11.75,
            7.5,
            11.25,
            8
          ],
          "texture": "#0"
        }
      }
    },
    {
      "from": [
        6.979,
        -3.5747,
        4.23835
      ],
      "to": [
        9.021,
        -0.5327,
        10.28035
      ],
      "rotation": {
        "angle": 45,
        "axis": "x",
        "origin": [
          7.995,
          -2.9435,
          12.0517
        ]
      },
      "faces": {
        "north": {
          "uv": [
            10.25,
            10.75,
            10.75,
            11.5
          ],
          "texture": "#0"
        },
        "east": {
          "uv": [
            7,
            4.5,
            8.5,
            5.25
          ],
          "texture": "#0"
        },
        "south": {
          "uv": [
            10.75,
            10.75,
            11.25,
            11.5
          ],
          "texture": "#0"
        },
        "west": {
          "uv": [
            5.25,
            7,
            6.75,
            7.75
          ],
          "texture": "#0"
        },
        "up": {
          "uv": [
            8.25,
            10.5,
            7.75,
            9
          ],
          "texture": "#0"
        },
        "down": {
          "uv": [
            8.75,
            9,
            8.25,
            10.5
          ],
          "texture": "#0"
        }
      }
    },
    {
      "from": [
        6.98,
        17.40428,
        4.21107
      ],
      "to": [
        9.02,
        20.44428,
        10.25107
      ],
      "rotation": {
        "angle": -45,
        "axis": "x",
        "origin": [
          7.995,
          19.81408,
          12.02342
        ]
      },
      "faces": {
        "north": {
          "uv": [
            10.25,
            11.5,
            10.75,
            10.75
          ],
          "texture": "#0"
        },
        "east": {
          "uv": [
            7,
            5.25,
            8.5,
            4.5
          ],
          "texture": "#0"
        },
        "south": {
          "uv": [
            10.75,
            11.5,
            11.25,
            10.75
          ],
          "texture": "#0"
        },
        "west": {
          "uv": [
            5.25,
            7.75,
            6.75,
            7
          ],
          "texture": "#0"
        },
        "up": {
          "uv": [
            8.75,
            10.5,
            8.25,
            9
          ],
          "texture": "#0"
        },
        "down": {
          "uv": [
            8.25,
            9,
            7.75,
            10.5
          ],
          "texture": "#0"
        }
      }
    },
    {
      "from": [
        6.98,
        15.45974,
        0.01652
      ],
      "to": [
        9.02,
        18.49974,
        5.05652
      ],
      "rotation": {
        "angle": -45,
        "axis": "x",
        "origin": [
          7.995,
          17.86954,
          10.07887
        ]
      },
      "faces": {
        "north": {
          "uv": [
            4,
            11,
            4.5,
            11.75
          ],
          "texture": "#0"
        },
        "east": {
          "uv": [
            7.75,
            7.5,
            9,
            8.25
          ],
          "texture": "#0"
        },
        "south": {
          "uv": [
            8.75,
            11,
            9.25,
            11.75
          ],
          "texture": "#0"
        },
        "west": {
          "uv": [
            8,
            5.25,
            9.25,
            6
          ],
          "texture": "#0"
        },
        "up": {
          "uv": [
            9.25,
            11,
            8.75,
            9.75
          ],
          "texture": "#0"
        },
        "down": {
          "uv": [
            5.25,
            10,
            4.75,
            11.25
          ],
          "texture": "#0"
        }
      }
    },
    {
      "from": [
        6.98,
        3.26465,
        2.35481
      ],
      "to": [
        9.02,
        6.30465,
        7.39481
      ],
      "rotation": {
        "angle": 45,
        "axis": "x",
        "origin": [
          8,
          4.28465,
          5.37481
        ]
      },
      "faces": {
        "north": {
          "uv": [
            9.25,
            11,
            9.75,
            11.75
          ],
          "texture": "#0"
        },
        "east": {
          "uv": [
            6.25,
            8,
            7.5,
            8.75
          ],
          "texture": "#0"
        },
        "south": {
          "uv": [
            11,
            9.75,
            11.5,
            10.5
          ],
          "texture": "#0"
        },
        "west": {
          "uv": [
            7.5,
            8.25,
            8.75,
            9
          ],
          "texture": "#0"
        },
        "up": {
          "uv": [
            5.75,
            11.25,
            5.25,
            10
          ],
          "texture": "#0"
        },
        "down": {
          "uv": [
            6.25,
            10,
            5.75,
            11.25
          ],
          "texture": "#0"
        }
      }
    },
    {
      "from": [
        7.01,
        4.46943,
        9.63519
      ],
      "to": [
        8.99,
        8.44943,
        11.61519
      ],
      "rotation": {
        "angle": 0,
        "axis": "y",
        "origin": [
          8,
          4.45943,
          8.62519
        ]
      },
      "faces": {
        "north": {
          "uv": [
            3,
            10.5,
            3.5,
            11.5
          ],
          "texture": "#0"
        },
        "east": {
          "uv": [
            3.5,
            10.5,
            4,
            11.5
          ],
          "texture": "#0"
        },
        "south": {
          "uv": [
            7.75,
            10.5,
            8.25,
            11.5
          ],
          "texture": "#0"
        },
        "west": {
          "uv": [
            8.25,
            10.5,
            8.75,
            11.5
          ],
          "texture": "#0"
        },
        "up": {
          "uv": [
            11.75,
            8.5,
            11.25,
            8
          ],
          "texture": "#0"
        },
        "down": {
          "uv": [
            12,
            1,
            11.5,
            1.5
          ],
          "texture": "#0"
        }
      }
    },
    {
      "from": [
        7,
        2.85258,
        5.54699
      ],
      "to": [
        9,
        4.85258,
        11.54699
      ],
      "rotation": {
        "angle": -22.5,
        "axis": "x",
        "origin": [
          8,
          3.85258,
          7.54699
        ]
      },
      "faces": {
        "north": {
          "uv": [
            11.5,
            1.5,
            12,
            2
          ],
          "texture": "#0"
        },
        "east": {
          "uv": [
            8.5,
            4.75,
            10,
            5.25
          ],
          "texture": "#0"
        },
        "south": {
          "uv": [
            11.5,
            2,
            12,
            2.5
          ],
          "texture": "#0"
        },
        "west": {
          "uv": [
            9.25,
            5.25,
            10.75,
            5.75
          ],
          "texture": "#0"
        },
        "up": {
          "uv": [
            10.25,
            7.25,
            9.75,
            5.75
          ],
          "texture": "#0"
        },
        "down": {
          "uv": [
            10.25,
            7.25,
            9.75,
            8.75
          ],
          "texture": "#0"
        }
      }
    },
    {
      "from": [
        7.5,
        1.43372,
        7.46312
      ],
      "to": [
        8.5,
        4.43372,
        9.46312
      ],
      "rotation": {
        "angle": 22.5,
        "axis": "x",
        "origin": [
          8,
          1.93372,
          9.06312
        ]
      },
      "faces": {
        "north": {
          "uv": [
            11.5,
            5.25,
            11.75,
            6
          ],
          "texture": "#0"
        },
        "east": {
          "uv": [
            11.25,
            3.75,
            11.75,
            4.5
          ],
          "texture": "#0"
        },
        "south": {
          "uv": [
            11.5,
            6,
            11.75,
            6.75
          ],
          "texture": "#0"
        },
        "west": {
          "uv": [
            4.5,
            11.25,
            5,
            12
          ],
          "texture": "#0"
        },
        "up": {
          "uv": [
            11.75,
            10.5,
            11.5,
            10
          ],
          "texture": "#0"
        },
        "down": {
          "uv": [
            10.5,
            11.5,
            10.25,
            12
          ],
          "texture": "#0"
        }
      }
    },
    {
      "from": [
        7.98,
        5.86465,
        -2.62
      ],
      "to": [
        8.02,
        10.90465,
        20.42
      ],
      "rotation": {
        "angle": -45,
        "axis": "z",
        "origin": [
          8,
          8.38465,
          8.9
        ]
      },
      "faces": {
        "north": {
          "uv": [
            5.5,
            11.25,
            5.75,
            12.5
          ],
          "texture": "#0"
        },
        "east": {
          "uv": [
            0,
            5,
            5.75,
            6.25
          ],
          "texture": "#0"
        },
        "south": {
          "uv": [
            5.75,
            11.25,
            6,
            12.5
          ],
          "texture": "#0"
        },
        "west": {
          "uv": [
            5.75,
            0,
            11.5,
            1.25
          ],
          "texture": "#0"
        },
        "up": {
          "uv": [
            1.25,
            12,
            1,
            6.25
          ],
          "texture": "#0"
        },
        "down": {
          "uv": [
            1.5,
            6.25,
            1.25,
            12
          ],
          "texture": "#0"
        }
      }
    },
    {
      "from": [
        7.98,
        5.86465,
        -2.62
      ],
      "to": [
        8.02,
        10.90465,
        20.42
      ],
      "rotation": {
        "angle": 45,
        "axis": "z",
        "origin": [
          8,
          8.38465,
          8.9
        ]
      },
      "faces": {
        "north": {
          "uv": [
            11.25,
            5.75,
            11.5,
            7
          ],
          "texture": "#0"
        },
        "east": {
          "uv": [
            5.75,
            1.25,
            11.5,
            2.5
          ],
          "texture": "#0"
        },
        "south": {
          "uv": [
            6,
            11.25,
            6.25,
            12.5
          ],
          "texture": "#0"
        },
        "west": {
          "uv": [
            5.75,
            2.5,
            11.5,
            3.75
          ],
          "texture": "#0"
        },
        "up": {
          "uv": [
            1.75,
            12,
            1.5,
            6.25
          ],
          "texture": "#0"
        },
        "down": {
          "uv": [
            2,
            6.25,
            1.75,
            12
          ],
          "texture": "#0"
        }
      }
    },
    {
      "from": [
        6.98,
        -3.57371,
        4.23934
      ],
      "to": [
        9.02,
        -0.53371,
        10.27934
      ],
      "rotation": {
        "angle": 45,
        "axis": "x",
        "origin": [
          7.995,
          -2.94352,
          12.0517
        ]
      },
      "faces": {
        "north": {
          "uv": [
            7.25,
            7,
            7.75,
            6.25
          ],
          "texture": "#0"
        },
        "east": {
          "uv": [
            3.75,
            7.75,
            5.25,
            7
          ],
          "texture": "#0"
        },
        "south": {
          "uv": [
            10.75,
            6,
            11.25,
            5.25
          ],
          "texture": "#0"
        },
        "west": {
          "uv": [
            7,
            4.5,
            8.5,
            3.75
          ],
          "texture": "#0"
        },
        "up": {
          "uv": [
            9.25,
            9.75,
            8.75,
            8.25
          ],
          "texture": "#0"
        },
        "down": {
          "uv": [
            7.25,
            8.75,
            6.75,
            10.25
          ],
          "texture": "#0"
        }
      }
    },
    {
      "from": [
        6.98,
        -6.93684,
        11.67052
      ],
      "to": [
        8.96,
        0.04316,
        14.65052
      ],
      "rotation": {
        "angle": -22.5,
        "axis": "x",
        "origin": [
          7.97,
          -5.37111,
          13.65047
        ]
      },
      "faces": {
        "north": {
          "uv": [
            2.5,
            8.75,
            2,
            10.5
          ],
          "rotation": 180,
          "texture": "#0"
        },
        "east": {
          "uv": [
            3.75,
            6.25,
            2,
            7
          ],
          "rotation": 90,
          "texture": "#0"
        },
        "south": {
          "uv": [
            3,
            10.5,
            2.5,
            8.75
          ],
          "texture": "#0"
        },
        "west": {
          "uv": [
            5.5,
            6.25,
            3.75,
            7
          ],
          "rotation": 270,
          "texture": "#0"
        },
        "up": {
          "uv": [
            10.75,
            8.25,
            11.25,
            7.5
          ],
          "rotation": 180,
          "texture": "#0"
        },
        "down": {
          "uv": [
            9.75,
            11.5,
            10.25,
            10.75
          ],
          "texture": "#0"
        }
      }
    },
    {
      "from": [
        7.5,
        -6.18215,
        9.92401
      ],
      "to": [
        8.5,
        -2.18215,
        11.92401
      ],
      "rotation": {
        "angle": -22.5,
        "axis": "x",
        "origin": [
          8,
          -4.18215,
          10.22401
        ]
      },
      "faces": {
        "north": {
          "uv": [
            11.75,
            2.5,
            11.5,
            3.5
          ],
          "rotation": 180,
          "texture": "#0"
        },
        "east": {
          "uv": [
            11.5,
            8.75,
            10.5,
            9.25
          ],
          "rotation": 90,
          "texture": "#0"
        },
        "south": {
          "uv": [
            3.25,
            12.5,
            3,
            11.5
          ],
          "texture": "#0"
        },
        "west": {
          "uv": [
            11.5,
            9.25,
            10.5,
            9.75
          ],
          "rotation": 270,
          "texture": "#0"
        },
        "up": {
          "uv": [
            10.5,
            12,
            10.75,
            11.5
          ],
          "rotation": 180,
          "texture": "#0"
        },
        "down": {
          "uv": [
            11.5,
            11,
            11.75,
            10.5
          ],
          "texture": "#0"
        }
      }
    },
    {
      "from": [
        7.5,
        -2.22286,
        9.03005
      ],
      "to": [
        8.5,
        1.77714,
        11.03005
      ],
      "rotation": {
        "angle": -22.5,
        "axis": "x",
        "origin": [
          8,
          -1.9554,
          9.67468
        ]
      },
      "faces": {
        "north": {
          "uv": [
            6.75,
            12.25,
            7,
            11.25
          ],
          "texture": "#0"
        },
        "east": {
          "uv": [
            9.25,
            11,
            9.75,
            10
          ],
          "texture": "#0"
        },
        "south": {
          "uv": [
            7,
            12.25,
            7.25,
            11.25
          ],
          "texture": "#0"
        },
        "west": {
          "uv": [
            10.25,
            6.75,
            10.75,
            5.75
          ],
          "texture": "#0"
        },
        "up": {
          "uv": [
            11.75,
            9,
            11.5,
            8.5
          ],
          "texture": "#0"
        },
        "down": {
          "uv": [
            8.75,
            11.5,
            8.5,
            12
          ],
          "texture": "#0"
        }
      }
    },
    {
      "from": [
        6.47,
        -9.1614,
        12.83951
      ],
      "to": [
        9.47,
        -5.1614,
        16.83951
      ],
      "rotation": {
        "angle": 45,
        "axis": "x",
        "origin": [
          7.97,
          -6.9614,
          14.83951
        ]
      },
      "faces": {
        "north": {
          "uv": [
            4,
            10,
            4.75,
            9
          ],
          "texture": "#0"
        },
        "east": {
          "uv": [
            7,
            6.25,
            8,
            5.25
          ],
          "texture": "#0"
        },
        "south": {
          "uv": [
            4.75,
            10,
            5.5,
            9
          ],
          "texture": "#0"
        },
        "west": {
          "uv": [
            6.75,
            8,
            7.75,
            7
          ],
          "texture": "#0"
        },
        "up": {
          "uv": [
            9.75,
            7,
            9,
            6
          ],
          "texture": "#0"
        },
        "down": {
          "uv": [
            6.25,
            9,
            5.5,
            10
          ],
          "texture": "#0"
        }
      }
    },
    {
      "from": [
        8,
        -7.36677,
        16.46135
      ],
      "to": [
        8,
        8.13323,
        17.46135
      ],
      "rotation": {
        "angle": 22.5,
        "axis": "x",
        "origin": [
          8,
          0.38323,
          19.96135
        ]
      },
      "faces": {
        "north": {
          "uv": [
            0,
            3,
            0,
            0
          ],
          "texture": "#0"
        },
        "east": {
          "uv": [
            7.25,
            11.75,
            7.5,
            8.75
          ],
          "texture": "#0"
        },
        "south": {
          "uv": [
            0,
            3,
            0,
            0
          ],
          "texture": "#0"
        },
        "west": {
          "uv": [
            7.5,
            12,
            7.75,
            9
          ],
          "texture": "#0"
        },
        "up": {
          "uv": [
            0,
            0.25,
            0,
            0
          ],
          "texture": "#0"
        },
        "down": {
          "uv": [
            0,
            0,
            0,
            0.25
          ],
          "texture": "#0"
        }
      }
    },
    {
      "from": [
        8,
        8.86677,
        16.46135
      ],
      "to": [
        8,
        24.36677,
        17.46135
      ],
      "rotation": {
        "angle": -22.5,
        "axis": "x",
        "origin": [
          8,
          16.61677,
          19.96135
        ]
      },
      "faces": {
        "north": {
          "uv": [
            0,
            0,
            0,
            3
          ],
          "texture": "#0"
        },
        "east": {
          "uv": [
            7.25,
            8.75,
            7.5,
            11.75
          ],
          "texture": "#0"
        },
        "south": {
          "uv": [
            0,
            0,
            0,
            3
          ],
          "texture": "#0"
        },
        "west": {
          "uv": [
            7.5,
            9,
            7.75,
            12
          ],
          "texture": "#0"
        },
        "up": {
          "uv": [
            0,
            0.25,
            0,
            0
          ],
          "texture": "#0"
        },
        "down": {
          "uv": [
            0,
            0,
            0,
            0.25
          ],
          "texture": "#0"
        }
      }
    },
    {
      "from": [
        6.98,
        16.82742,
        11.64224
      ],
      "to": [
        8.96,
        23.80742,
        14.62224
      ],
      "rotation": {
        "angle": 22.5,
        "axis": "x",
        "origin": [
          7.97,
          22.24168,
          13.62219
        ]
      },
      "faces": {
        "north": {
          "uv": [
            2.5,
            10.5,
            2,
            8.75
          ],
          "rotation": 180,
          "texture": "#0"
        },
        "east": {
          "uv": [
            2,
            6.25,
            3.75,
            7
          ],
          "rotation": 90,
          "texture": "#0"
        },
        "south": {
          "uv": [
            3,
            8.75,
            2.5,
            10.5
          ],
          "texture": "#0"
        },
        "west": {
          "uv": [
            3.75,
            6.25,
            5.5,
            7
          ],
          "rotation": 270,
          "texture": "#0"
        },
        "up": {
          "uv": [
            9.75,
            10.75,
            10.25,
            11.5
          ],
          "texture": "#0"
        },
        "down": {
          "uv": [
            10.75,
            7.5,
            11.25,
            8.25
          ],
          "rotation": 180,
          "texture": "#0"
        }
      }
    },
    {
      "from": [
        7.5,
        19.05272,
        9.89572
      ],
      "to": [
        8.5,
        23.05272,
        11.89572
      ],
      "rotation": {
        "angle": 22.5,
        "axis": "x",
        "origin": [
          8,
          21.05272,
          10.19572
        ]
      },
      "faces": {
        "north": {
          "uv": [
            11.75,
            3.5,
            11.5,
            2.5
          ],
          "rotation": 180,
          "texture": "#0"
        },
        "east": {
          "uv": [
            10.5,
            8.75,
            11.5,
            9.25
          ],
          "rotation": 90,
          "texture": "#0"
        },
        "south": {
          "uv": [
            3.25,
            11.5,
            3,
            12.5
          ],
          "texture": "#0"
        },
        "west": {
          "uv": [
            10.5,
            9.25,
            11.5,
            9.75
          ],
          "rotation": 270,
          "texture": "#0"
        },
        "up": {
          "uv": [
            11.5,
            10.5,
            11.75,
            11
          ],
          "texture": "#0"
        },
        "down": {
          "uv": [
            10.5,
            11.5,
            10.75,
            12
          ],
          "rotation": 180,
          "texture": "#0"
        }
      }
    },
    {
      "from": [
        7.5,
        15.09344,
        9.00177
      ],
      "to": [
        8.5,
        19.09344,
        11.00177
      ],
      "rotation": {
        "angle": 22.5,
        "axis": "x",
        "origin": [
          8,
          18.82598,
          9.64639
        ]
      },
      "faces": {
        "north": {
          "uv": [
            6.75,
            11.25,
            7,
            12.25
          ],
          "texture": "#0"
        },
        "east": {
          "uv": [
            9.25,
            10,
            9.75,
            11
          ],
          "texture": "#0"
        },
        "south": {
          "uv": [
            7,
            11.25,
            7.25,
            12.25
          ],
          "texture": "#0"
        },
        "west": {
          "uv": [
            10.25,
            5.75,
            10.75,
            6.75
          ],
          "texture": "#0"
        },
        "up": {
          "uv": [
            8.75,
            12,
            8.5,
            11.5
          ],
          "texture": "#0"
        },
        "down": {
          "uv": [
            11.75,
            8.5,
            11.5,
            9
          ],
          "texture": "#0"
        }
      }
    },
    {
      "from": [
        6.47,
        22.03197,
        12.81123
      ],
      "to": [
        9.47,
        26.03197,
        16.81123
      ],
      "rotation": {
        "angle": -45,
        "axis": "x",
        "origin": [
          7.97,
          23.83197,
          14.81123
        ]
      },
      "faces": {
        "north": {
          "uv": [
            4,
            9,
            4.75,
            10
          ],
          "texture": "#0"
        },
        "east": {
          "uv": [
            7,
            5.25,
            8,
            6.25
          ],
          "texture": "#0"
        },
        "south": {
          "uv": [
            4.75,
            9,
            5.5,
            10
          ],
          "texture": "#0"
        },
        "west": {
          "uv": [
            6.75,
            7,
            7.75,
            8
          ],
          "texture": "#0"
        },
        "up": {
          "uv": [
            6.25,
            10,
            5.5,
            9
          ],
          "texture": "#0"
        },
        "down": {
          "uv": [
            9.75,
            6,
            9,
            7
          ],
          "texture": "#0"
        }
      }
    }
  ],
  "gui_light": "front",
  "display": {
    "thirdperson_righthand": {
      "translation": [
        0,
        -2.5,
        -1
      ],
      "scale": [
        0.8,
        0.8,
        0.8
      ]
    },
    "thirdperson_lefthand": {
      "translation": [
        0,
        -2.5,
        -1
      ],
      "scale": [
        0.8,
        0.8,
        0.8
      ]
    },
    "firstperson_righthand": {
      "rotation": [
        18,
        5,
        0
      ],
      "translation": [
        2,
        4,
        -4.75
      ],
      "scale": [
        0.6,
        0.6,
        0.6
      ]
    },
    "firstperson_lefthand": {
      "rotation": [
        18,
        5,
        0
      ],
      "translation": [
        2,
        4,
        -4.75
      ],
      "scale": [
        0.6,
        0.6,
        0.6
      ]
    },
    "ground": {
      "rotation": [
        27,
        -20,
        90
      ],
      "scale": [
        0.5,
        0.5,
        0.5
      ]
    },
    "gui": {
      "rotation": [
        90,
        45,
        90
      ],
      "translation": [
        -1,
        1.5,
        0
      ],
      "scale": [
        0.5,
        0.5,
        0.5
      ]
    },
    "fixed": {
      "rotation": [
        0,
        90,
        0
      ],
      "scale": [
        0.5,
        0.5,
        0.5
      ]
    }
  }
}