{
  "texture_size": [
    64,
    64
  ],
  "elements": [
    {
      "from": [
        3.5,
        1.25,
        3.5
      ],
      "to": [
        12.5,
        5.25,
        12.5
      ],
      "rotation": {
        "angle": 0,
        "axis": "y",
        "origin": [
          3.5,
          0.25,
          3.5
        ]
      },
      "faces": {
        "north": {
          "uv": [
            5,
            3.5,
            7.25,
            4.5
          ],
          "texture": "#0"
        },
        "east": {
          "uv": [
            5,
            4.75,
            7.25,
            5.75
          ],
          "texture": "#0"
        },
        "south": {
          "uv": [
            0,
            6,
            2.25,
            7
          ],
          "texture": "#0"
        },
        "west": {
          "uv": [
            6,
            0,
            8.25,
            1
          ],
          "texture": "#0"
        },
        "up": {
          "uv": [
            2.25,
            5.75,
            0,
            3.5
          ],
          "texture": "#0"
        },
        "down": {
          "uv": [
            4.75,
            3.5,
            2.5,
            5.75
          ],
          "texture": "#0"
        }
      }
    },
    {
      "from": [
        5.5,
        2,
        2.5
      ],
      "to": [
        10.5,
        8,
        4.5
      ],
      "rotation": {
        "angle": 0,
        "axis": "y",
        "origin": [
          6.5,
          3,
          2.5
        ]
      },
      "faces": {
        "north": {
          "uv": [
            6,
            1.25,
            7.25,
            2.75
          ],
          "texture": "#0"
        },
        "east": {
          "uv": [
            4.25,
            6,
            4.75,
            7.5
          ],
          "texture": "#0"
        },
        "south": {
          "uv": [
            2.5,
            6,
            3.75,
            7.5
          ],
          "texture": "#0"
        },
        "west": {
          "uv": [
            5,
            6,
            5.5,
            7.5
          ],
          "texture": "#0"
        },
        "up": {
          "uv": [
            7.25,
            6.75,
            6,
            6.25
          ],
          "texture": "#0"
        },
        "down": {
          "uv": [
            7.25,
            7,
            6,
            7.75
          ],
          "texture": "#0"
        }
      }
    },
    {
      "from": [
        5,
        1,
        0
      ],
      "to": [
        11,
        2,
        13
      ],
      "rotation": {
        "angle": 0,
        "axis": "y",
        "origin": [
          7,
          0,
          2
        ]
      },
      "faces": {
        "north": {
          "uv": [
            9.25,
            3,
            10.75,
            3.25
          ],
          "texture": "#0"
        },
        "east": {
          "uv": [
            7.5,
            7,
            10.75,
            7.25
          ],
          "texture": "#0"
        },
        "south": {
          "uv": [
            9.25,
            3.25,
            10.75,
            3.5
          ],
          "texture": "#0"
        },
        "west": {
          "uv": [
            7.5,
            3.5,
            10.75,
            3.75
          ],
          "texture": "#0"
        },
        "up": {
          "uv": [
            9.25,
            3.75,
            10.75,
            7
          ],
          "texture": "#0"
        },
        "down": {
          "uv": [
            7.5,
            3.75,
            9,
            7
          ],
          "texture": "#0"
        }
      }
    },
    {
      "from": [
        2.31656,
        1.4688,
        0.01
      ],
      "to": [
        5.29656,
        2.4488,
        12.99
      ],
      "rotation": {
        "angle": 22.5,
        "axis": "z",
        "origin": [
          6.30656,
          1.4588,
          7
        ]
      },
      "faces": {
        "north": {
          "uv": [
            2.75,
            8,
            3.5,
            8.25
          ],
          "texture": "#0"
        },
        "east": {
          "uv": [
            2,
            7.75,
            5.25,
            8
          ],
          "texture": "#0"
        },
        "south": {
          "uv": [
            2,
            8,
            2.75,
            8.25
          ],
          "texture": "#0"
        },
        "west": {
          "uv": [
            2,
            7.5,
            5.25,
            7.75
          ],
          "texture": "#0"
        },
        "up": {
          "uv": [
            0,
            7.25,
            0.75,
            10.5
          ],
          "texture": "#0"
        },
        "down": {
          "uv": [
            1,
            7.25,
            1.75,
            10.5
          ],
          "texture": "#0"
        }
      }
    },
    {
      "from": [
        10.70344,
        1.4688,
        0.01
      ],
      "to": [
        13.68344,
        2.4488,
        12.99
      ],
      "rotation": {
        "angle": -22.5,
        "axis": "z",
        "origin": [
          9.69344,
          1.4588,
          7
        ]
      },
      "faces": {
        "north": {
          "uv": [
            3.5,
            8,
            2.75,
            8.25
          ],
          "texture": "#0"
        },
        "east": {
          "uv": [
            5.25,
            7.5,
            2,
            7.75
          ],
          "texture": "#0"
        },
        "south": {
          "uv": [
            2.75,
            8,
            2,
            8.25
          ],
          "texture": "#0"
        },
        "west": {
          "uv": [
            5.25,
            7.75,
            2,
            8
          ],
          "texture": "#0"
        },
        "up": {
          "uv": [
            0.75,
            7.25,
            0,
            10.5
          ],
          "texture": "#0"
        },
        "down": {
          "uv": [
            1.75,
            7.25,
            1,
            10.5
          ],
          "texture": "#0"
        }
      }
    },
    {
      "from": [
        6.5,
        2,
        4
      ],
      "to": [
        9.5,
        6,
        13
      ],
      "rotation": {
        "angle": 0,
        "axis": "y",
        "origin": [
          6.5,
          4,
          5
        ]
      },
      "faces": {
        "north": {
          "uv": [
            9.5,
            0.25,
            10.25,
            1.25
          ],
          "texture": "#0"
        },
        "east": {
          "uv": [
            11,
            1.25,
            13.25,
            2.25
          ],
          "texture": "#0"
        },
        "south": {
          "uv": [
            10.25,
            0.25,
            11,
            1.25
          ],
          "texture": "#0"
        },
        "west": {
          "uv": [
            11,
            0.25,
            13.25,
            1.25
          ],
          "texture": "#0"
        },
        "up": {
          "uv": [
            14,
            0.25,
            14.75,
            2.5
          ],
          "texture": "#0"
        },
        "down": {
          "uv": [
            13.25,
            0.25,
            14,
            2.5
          ],
          "texture": "#0"
        }
      }
    }
  ],
  "gui_light": "front",
  "display": {
    "thirdperson_righthand": {
      "rotation": [
        68,
        10,
        0
      ],
      "translation": [
        0,
        1,
        2
      ],
      "scale": [
        0.7,
        0.7,
        0.7
      ]
    },
    "thirdperson_lefthand": {
      "rotation": [
        68,
        10,
        0
      ],
      "translation": [
        0,
        1,
        2
      ],
      "scale": [
        0.7,
        0.7,
        0.7
      ]
    },
    "firstperson_righthand": {
      "rotation": [
        0,
        10,
        0
      ],
      "translation": [
        0.5,
        5.5,
        0
      ],
      "scale": [
        0.55,
        0.55,
        0.55
      ]
    },
    "firstperson_lefthand": {
      "rotation": [
        0,
        10,
        0
      ],
      "translation": [
        0.5,
        5.5,
        0
      ],
      "scale": [
        0.55,
        0.55,
        0.55
      ]
    },
    "ground": {
      "translation": [
        0,
        4,
        0.5
      ],
      "scale": [
        0.7,
        0.7,
        0.7
      ]
    },
    "gui": {
      "rotation": [
        22.5,
        135,
        0
      ],
      "translation": [
        1,
        4.5,
        0
      ],
      "scale": [
        0.88,
        0.88,
        0.88
      ]
    },
    "head": {
      "rotation": [
        3.25,
        0,
        0
      ],
      "translation": [
        0,
        13.75,
        0.75
      ],
      "scale": [
        1.7,
        1.7,
        1.7
      ]
    },
    "fixed": {
      "rotation": [
        -90,
        0,
        0
      ],
      "translation": [
        0,
        3,
        -16
      ],
      "scale": [
        2,
        2,
        2
      ]
    }
  }
}