{
  "texture_size": [
    32,
    32
  ],
  "elements": [
    {
      "from": [
        5,
        0,
        8
      ],
      "to": [
        11,
        6,
        14
      ],
      "rotation": {
        "angle": 0,
        "axis": "y",
        "origin": [
          7,
          0,
          7
        ]
      },
      "faces": {
        "north": {
          "uv": [
            3.5,
            0,
            6.5,
            3
          ],
          "texture": "#0"
        },
        "east": {
          "uv": [
            9.5,
            0,
            6.5,
            3
          ],
          "texture": "#0"
        },
        "south": {
          "uv": [
            3.5,
            6,
            6.5,
            9
          ],
          "texture": "#0"
        },
        "west": {
          "uv": [
            6.5,
            0,
            9.5,
            3
          ],
          "texture": "#0"
        },
        "up": {
          "uv": [
            9.5,
            6,
            6.5,
            3
          ],
          "texture": "#0"
        },
        "down": {
          "uv": [
            9.5,
            6,
            6.5,
            9
          ],
          "texture": "#0"
        }
      }
    },
    {
      "from": [
        6,
        2.75,
        13
      ],
      "to": [
        10,
        6.75,
        19
      ],
      "rotation": {
        "angle": -45,
        "axis": "x",
        "origin": [
          8,
          2.75,
          16
        ]
      },
      "faces": {
        "north": {
          "uv": [
            7,
            9,
            9,
            11
          ],
          "texture": "#0"
        },
        "east": {
          "uv": [
            3,
            9,
            0,
            11
          ],
          "texture": "#0"
        },
        "south": {
          "uv": [
            9,
            9,
            11,
            11
          ],
          "texture": "#0"
        },
        "west": {
          "uv": [
            0,
            9,
            3,
            11
          ],
          "texture": "#0"
        },
        "up": {
          "uv": [
            5,
            12,
            3,
            9
          ],
          "texture": "#0"
        },
        "down": {
          "uv": [
            7,
            9,
            5,
            12
          ],
          "texture": "#0"
        }
      }
    },
    {
      "from": [
        7,
        5.13909,
        15.71066
      ],
      "to": [
        9,
        9.13909,
        17.71066
      ],
      "rotation": {
        "angle": 0,
        "axis": "y",
        "origin": [
          8,
          6.63909,
          17.06066
        ]
      },
      "faces": {
        "north": {
          "uv": [
            10.5,
            0,
            11.5,
            2
          ],
          "texture": "#0"
        },
        "east": {
          "uv": [
            1,
            11,
            0,
            13
          ],
          "texture": "#0"
        },
        "south": {
          "uv": [
            10.5,
            4,
            11.5,
            6
          ],
          "texture": "#0"
        },
        "west": {
          "uv": [
            0,
            11,
            1,
            13
          ],
          "texture": "#0"
        },
        "up": {
          "uv": [
            11.5,
            7,
            10.5,
            6
          ],
          "texture": "#0"
        },
        "down": {
          "uv": [
            2,
            11,
            1,
            12
          ],
          "texture": "#0"
        }
      }
    },
    {
      "from": [
        4.5,
        -0.5,
        6.5
      ],
      "to": [
        11.5,
        6.5,
        8.5
      ],
      "rotation": {
        "angle": 0,
        "axis": "y",
        "origin": [
          7,
          0,
          7
        ]
      },
      "faces": {
        "north": {
          "uv": [
            0,
            0,
            3.5,
            3.5
          ],
          "texture": "#0"
        },
        "east": {
          "uv": [
            9.5,
            0,
            10.5,
            3.5
          ],
          "texture": "#0"
        },
        "south": {
          "uv": [
            0,
            3.5,
            3.5,
            7
          ],
          "texture": "#0"
        },
        "west": {
          "uv": [
            9.5,
            3.5,
            10.5,
            7
          ],
          "texture": "#0"
        },
        "up": {
          "uv": [
            13,
            8,
            9.5,
            7
          ],
          "texture": "#0"
        },
        "down": {
          "uv": [
            13,
            8,
            9.5,
            9
          ],
          "texture": "#0"
        }
      }
    },
    {
      "from": [
        9.06075,
        -0.25,
        4.70828
      ],
      "to": [
        11.06075,
        4.75,
        6.70828
      ],
      "rotation": {
        "angle": 22.5,
        "axis": "z",
        "origin": [
          9.56075,
          1.25,
          5.45828
        ]
      },
      "faces": {
        "north": {
          "uv": [
            2,
            11,
            3,
            13.5
          ],
          "texture": "#0"
        },
        "east": {
          "uv": [
            7,
            11,
            8,
            13.5
          ],
          "texture": "#0"
        },
        "south": {
          "uv": [
            8,
            11,
            9,
            13.5
          ],
          "texture": "#0"
        },
        "west": {
          "uv": [
            9,
            11,
            10,
            13.5
          ],
          "texture": "#0"
        },
        "up": {
          "uv": [
            11.5,
            3,
            10.5,
            2
          ],
          "texture": "#0"
        },
        "down": {
          "uv": [
            11.5,
            3,
            10.5,
            4
          ],
          "texture": "#0"
        }
      }
    },
    {
      "from": [
        8.86075,
        -0.45,
        4.50828
      ],
      "to": [
        11.26075,
        2.95,
        6.90828
      ],
      "rotation": {
        "angle": 22.5,
        "axis": "z",
        "origin": [
          9.56075,
          1.25,
          5.45828
        ]
      },
      "faces": {
        "north": {
          "uv": [
            11,
            9,
            12,
            10.5
          ],
          "texture": "#0"
        },
        "east": {
          "uv": [
            10,
            11,
            11,
            12.5
          ],
          "texture": "#0"
        },
        "south": {
          "uv": [
            11,
            10.5,
            12,
            12
          ],
          "texture": "#0"
        },
        "west": {
          "uv": [
            11.5,
            0,
            12.5,
            1.5
          ],
          "texture": "#0"
        },
        "up": {
          "uv": [
            12.5,
            2.5,
            11.5,
            1.5
          ],
          "texture": "#0"
        },
        "down": {
          "uv": [
            12.5,
            2.5,
            11.5,
            3.5
          ],
          "texture": "#0"
        }
      }
    },
    {
      "from": [
        6.5,
        -0.25,
        4.25
      ],
      "to": [
        9.5,
        2.75,
        7.25
      ],
      "rotation": {
        "angle": -22.5,
        "axis": "y",
        "origin": [
          8,
          1,
          4
        ]
      },
      "faces": {
        "north": {
          "uv": [
            3.5,
            3,
            5,
            4.5
          ],
          "texture": "#0"
        },
        "east": {
          "uv": [
            3.5,
            4.5,
            5,
            6
          ],
          "texture": "#0"
        },
        "south": {
          "uv": [
            5,
            3,
            6.5,
            4.5
          ],
          "texture": "#0"
        },
        "west": {
          "uv": [
            5,
            4.5,
            6.5,
            6
          ],
          "texture": "#0"
        },
        "up": {
          "uv": [
            1.5,
            8.5,
            0,
            7
          ],
          "texture": "#0"
        },
        "down": {
          "uv": [
            3,
            7,
            1.5,
            8.5
          ],
          "texture": "#0"
        }
      }
    },
    {
      "from": [
        5.8303,
        2.75,
        5.11679
      ],
      "to": [
        7.8303,
        4.75,
        7.11679
      ],
      "rotation": {
        "angle": 22.5,
        "axis": "y",
        "origin": [
          6.8303,
          3.75,
          6.11679
        ]
      },
      "faces": {
        "north": {
          "uv": [
            11.5,
            3.5,
            12.5,
            4.5
          ],
          "texture": "#0"
        },
        "east": {
          "uv": [
            11.5,
            4.5,
            12.5,
            5.5
          ],
          "texture": "#0"
        },
        "south": {
          "uv": [
            11.5,
            5.5,
            12.5,
            6.5
          ],
          "texture": "#0"
        },
        "west": {
          "uv": [
            1,
            12,
            2,
            13
          ],
          "texture": "#0"
        },
        "up": {
          "uv": [
            4,
            13,
            3,
            12
          ],
          "texture": "#0"
        },
        "down": {
          "uv": [
            5,
            12,
            4,
            13
          ],
          "texture": "#0"
        }
      }
    },
    {
      "from": [
        6.8303,
        3.75,
        6.11679
      ],
      "to": [
        8.8303,
        5.75,
        8.11679
      ],
      "rotation": {
        "angle": 22.5,
        "axis": "y",
        "origin": [
          6.8303,
          3.75,
          6.11679
        ]
      },
      "faces": {
        "north": {
          "uv": [
            11.5,
            3.5,
            12.5,
            4.5
          ],
          "texture": "#0"
        },
        "east": {
          "uv": [
            11.5,
            4.5,
            12.5,
            5.5
          ],
          "texture": "#0"
        },
        "south": {
          "uv": [
            11.5,
            5.5,
            12.5,
            6.5
          ],
          "texture": "#0"
        },
        "west": {
          "uv": [
            1,
            12,
            2,
            13
          ],
          "texture": "#0"
        },
        "up": {
          "uv": [
            4,
            13,
            3,
            12
          ],
          "texture": "#0"
        },
        "down": {
          "uv": [
            5,
            12,
            4,
            13
          ],
          "texture": "#0"
        }
      }
    }
  ],
  "gui_light": "front",
  "display": {
    "thirdperson_righthand": {
      "rotation": [
        70,
        0,
        0
      ],
      "translation": [
        0,
        1,
        2
      ],
      "scale": [
        0.9,
        0.9,
        0.9
      ]
    },
    "thirdperson_lefthand": {
      "rotation": [
        70,
        0,
        0
      ],
      "translation": [
        0,
        1,
        2
      ],
      "scale": [
        0.9,
        0.9,
        0.9
      ]
    },
    "firstperson_righthand": {
      "rotation": [
        10,
        0,
        0
      ],
      "translation": [
        -0.5,
        6.5,
        0
      ],
      "scale": [
        0.7,
        0.7,
        0.7
      ]
    },
    "firstperson_lefthand": {
      "rotation": [
        10,
        0,
        0
      ],
      "translation": [
        -0.5,
        6.5,
        0
      ],
      "scale": [
        0.7,
        0.7,
        0.7
      ]
    },
    "ground": {
      "rotation": [
        10,
        0,
        0
      ],
      "translation": [
        0,
        5.5,
        -2
      ],
      "scale": [
        0.85,
        0.85,
        0.85
      ]
    },
    "gui": {
      "rotation": [
        22.5,
        135,
        0
      ],
      "translation": [
        -2,
        3,
        0
      ],
      "scale": [
        1.05,
        1.05,
        1.05
      ]
    },
    "head": {
      "rotation": [
        37.16,
        -46.47,
        15.31
      ],
      "translation": [
        0,
        17,
        3
      ],
      "scale": [
        1.61,
        1.61,
        1.61
      ]
    },
    "fixed": {
      "rotation": [
        -90,
        0,
        0
      ],
      "translation": [
        0,
        -5,
        -20
      ],
      "scale": [
        2.5,
        2.5,
        2.5
      ]
    }
  }
}