{
  "display": {
    "thirdperson_righthand": {
      "rotation": [
        68,
        0,
        0
      ],
      "translation": [
        0,
        2,
        -9.25
      ],
      "scale": [
        0.9,
        0.9,
        0.9
      ]
    },
    "thirdperson_lefthand": {
      "rotation": [
        68,
        0,
        0
      ],
      "translation": [
        0,
        2,
        -9.25
      ],
      "scale": [
        0.9,
        0.9,
        0.9
      ]
    },
    "firstperson_righthand": {
      "translation": [
        6,
        -5.5,
        -6.5
      ]
    },
    "firstperson_lefthand": {
      "translation": [
        6,
        -5.5,
        -6.5
      ]
    },
    "ground": {
      "rotation": [
        45,
        0,
        0
      ],
      "translation": [
        0,
        4.75,
        0.75
      ],
      "scale": [
        0.25,
        0.25,
        0.25
      ]
    },
    "gui": {
      "rotation": [
        30,
        135,
        0
      ],
      "translation": [
        -1.75,
        -3,
        0
      ],
      "scale": [
        0.55,
        0.55,
        0.55
      ]
    },
    "fixed": {
      "rotation": [
        90,
        -45,
        90
      ],
      "translation": [
        5.25,
        -1,
        -0.75
      ],
      "scale": [
        0.6,
        0.6,
        0.6
      ]
    }
  },
  "textures": {
    "0": "civilization:item/tools/sculkweaver_lantern/jolly/default",
    "1": "civilization:item/tools/sculkweaver_lantern/jolly/anim",
    "particle": "civilization:item/tools/sculkweaver_lantern/jolly/default"
  },
  "elements": [
    {
      "from": [
        8,
        16.75,
        26.10597
      ],
      "to": [
        8,
        19.75,
        30.10597
      ],
      "rotation": {
        "angle": 22.5,
        "axis": "x",
        "origin": [
          8,
          18.25,
          15.60597
        ]
      },
      "faces": {
        "north": {
          "uv": [
            0,
            0,
            0,
            0.75
          ],
          "texture": "#0"
        },
        "east": {
          "uv": [
            3.5,
            2.75,
            4.5,
            3.5
          ],
          "texture": "#0"
        },
        "south": {
          "uv": [
            0,
            0,
            0,
            0.75
          ],
          "texture": "#0"
        },
        "west": {
          "uv": [
            3,
            6.25,
            4,
            7
          ],
          "texture": "#0"
        },
        "up": {
          "uv": [
            0,
            1,
            0,
            0
          ],
          "texture": "#0"
        },
        "down": {
          "uv": [
            0,
            0,
            0,
            1
          ],
          "texture": "#0"
        }
      }
    },
    {
      "from": [
        6.5,
        18.25,
        26.10597
      ],
      "to": [
        9.5,
        18.25,
        30.10597
      ],
      "rotation": {
        "angle": 22.5,
        "axis": "x",
        "origin": [
          8,
          18.25,
          15.60597
        ]
      },
      "faces": {
        "north": {
          "uv": [
            0,
            0,
            0.75,
            0
          ],
          "texture": "#0"
        },
        "east": {
          "uv": [
            0,
            0,
            1,
            0
          ],
          "texture": "#0"
        },
        "south": {
          "uv": [
            0,
            0,
            0.75,
            0
          ],
          "texture": "#0"
        },
        "west": {
          "uv": [
            0,
            0,
            1,
            0
          ],
          "texture": "#0"
        },
        "up": {
          "uv": [
            6.25,
            7.5,
            5.5,
            6.5
          ],
          "texture": "#0"
        },
        "down": {
          "uv": [
            7.25,
            5.5,
            6.5,
            6.5
          ],
          "texture": "#0"
        }
      }
    },
    {
      "from": [
        7,
        17.25,
        4.10597
      ],
      "to": [
        9,
        19.25,
        25.10597
      ],
      "rotation": {
        "angle": 22.5,
        "axis": "x",
        "origin": [
          8,
          18.25,
          15.60597
        ]
      },
      "faces": {
        "north": {
          "uv": [
            8.75,
            5.5,
            9.25,
            6
          ],
          "texture": "#0"
        },
        "east": {
          "uv": [
            0,
            3.5,
            5.25,
            4
          ],
          "texture": "#0"
        },
        "south": {
          "uv": [
            8.75,
            6,
            9.25,
            6.5
          ],
          "texture": "#0"
        },
        "west": {
          "uv": [
            3.5,
            0,
            8.75,
            0.5
          ],
          "texture": "#0"
        },
        "up": {
          "uv": [
            0.5,
            9.25,
            0,
            4
          ],
          "texture": "#0"
        },
        "down": {
          "uv": [
            1,
            4,
            0.5,
            9.25
          ],
          "texture": "#0"
        }
      }
    },
    {
      "from": [
        6.5,
        16.75,
        24.10597
      ],
      "to": [
        9.5,
        19.75,
        26.10597
      ],
      "rotation": {
        "angle": 22.5,
        "axis": "x",
        "origin": [
          8,
          18.25,
          15.60597
        ]
      },
      "faces": {
        "north": {
          "uv": [
            8,
            6.25,
            8.75,
            7
          ],
          "texture": "#0"
        },
        "east": {
          "uv": [
            2.5,
            7.25,
            3,
            8
          ],
          "texture": "#0"
        },
        "south": {
          "uv": [
            8,
            7,
            8.75,
            7.75
          ],
          "texture": "#0"
        },
        "west": {
          "uv": [
            2.5,
            8,
            3,
            8.75
          ],
          "texture": "#0"
        },
        "up": {
          "uv": [
            9,
            5.5,
            8.25,
            5
          ],
          "texture": "#0"
        },
        "down": {
          "uv": [
            6.25,
            8.25,
            5.5,
            8.75
          ],
          "texture": "#0"
        }
      }
    },
    {
      "from": [
        6.7,
        16.95,
        7.80597
      ],
      "to": [
        9.3,
        19.55,
        24.40597
      ],
      "rotation": {
        "angle": 22.5,
        "axis": "x",
        "origin": [
          8,
          18.25,
          15.60597
        ]
      },
      "faces": {
        "north": {
          "uv": [
            11.75,
            15.5,
            12.25,
            16
          ],
          "texture": "#1"
        },
        "east": {
          "uv": [
            8,
            16,
            10,
            0
          ],
          "rotation": 90,
          "texture": "#1"
        },
        "south": {
          "uv": [
            13.25,
            15.5,
            13.75,
            16
          ],
          "texture": "#1"
        },
        "west": {
          "uv": [
            8,
            0,
            10,
            16
          ],
          "rotation": 90,
          "texture": "#1"
        },
        "up": {
          "uv": [
            8,
            16,
            6,
            0
          ],
          "texture": "#1"
        },
        "down": {
          "uv": [
            12,
            0,
            10,
            16
          ],
          "texture": "#1"
        }
      }
    },
    {
      "from": [
        6.5,
        22.01623,
        1.5336
      ],
      "to": [
        9.5,
        25.01623,
        4.5336
      ],
      "rotation": {
        "angle": -22.5,
        "axis": "x",
        "origin": [
          8,
          23.51623,
          3.0336
        ]
      },
      "faces": {
        "north": {
          "uv": [
            12,
            10,
            15,
            13
          ],
          "texture": "#1"
        },
        "east": {
          "uv": [
            12,
            4,
            15,
            7
          ],
          "texture": "#1"
        },
        "south": {
          "uv": [
            12,
            7,
            15,
            10
          ],
          "texture": "#1"
        },
        "west": {
          "uv": [
            15,
            4,
            12,
            7
          ],
          "texture": "#1"
        },
        "up": {
          "uv": [
            15,
            10,
            12,
            13
          ],
          "texture": "#1"
        },
        "down": {
          "uv": [
            15,
            10,
            12,
            7
          ],
          "texture": "#1"
        }
      }
    },
    {
      "from": [
        6,
        16.25,
        6.10597
      ],
      "to": [
        10,
        20.25,
        7.10597
      ],
      "rotation": {
        "angle": 22.5,
        "axis": "x",
        "origin": [
          8,
          18.25,
          15.60597
        ]
      },
      "faces": {
        "north": {
          "uv": [
            5.5,
            4.5,
            6.5,
            5.5
          ],
          "texture": "#0"
        },
        "east": {
          "uv": [
            7.25,
            8.5,
            7.5,
            9.5
          ],
          "texture": "#0"
        },
        "south": {
          "uv": [
            5.5,
            5.5,
            6.5,
            6.5
          ],
          "texture": "#0"
        },
        "west": {
          "uv": [
            7.5,
            8.5,
            7.75,
            9.5
          ],
          "texture": "#0"
        },
        "up": {
          "uv": [
            9.5,
            1.5,
            8.5,
            1.25
          ],
          "texture": "#0"
        },
        "down": {
          "uv": [
            8.75,
            8.5,
            7.75,
            8.75
          ],
          "texture": "#0"
        }
      }
    },
    {
      "from": [
        6,
        16.25,
        3.10597
      ],
      "to": [
        10,
        20.25,
        4.10597
      ],
      "rotation": {
        "angle": 22.5,
        "axis": "x",
        "origin": [
          8,
          18.25,
          15.60597
        ]
      },
      "faces": {
        "north": {
          "uv": [
            4.5,
            6,
            5.5,
            7
          ],
          "texture": "#0"
        },
        "east": {
          "uv": [
            2.5,
            8.75,
            2.75,
            9.75
          ],
          "texture": "#0"
        },
        "south": {
          "uv": [
            2,
            6.25,
            3,
            7.25
          ],
          "texture": "#0"
        },
        "west": {
          "uv": [
            2.75,
            8.75,
            3,
            9.75
          ],
          "texture": "#0"
        },
        "up": {
          "uv": [
            9.75,
            0.25,
            8.75,
            0
          ],
          "texture": "#0"
        },
        "down": {
          "uv": [
            9.75,
            0.25,
            8.75,
            0.5
          ],
          "texture": "#0"
        }
      }
    },
    {
      "from": [
        8,
        21.75,
        -5.417
      ],
      "to": [
        8,
        27.75,
        0.583
      ],
      "rotation": {
        "angle": 22.5,
        "axis": "x",
        "origin": [
          8,
          24.75,
          0.583
        ]
      },
      "faces": {
        "north": {
          "uv": [
            0,
            0,
            0,
            6
          ],
          "texture": "#1"
        },
        "east": {
          "uv": [
            6,
            6,
            0,
            12
          ],
          "texture": "#1"
        },
        "south": {
          "uv": [
            0,
            0,
            0,
            6
          ],
          "texture": "#1"
        },
        "west": {
          "uv": [
            0,
            6,
            6,
            12
          ],
          "texture": "#1"
        },
        "up": {
          "uv": [
            6,
            1,
            0,
            0
          ],
          "texture": "#1"
        },
        "down": {
          "uv": [
            0,
            5,
            0,
            11
          ],
          "texture": "#1"
        }
      }
    }
  ]
}