{
  "texture_size": [
    64,
    64
  ],
  "elements": [
    {
      "from": [
        3.5,
        6.5,
        1.5
      ],
      "to": [
        12.5,
        9.5,
        10.5
      ],
      "rotation": {
        "angle": 0,
        "axis": "y",
        "origin": [
          8,
          8,
          6
        ]
      },
      "faces": {
        "north": {
          "uv": [
            6,
            5.25,
            8.25,
            6
          ],
          "texture": "#0"
        },
        "east": {
          "uv": [
            6,
            6,
            8.25,
            6.75
          ],
          "texture": "#0"
        },
        "south": {
          "uv": [
            6.25,
            0,
            8.5,
            0.75
          ],
          "texture": "#0"
        },
        "west": {
          "uv": [
            6.25,
            0.75,
            8.5,
            1.5
          ],
          "texture": "#0"
        },
        "up": {
          "uv": [
            2.25,
            2.25,
            0,
            0
          ],
          "texture": "#0"
        },
        "down": {
          "uv": [
            2.25,
            2.25,
            0,
            4.5
          ],
          "texture": "#0"
        }
      }
    },
    {
      "from": [
        3.98,
        7.88,
        2.58
      ],
      "to": [
        12.02,
        12.92,
        10.62
      ],
      "rotation": {
        "angle": 22.5,
        "axis": "x",
        "origin": [
          8,
          11.1,
          5.1
        ]
      },
      "faces": {
        "north": {
          "uv": [
            2.25,
            4,
            4.25,
            5.25
          ],
          "texture": "#0"
        },
        "east": {
          "uv": [
            4.25,
            0,
            6.25,
            1.25
          ],
          "texture": "#0"
        },
        "south": {
          "uv": [
            4.25,
            1.25,
            6.25,
            2.5
          ],
          "texture": "#0"
        },
        "west": {
          "uv": [
            4.25,
            2.5,
            6.25,
            3.75
          ],
          "texture": "#0"
        },
        "up": {
          "uv": [
            4.25,
            2,
            2.25,
            0
          ],
          "texture": "#0"
        },
        "down": {
          "uv": [
            4.25,
            2,
            2.25,
            4
          ],
          "texture": "#0"
        }
      }
    },
    {
      "from": [
        5,
        10.74483,
        6.87308
      ],
      "to": [
        11,
        16.74483,
        12.87308
      ],
      "rotation": {
        "angle": -45,
        "axis": "x",
        "origin": [
          8,
          10.95851,
          11.12626
        ]
      },
      "faces": {
        "north": {
          "uv": [
            4.25,
            3.75,
            5.75,
            5.25
          ],
          "texture": "#0"
        },
        "east": {
          "uv": [
            0,
            4.5,
            1.5,
            6
          ],
          "texture": "#0"
        },
        "south": {
          "uv": [
            1.5,
            5.25,
            3,
            6.75
          ],
          "texture": "#0"
        },
        "west": {
          "uv": [
            3,
            5.25,
            4.5,
            6.75
          ],
          "texture": "#0"
        },
        "up": {
          "uv": [
            6,
            6.75,
            4.5,
            5.25
          ],
          "texture": "#0"
        },
        "down": {
          "uv": [
            7.25,
            3.75,
            5.75,
            5.25
          ],
          "texture": "#0"
        }
      }
    },
    {
      "from": [
        6.5,
        8.51726,
        11.54874
      ],
      "to": [
        9.5,
        16.51726,
        14.54874
      ],
      "rotation": {
        "angle": -22.5,
        "axis": "x",
        "origin": [
          8,
          8.68526,
          13.0926
        ]
      },
      "faces": {
        "north": {
          "uv": [
            0,
            6,
            0.75,
            8
          ],
          "texture": "#0"
        },
        "east": {
          "uv": [
            0.75,
            6,
            1.5,
            8
          ],
          "texture": "#0"
        },
        "south": {
          "uv": [
            6.25,
            1.5,
            7,
            3.5
          ],
          "texture": "#0"
        },
        "west": {
          "uv": [
            1.5,
            6.75,
            2.25,
            8.75
          ],
          "texture": "#0"
        },
        "up": {
          "uv": [
            2.25,
            5.25,
            1.5,
            4.5
          ],
          "texture": "#0"
        },
        "down": {
          "uv": [
            5.5,
            6.75,
            4.75,
            7.5
          ],
          "texture": "#0"
        }
      }
    },
    {
      "from": [
        6.4,
        6.04267,
        12.66422
      ],
      "to": [
        9.6,
        9.24267,
        15.86422
      ],
      "rotation": {
        "angle": -22.5,
        "axis": "x",
        "origin": [
          7.5,
          5.64267,
          13.76422
        ]
      },
      "faces": {
        "north": {
          "uv": [
            5.5,
            6.75,
            6.25,
            7.5
          ],
          "texture": "#0"
        },
        "east": {
          "uv": [
            6.25,
            6.75,
            7,
            7.5
          ],
          "texture": "#0"
        },
        "south": {
          "uv": [
            7,
            1.5,
            7.75,
            2.25
          ],
          "texture": "#0"
        },
        "west": {
          "uv": [
            7,
            2.25,
            7.75,
            3
          ],
          "texture": "#0"
        },
        "up": {
          "uv": [
            7.75,
            3.75,
            7,
            3
          ],
          "texture": "#0"
        },
        "down": {
          "uv": [
            7.75,
            6.75,
            7,
            7.5
          ],
          "texture": "#0"
        }
      }
    }
  ],
  "gui_light": "front",
  "display": {
    "thirdperson_righthand": {
      "rotation": [
        0,
        44,
        0
      ],
      "translation": [
        0,
        0,
        1
      ]
    },
    "thirdperson_lefthand": {
      "rotation": [
        0,
        44,
        0
      ],
      "translation": [
        0,
        0,
        1
      ]
    },
    "firstperson_righthand": {
      "translation": [
        3.5,
        -3,
        0
      ]
    },
    "firstperson_lefthand": {
      "translation": [
        3.5,
        -3,
        0
      ]
    },
    "ground": {
      "rotation": [
        22,
        1,
        24
      ],
      "scale": [
        0.7,
        0.7,
        0.7
      ]
    },
    "gui": {
      "rotation": [
        22.5,
        135,
        0
      ],
      "translation": [
        0.75,
        -2.25,
        0
      ]
    },
    "head": {
      "rotation": [
        9,
        0,
        0
      ],
      "translation": [
        0,
        2.5,
        3.5
      ],
      "scale": [
        1.82,
        1.82,
        1.82
      ]
    }
  }
}