{
  "texture_size": [
    64,
    64
  ],
  "elements": [
    {
      "from": [
        2,
        -3,
        4
      ],
      "to": [
        4,
        3,
        11
      ],
      "rotation": {
        "angle": -22.5,
        "axis": "z",
        "origin": [
          2.5,
          -0.5,
          8
        ]
      },
      "faces": {
        "north": {
          "uv": [
            3,
            4.25,
            3.5,
            5.75
          ],
          "texture": "#0"
        },
        "east": {
          "uv": [
            3.25,
            2.75,
            5,
            4.25
          ],
          "texture": "#0"
        },
        "south": {
          "uv": [
            3.5,
            4.25,
            4,
            5.75
          ],
          "texture": "#0"
        },
        "west": {
          "uv": [
            6.25,
            4,
            8,
            5.5
          ],
          "texture": "#0"
        },
        "up": {
          "uv": [
            1.5,
            4.75,
            1,
            3
          ],
          "texture": "#0"
        },
        "down": {
          "uv": [
            3,
            4,
            2.5,
            5.75
          ],
          "texture": "#0"
        }
      }
    },
    {
      "from": [
        12,
        -3,
        4
      ],
      "to": [
        14,
        3,
        11
      ],
      "rotation": {
        "angle": 22.5,
        "axis": "z",
        "origin": [
          13.5,
          -0.5,
          8
        ]
      },
      "faces": {
        "north": {
          "uv": [
            3.5,
            4.25,
            3,
            5.75
          ],
          "texture": "#0"
        },
        "east": {
          "uv": [
            8,
            4,
            6.25,
            5.5
          ],
          "texture": "#0"
        },
        "south": {
          "uv": [
            4,
            4.25,
            3.5,
            5.75
          ],
          "texture": "#0"
        },
        "west": {
          "uv": [
            5,
            2.75,
            3.25,
            4.25
          ],
          "texture": "#0"
        },
        "up": {
          "uv": [
            1,
            4.75,
            1.5,
            3
          ],
          "texture": "#0"
        },
        "down": {
          "uv": [
            2.5,
            4,
            3,
            5.75
          ],
          "texture": "#0"
        }
      }
    },
    {
      "from": [
        1.98135,
        -7.91836,
        5
      ],
      "to": [
        1.98135,
        -2.91836,
        11
      ],
      "rotation": {
        "angle": 0,
        "axis": "y",
        "origin": [
          1.08135,
          -5.61836,
          8
        ]
      },
      "faces": {
        "north": {
          "uv": [
            0,
            0,
            0,
            1.25
          ],
          "texture": "#0"
        },
        "east": {
          "uv": [
            4.25,
            0,
            2.75,
            1.25
          ],
          "texture": "#0"
        },
        "south": {
          "uv": [
            0,
            0,
            0,
            1.25
          ],
          "texture": "#0"
        },
        "west": {
          "uv": [
            2.75,
            0,
            4.25,
            1.25
          ],
          "texture": "#0"
        },
        "up": {
          "uv": [
            0,
            1.5,
            0,
            0
          ],
          "texture": "#0"
        },
        "down": {
          "uv": [
            0,
            0,
            0,
            1.5
          ],
          "texture": "#0"
        }
      }
    },
    {
      "from": [
        14.01865,
        -7.91836,
        5
      ],
      "to": [
        14.01865,
        -2.91836,
        11
      ],
      "rotation": {
        "angle": 0,
        "axis": "y",
        "origin": [
          14.91865,
          -5.61836,
          8
        ]
      },
      "faces": {
        "north": {
          "uv": [
            0,
            0,
            0,
            1.25
          ],
          "texture": "#0"
        },
        "east": {
          "uv": [
            4.25,
            0,
            2.75,
            1.25
          ],
          "texture": "#0"
        },
        "south": {
          "uv": [
            0,
            0,
            0,
            1.25
          ],
          "texture": "#0"
        },
        "west": {
          "uv": [
            2.75,
            0,
            4.25,
            1.25
          ],
          "texture": "#0"
        },
        "up": {
          "uv": [
            0,
            1.5,
            0,
            0
          ],
          "texture": "#0"
        },
        "down": {
          "uv": [
            0,
            0,
            0,
            1.5
          ],
          "texture": "#0"
        }
      }
    },
    {
      "from": [
        3,
        1,
        3
      ],
      "to": [
        13,
        7,
        13
      ],
      "rotation": {
        "angle": 0,
        "axis": "y",
        "origin": [
          7,
          -2,
          5
        ]
      },
      "faces": {
        "north": {
          "uv": [
            10.25,
            9,
            12.75,
            10.5
          ],
          "texture": "#0"
        },
        "east": {
          "uv": [
            10.25,
            10.5,
            12.75,
            12
          ],
          "texture": "#0"
        },
        "south": {
          "uv": [
            10.25,
            12,
            12.75,
            13.5
          ],
          "texture": "#0"
        },
        "west": {
          "uv": [
            10.25,
            13.5,
            12.75,
            15
          ],
          "texture": "#0"
        },
        "up": {
          "uv": [
            10.25,
            11.75,
            7.75,
            9.25
          ],
          "texture": "#0"
        },
        "down": {
          "uv": [
            10.25,
            12,
            7.75,
            14.5
          ],
          "texture": "#0"
        }
      }
    },
    {
      "from": [
        2.75,
        2,
        2
      ],
      "to": [
        13.25,
        4,
        11
      ],
      "rotation": {
        "angle": 22.5,
        "axis": "x",
        "origin": [
          8,
          3,
          7
        ]
      },
      "faces": {
        "north": {
          "uv": [
            6.5,
            2,
            9.25,
            2.5
          ],
          "texture": "#0"
        },
        "east": {
          "uv": [
            7,
            1.5,
            9.25,
            2
          ],
          "texture": "#0"
        },
        "south": {
          "uv": [
            7,
            1,
            9.75,
            1.5
          ],
          "texture": "#0"
        },
        "west": {
          "uv": [
            7.25,
            6,
            9.5,
            6.5
          ],
          "texture": "#0"
        },
        "up": {
          "uv": [
            8,
            8.75,
            5.25,
            6.5
          ],
          "texture": "#0"
        },
        "down": {
          "uv": [
            2.75,
            7,
            0,
            9.25
          ],
          "texture": "#0"
        }
      }
    },
    {
      "from": [
        2.76,
        0.55539,
        10.32283
      ],
      "to": [
        13.24,
        2.53539,
        13.30283
      ],
      "rotation": {
        "angle": 0,
        "axis": "y",
        "origin": [
          8,
          1.54539,
          15.31283
        ]
      },
      "faces": {
        "north": {
          "uv": [
            0,
            1.5,
            2.75,
            2
          ],
          "texture": "#0"
        },
        "east": {
          "uv": [
            0,
            2.5,
            0.75,
            3
          ],
          "texture": "#0"
        },
        "south": {
          "uv": [
            0,
            2,
            2.75,
            2.5
          ],
          "texture": "#0"
        },
        "west": {
          "uv": [
            0.75,
            2.5,
            1.5,
            3
          ],
          "texture": "#0"
        },
        "up": {
          "uv": [
            2.75,
            0.75,
            0,
            0
          ],
          "texture": "#0"
        },
        "down": {
          "uv": [
            2.75,
            0.75,
            0,
            1.5
          ],
          "texture": "#0"
        }
      }
    },
    {
      "from": [
        2.5,
        2.75,
        1.75
      ],
      "to": [
        7.5,
        6.75,
        3.75
      ],
      "rotation": {
        "angle": 22.5,
        "axis": "x",
        "origin": [
          5,
          4.25,
          2.5
        ]
      },
      "faces": {
        "north": {
          "uv": [
            4,
            5,
            5.25,
            6
          ],
          "texture": "#0"
        },
        "east": {
          "uv": [
            2,
            6,
            2.5,
            7
          ],
          "texture": "#0"
        },
        "south": {
          "uv": [
            5,
            4,
            6.25,
            5
          ],
          "texture": "#0"
        },
        "west": {
          "uv": [
            6.5,
            1,
            7,
            2
          ],
          "texture": "#0"
        },
        "up": {
          "uv": [
            6,
            6.5,
            4.75,
            6
          ],
          "texture": "#0"
        },
        "down": {
          "uv": [
            7.25,
            6,
            6,
            6.5
          ],
          "texture": "#0"
        }
      }
    },
    {
      "from": [
        8.5,
        2.75,
        1.75
      ],
      "to": [
        13.5,
        6.75,
        3.75
      ],
      "rotation": {
        "angle": 22.5,
        "axis": "x",
        "origin": [
          8,
          4.25,
          2.5
        ]
      },
      "faces": {
        "north": {
          "uv": [
            4,
            5,
            5.25,
            6
          ],
          "texture": "#0"
        },
        "east": {
          "uv": [
            2,
            6,
            2.5,
            7
          ],
          "texture": "#0"
        },
        "south": {
          "uv": [
            5,
            4,
            6.25,
            5
          ],
          "texture": "#0"
        },
        "west": {
          "uv": [
            6.5,
            1,
            7,
            2
          ],
          "texture": "#0"
        },
        "up": {
          "uv": [
            6,
            6.5,
            4.75,
            6
          ],
          "texture": "#0"
        },
        "down": {
          "uv": [
            7.25,
            6,
            6,
            6.5
          ],
          "texture": "#0"
        }
      }
    },
    {
      "from": [
        3,
        -3,
        10
      ],
      "to": [
        13,
        1,
        13
      ],
      "rotation": {
        "angle": 0,
        "axis": "y",
        "origin": [
          7,
          -4,
          5
        ]
      },
      "faces": {
        "north": {
          "uv": [
            0,
            5,
            2.5,
            6
          ],
          "texture": "#0"
        },
        "east": {
          "uv": [
            1.25,
            6,
            2,
            7
          ],
          "texture": "#0"
        },
        "south": {
          "uv": [
            5,
            0,
            7.5,
            1
          ],
          "texture": "#0"
        },
        "west": {
          "uv": [
            4,
            6,
            4.75,
            7
          ],
          "texture": "#0"
        },
        "up": {
          "uv": [
            7.5,
            3.25,
            5,
            2.5
          ],
          "texture": "#0"
        },
        "down": {
          "uv": [
            7.5,
            3.25,
            5,
            4
          ],
          "texture": "#0"
        }
      }
    }
  ],
  "gui_light": "front",
  "display": {
    "gui": {
      "rotation": [
        -155.5,
        39.25,
        -180
      ],
      "translation": [
        0.5,
        5.75,
        0
      ],
      "scale": [
        0.84,
        0.84,
        0.84
      ]
    },
    "head": {
      "translation": [
        0,
        9.75,
        0
      ],
      "scale": [
        1.61,
        1.61,
        1.61
      ]
    }
  }
}