{
  "display": {
    "thirdperson_righthand": {
      "rotation": [
        0,
        0,
        -4
      ],
      "translation": [
        0,
        1.25,
        0
      ],
      "scale": [
        0.8,
        0.8,
        0.8
      ]
    },
    "thirdperson_lefthand": {
      "rotation": [
        0,
        0,
        -4
      ],
      "translation": [
        0,
        1.25,
        0
      ],
      "scale": [
        0.8,
        0.8,
        0.8
      ]
    },
    "firstperson_righthand": {
      "rotation": [
        29,
        9,
        1
      ],
      "translation": [
        7.75,
        1,
        -8.5
      ],
      "scale": [
        0.8,
        0.8,
        0.8
      ]
    },
    "firstperson_lefthand": {
      "rotation": [
        29,
        9,
        1
      ],
      "translation": [
        7.75,
        1,
        -8.5
      ],
      "scale": [
        0.8,
        0.8,
        0.8
      ]
    },
    "ground": {
      "rotation": [
        16,
        5,
        29
      ],
      "translation": [
        0,
        1.5,
        0
      ],
      "scale": [
        0.5,
        0.5,
        0.5
      ]
    },
    "gui": {
      "rotation": [
        -90,
        135,
        90
      ],
      "translation": [
        -0.75,
        -1.25,
        0
      ],
      "scale": [
        0.53,
        0.53,
        0.53
      ]
    },
    "head": {
      "translation": [
        0,
        0.5,
        0
      ]
    },
    "fixed": {
      "rotation": [
        90,
        -45,
        90
      ],
      "translation": [
        1.25,
        -1.25,
        0
      ]
    }
  },
  "textures": {
    "0": "civilization:item/tools/shrink_ray/void_singularity/default",
    "1": "civilization:item/tools/shrink_ray/void_singularity/anim",
    "2": "civilization:item/tools/shrink_ray/void_singularity/anim_1",
    "particle": "civilization:item/tools/shrink_ray/void_singularity/default"
  },
  "elements": [
    {
      "from": [
        5.5,
        7,
        3.25
      ],
      "to": [
        10.5,
        14,
        5.25
      ],
      "rotation": {
        "angle": 0,
        "axis": "y",
        "origin": [
          8,
          10.5,
          4.25
        ]
      },
      "faces": {
        "north": {
          "uv": [
            1.5,
            5.75,
            2.125,
            6.625
          ],
          "texture": "#0"
        },
        "east": {
          "uv": [
            8.5,
            6.75,
            8.75,
            7.625
          ],
          "texture": "#0"
        },
        "south": {
          "uv": [
            3.375,
            5.875,
            4,
            6.75
          ],
          "texture": "#0"
        },
        "west": {
          "uv": [
            8.5,
            7.625,
            8.75,
            8.5
          ],
          "texture": "#0"
        },
        "up": {
          "uv": [
            9.375,
            8.25,
            8.75,
            8
          ],
          "texture": "#0"
        },
        "down": {
          "uv": [
            9.375,
            8.25,
            8.75,
            8.5
          ],
          "texture": "#0"
        }
      }
    },
    {
      "from": [
        4.505,
        6.005,
        5.255
      ],
      "to": [
        11.495,
        14.995,
        10.245
      ],
      "rotation": {
        "angle": 0,
        "axis": "y",
        "origin": [
          8.5,
          8,
          1.25
        ]
      },
      "faces": {
        "north": {
          "uv": [
            0,
            0,
            0.875,
            1.125
          ],
          "texture": "#0"
        },
        "east": {
          "uv": [
            4.625,
            0.875,
            5.25,
            2
          ],
          "texture": "#0"
        },
        "south": {
          "uv": [
            0.875,
            0,
            1.75,
            1.125
          ],
          "texture": "#0"
        },
        "west": {
          "uv": [
            1.5,
            4.625,
            2.125,
            5.75
          ],
          "texture": "#0"
        },
        "up": {
          "uv": [
            6.75,
            2,
            5.875,
            1.375
          ],
          "texture": "#0"
        },
        "down": {
          "uv": [
            6.375,
            6,
            5.5,
            6.625
          ],
          "texture": "#0"
        }
      }
    },
    {
      "from": [
        6.52,
        13.52,
        -3.73
      ],
      "to": [
        10.48,
        16.48,
        6.23
      ],
      "rotation": {
        "angle": 22.5,
        "axis": "z",
        "origin": [
          8,
          10.46447,
          0.25
        ]
      },
      "faces": {
        "north": {
          "uv": [
            8.5,
            0.875,
            9,
            1.25
          ],
          "texture": "#0"
        },
        "east": {
          "uv": [
            6.25,
            3.5,
            7.5,
            3.875
          ],
          "texture": "#0"
        },
        "south": {
          "uv": [
            8.5,
            2.75,
            9,
            3.125
          ],
          "texture": "#0"
        },
        "west": {
          "uv": [
            6.25,
            3.875,
            7.5,
            4.25
          ],
          "texture": "#0"
        },
        "up": {
          "uv": [
            4.125,
            5.875,
            3.625,
            4.625
          ],
          "texture": "#0"
        },
        "down": {
          "uv": [
            0.5,
            4.875,
            0,
            6.125
          ],
          "texture": "#0"
        }
      }
    },
    {
      "from": [
        5.5,
        13.5,
        5.25
      ],
      "to": [
        10.5,
        16.5,
        8.25
      ],
      "rotation": {
        "angle": 22.5,
        "axis": "z",
        "origin": [
          8,
          10.46447,
          3.25
        ]
      },
      "faces": {
        "north": {
          "uv": [
            7.75,
            7,
            8.375,
            7.375
          ],
          "texture": "#0"
        },
        "east": {
          "uv": [
            3.25,
            8.875,
            3.625,
            9.25
          ],
          "texture": "#0"
        },
        "south": {
          "uv": [
            7.875,
            0,
            8.5,
            0.375
          ],
          "texture": "#0"
        },
        "west": {
          "uv": [
            3.625,
            8.875,
            4,
            9.25
          ],
          "texture": "#0"
        },
        "up": {
          "uv": [
            8.5,
            0.75,
            7.875,
            0.375
          ],
          "texture": "#0"
        },
        "down": {
          "uv": [
            1.125,
            7.875,
            0.5,
            8.25
          ],
          "texture": "#0"
        }
      }
    },
    {
      "from": [
        5.5,
        13.5,
        5.25
      ],
      "to": [
        10.5,
        16.5,
        8.25
      ],
      "rotation": {
        "angle": -22.5,
        "axis": "z",
        "origin": [
          8,
          10.46447,
          3.25
        ]
      },
      "faces": {
        "north": {
          "uv": [
            1.125,
            7.875,
            1.75,
            8.25
          ],
          "texture": "#0"
        },
        "east": {
          "uv": [
            6.25,
            8.875,
            6.625,
            9.25
          ],
          "texture": "#0"
        },
        "south": {
          "uv": [
            7.875,
            2.5,
            8.5,
            2.875
          ],
          "texture": "#0"
        },
        "west": {
          "uv": [
            6.625,
            8.875,
            7,
            9.25
          ],
          "texture": "#0"
        },
        "up": {
          "uv": [
            8.5,
            3.25,
            7.875,
            2.875
          ],
          "texture": "#0"
        },
        "down": {
          "uv": [
            4.25,
            7.875,
            3.625,
            8.25
          ],
          "texture": "#0"
        }
      }
    },
    {
      "from": [
        5.5,
        4.42893,
        5.25
      ],
      "to": [
        10.5,
        7.42893,
        8.25
      ],
      "rotation": {
        "angle": 22.5,
        "axis": "z",
        "origin": [
          8,
          10.46447,
          3.25
        ]
      },
      "faces": {
        "north": {
          "uv": [
            6.875,
            7.875,
            7.5,
            8.25
          ],
          "texture": "#0"
        },
        "east": {
          "uv": [
            7,
            8.875,
            7.375,
            9.25
          ],
          "texture": "#0"
        },
        "south": {
          "uv": [
            7.5,
            7.875,
            8.125,
            8.25
          ],
          "texture": "#0"
        },
        "west": {
          "uv": [
            7.375,
            8.875,
            7.75,
            9.25
          ],
          "texture": "#0"
        },
        "up": {
          "uv": [
            8.625,
            1.875,
            8,
            1.5
          ],
          "texture": "#0"
        },
        "down": {
          "uv": [
            8.625,
            3.25,
            8,
            3.625
          ],
          "texture": "#0"
        }
      }
    },
    {
      "from": [
        5.52,
        4.44893,
        -3.73
      ],
      "to": [
        9.48,
        7.40893,
        6.23
      ],
      "rotation": {
        "angle": 22.5,
        "axis": "z",
        "origin": [
          8,
          10.46447,
          1.25
        ]
      },
      "faces": {
        "north": {
          "uv": [
            8.5,
            8.5,
            9,
            8.875
          ],
          "texture": "#0"
        },
        "east": {
          "uv": [
            6.25,
            4.25,
            7.5,
            4.625
          ],
          "texture": "#0"
        },
        "south": {
          "uv": [
            8.625,
            1.25,
            9.125,
            1.625
          ],
          "texture": "#0"
        },
        "west": {
          "uv": [
            6.25,
            4.625,
            7.5,
            5
          ],
          "texture": "#0"
        },
        "up": {
          "uv": [
            5.5,
            5,
            5,
            3.75
          ],
          "texture": "#0"
        },
        "down": {
          "uv": [
            5.5,
            5,
            5,
            6.25
          ],
          "texture": "#0"
        }
      }
    },
    {
      "from": [
        6.52,
        4.44893,
        -3.73
      ],
      "to": [
        10.48,
        7.40893,
        6.23
      ],
      "rotation": {
        "angle": -22.5,
        "axis": "z",
        "origin": [
          8,
          10.46447,
          1.25
        ]
      },
      "faces": {
        "north": {
          "uv": [
            8.625,
            3.125,
            9.125,
            3.5
          ],
          "texture": "#0"
        },
        "east": {
          "uv": [
            6.25,
            5,
            7.5,
            5.375
          ],
          "texture": "#0"
        },
        "south": {
          "uv": [
            8.625,
            3.5,
            9.125,
            3.875
          ],
          "texture": "#0"
        },
        "west": {
          "uv": [
            6.25,
            5.375,
            7.5,
            5.75
          ],
          "texture": "#0"
        },
        "up": {
          "uv": [
            4.625,
            6.5,
            4.125,
            5.25
          ],
          "texture": "#0"
        },
        "down": {
          "uv": [
            1,
            5.375,
            0.5,
            6.625
          ],
          "texture": "#0"
        }
      }
    },
    {
      "from": [
        5.51,
        4.43893,
        -5.74
      ],
      "to": [
        10.49,
        6.41893,
        4.24
      ],
      "rotation": {
        "angle": -22.5,
        "axis": "z",
        "origin": [
          8,
          10.46447,
          0.25
        ]
      },
      "faces": {
        "north": {
          "uv": [
            7.5,
            5.5,
            8.125,
            5.75
          ],
          "texture": "#0"
        },
        "east": {
          "uv": [
            6.5,
            3.25,
            7.75,
            3.5
          ],
          "texture": "#0"
        },
        "south": {
          "uv": [
            8.75,
            2.125,
            9.375,
            2.375
          ],
          "texture": "#0"
        },
        "west": {
          "uv": [
            6.75,
            1.75,
            8,
            2
          ],
          "texture": "#0"
        },
        "up": {
          "uv": [
            3.125,
            1.25,
            2.5,
            0
          ],
          "texture": "#0"
        },
        "down": {
          "uv": [
            3.125,
            1.25,
            2.5,
            2.5
          ],
          "texture": "#0"
        }
      }
    },
    {
      "from": [
        5.51,
        4.43893,
        -5.74
      ],
      "to": [
        10.49,
        6.41893,
        4.24
      ],
      "rotation": {
        "angle": 22.5,
        "axis": "z",
        "origin": [
          8,
          10.46447,
          0.25
        ]
      },
      "faces": {
        "north": {
          "uv": [
            8.75,
            2.375,
            9.375,
            2.625
          ],
          "texture": "#0"
        },
        "east": {
          "uv": [
            4.5,
            7,
            5.75,
            7.25
          ],
          "texture": "#0"
        },
        "south": {
          "uv": [
            8.75,
            6.75,
            9.375,
            7
          ],
          "texture": "#0"
        },
        "west": {
          "uv": [
            7,
            5.75,
            8.25,
            6
          ],
          "texture": "#0"
        },
        "up": {
          "uv": [
            2.5,
            3.75,
            1.875,
            2.5
          ],
          "texture": "#0"
        },
        "down": {
          "uv": [
            3.125,
            2.5,
            2.5,
            3.75
          ],
          "texture": "#0"
        }
      }
    },
    {
      "from": [
        5.5,
        4.42893,
        -5.75
      ],
      "to": [
        10.5,
        5.42893,
        4.25
      ],
      "rotation": {
        "angle": 22.5,
        "axis": "z",
        "origin": [
          8,
          10.46447,
          0.25
        ]
      },
      "faces": {
        "north": {
          "uv": [
            9,
            8.75,
            9.625,
            8.875
          ],
          "texture": "#0"
        },
        "east": {
          "uv": [
            8.625,
            6.625,
            9.875,
            6.75
          ],
          "texture": "#0"
        },
        "south": {
          "uv": [
            9.125,
            1.25,
            9.75,
            1.375
          ],
          "texture": "#0"
        },
        "west": {
          "uv": [
            8.75,
            0.75,
            10,
            0.875
          ],
          "texture": "#0"
        },
        "up": {
          "uv": [
            2.5,
            2.5,
            1.875,
            1.25
          ],
          "texture": "#0"
        },
        "down": {
          "uv": [
            0.625,
            2.375,
            0,
            3.625
          ],
          "texture": "#0"
        }
      }
    },
    {
      "from": [
        5.5,
        4.42893,
        -5.75
      ],
      "to": [
        10.5,
        5.42893,
        4.25
      ],
      "rotation": {
        "angle": -22.5,
        "axis": "z",
        "origin": [
          8,
          10.46447,
          0.25
        ]
      },
      "faces": {
        "north": {
          "uv": [
            9.125,
            1.375,
            9.75,
            1.5
          ],
          "texture": "#0"
        },
        "east": {
          "uv": [
            8.75,
            1.875,
            10,
            2
          ],
          "texture": "#0"
        },
        "south": {
          "uv": [
            1.5,
            9.125,
            2.125,
            9.25
          ],
          "texture": "#0"
        },
        "west": {
          "uv": [
            8.75,
            2,
            10,
            2.125
          ],
          "texture": "#0"
        },
        "up": {
          "uv": [
            1.25,
            3.625,
            0.625,
            2.375
          ],
          "texture": "#0"
        },
        "down": {
          "uv": [
            1.875,
            2.375,
            1.25,
            3.625
          ],
          "texture": "#0"
        }
      }
    },
    {
      "from": [
        5.5,
        4.42893,
        5.25
      ],
      "to": [
        10.5,
        7.42893,
        8.25
      ],
      "rotation": {
        "angle": -22.5,
        "axis": "z",
        "origin": [
          8,
          10.46447,
          3.25
        ]
      },
      "faces": {
        "north": {
          "uv": [
            8,
            3.625,
            8.625,
            4
          ],
          "texture": "#0"
        },
        "east": {
          "uv": [
            8.375,
            8.875,
            8.75,
            9.25
          ],
          "texture": "#0"
        },
        "south": {
          "uv": [
            8,
            4,
            8.625,
            4.375
          ],
          "texture": "#0"
        },
        "west": {
          "uv": [
            8.75,
            8.875,
            9.125,
            9.25
          ],
          "texture": "#0"
        },
        "up": {
          "uv": [
            8.625,
            4.75,
            8,
            4.375
          ],
          "texture": "#0"
        },
        "down": {
          "uv": [
            8.625,
            4.75,
            8,
            5.125
          ],
          "texture": "#0"
        }
      }
    },
    {
      "from": [
        5.5,
        15.5,
        -5.75
      ],
      "to": [
        10.5,
        16.5,
        4.25
      ],
      "rotation": {
        "angle": 22.5,
        "axis": "z",
        "origin": [
          8,
          10.46447,
          0.25
        ]
      },
      "faces": {
        "north": {
          "uv": [
            9,
            6.125,
            9.625,
            6.25
          ],
          "texture": "#0"
        },
        "east": {
          "uv": [
            8.625,
            1.625,
            9.875,
            1.75
          ],
          "texture": "#0"
        },
        "south": {
          "uv": [
            9,
            6.25,
            9.625,
            6.375
          ],
          "texture": "#0"
        },
        "west": {
          "uv": [
            8.625,
            1.75,
            9.875,
            1.875
          ],
          "texture": "#0"
        },
        "up": {
          "uv": [
            0.625,
            2.375,
            0,
            1.125
          ],
          "texture": "#0"
        },
        "down": {
          "uv": [
            1.25,
            1.125,
            0.625,
            2.375
          ],
          "texture": "#0"
        }
      }
    },
    {
      "from": [
        5.51,
        14.51,
        -5.74
      ],
      "to": [
        10.49,
        16.49,
        4.24
      ],
      "rotation": {
        "angle": 22.5,
        "axis": "z",
        "origin": [
          8,
          10.46447,
          0.25
        ]
      },
      "faces": {
        "north": {
          "uv": [
            8.75,
            7.5,
            9.375,
            7.75
          ],
          "texture": "#0"
        },
        "east": {
          "uv": [
            7,
            6.5,
            8.25,
            6.75
          ],
          "texture": "#0"
        },
        "south": {
          "uv": [
            8.75,
            7.75,
            9.375,
            8
          ],
          "texture": "#0"
        },
        "west": {
          "uv": [
            7,
            6.75,
            8.25,
            7
          ],
          "texture": "#0"
        },
        "up": {
          "uv": [
            3.75,
            3.75,
            3.125,
            2.5
          ],
          "texture": "#0"
        },
        "down": {
          "uv": [
            0.625,
            3.625,
            0,
            4.875
          ],
          "texture": "#0"
        }
      }
    },
    {
      "from": [
        5.5,
        15.5,
        -5.75
      ],
      "to": [
        10.5,
        16.5,
        4.25
      ],
      "rotation": {
        "angle": -22.5,
        "axis": "z",
        "origin": [
          8,
          10.46447,
          0.25
        ]
      },
      "faces": {
        "north": {
          "uv": [
            9,
            8.5,
            9.625,
            8.625
          ],
          "texture": "#0"
        },
        "east": {
          "uv": [
            8.625,
            6.375,
            9.875,
            6.5
          ],
          "texture": "#0"
        },
        "south": {
          "uv": [
            9,
            8.625,
            9.625,
            8.75
          ],
          "texture": "#0"
        },
        "west": {
          "uv": [
            8.625,
            6.5,
            9.875,
            6.625
          ],
          "texture": "#0"
        },
        "up": {
          "uv": [
            1.875,
            2.375,
            1.25,
            1.125
          ],
          "texture": "#0"
        },
        "down": {
          "uv": [
            2.5,
            0,
            1.875,
            1.25
          ],
          "texture": "#0"
        }
      }
    },
    {
      "from": [
        9.5,
        14.5,
        4.25
      ],
      "to": [
        10.5,
        16.5,
        5.25
      ],
      "rotation": {
        "angle": -22.5,
        "axis": "z",
        "origin": [
          8,
          10.46447,
          0.25
        ]
      },
      "faces": {
        "north": {
          "uv": [
            6.25,
            5.75,
            6.375,
            6
          ],
          "texture": "#0"
        },
        "east": {
          "uv": [
            3.625,
            7.625,
            3.75,
            7.875
          ],
          "texture": "#0"
        },
        "south": {
          "uv": [
            6.875,
            7.625,
            7,
            7.875
          ],
          "texture": "#0"
        },
        "west": {
          "uv": [
            5.375,
            7.75,
            5.5,
            8
          ],
          "texture": "#0"
        },
        "up": {
          "uv": [
            1.875,
            1.125,
            1.75,
            1
          ],
          "texture": "#0"
        },
        "down": {
          "uv": [
            0.625,
            5.25,
            0.5,
            5.375
          ],
          "texture": "#0"
        }
      }
    },
    {
      "from": [
        5.5,
        14.5,
        4.25
      ],
      "to": [
        6.5,
        16.5,
        5.25
      ],
      "rotation": {
        "angle": 22.5,
        "axis": "z",
        "origin": [
          8,
          10.46447,
          0.25
        ]
      },
      "faces": {
        "north": {
          "uv": [
            7.875,
            1.5,
            8,
            1.75
          ],
          "texture": "#0"
        },
        "east": {
          "uv": [
            6.375,
            8,
            6.5,
            8.25
          ],
          "texture": "#0"
        },
        "south": {
          "uv": [
            8.125,
            5.5,
            8.25,
            5.75
          ],
          "texture": "#0"
        },
        "west": {
          "uv": [
            8.25,
            6.75,
            8.375,
            7
          ],
          "texture": "#0"
        },
        "up": {
          "uv": [
            5.375,
            2,
            5.25,
            1.875
          ],
          "texture": "#0"
        },
        "down": {
          "uv": [
            6,
            2,
            5.875,
            2.125
          ],
          "texture": "#0"
        }
      }
    },
    {
      "from": [
        5.5,
        4.42893,
        4.25
      ],
      "to": [
        6.5,
        6.42893,
        5.25
      ],
      "rotation": {
        "angle": -22.5,
        "axis": "z",
        "origin": [
          8,
          10.46446,
          0.25
        ]
      },
      "faces": {
        "north": {
          "uv": [
            9,
            9.25,
            9.125,
            9.5
          ],
          "texture": "#0"
        },
        "east": {
          "uv": [
            9.25,
            9.25,
            9.375,
            9.5
          ],
          "texture": "#0"
        },
        "south": {
          "uv": [
            9.375,
            0,
            9.5,
            0.25
          ],
          "texture": "#0"
        },
        "west": {
          "uv": [
            9.375,
            0.25,
            9.5,
            0.5
          ],
          "texture": "#0"
        },
        "up": {
          "uv": [
            4.75,
            6.25,
            4.625,
            6.125
          ],
          "texture": "#0"
        },
        "down": {
          "uv": [
            4.875,
            6.125,
            4.75,
            6.25
          ],
          "texture": "#0"
        }
      }
    },
    {
      "from": [
        9.5,
        4.42893,
        4.25
      ],
      "to": [
        10.5,
        6.42893,
        5.25
      ],
      "rotation": {
        "angle": 22.5,
        "axis": "z",
        "origin": [
          8,
          10.46446,
          0.25
        ]
      },
      "faces": {
        "north": {
          "uv": [
            8.5,
            1.25,
            8.625,
            1.5
          ],
          "texture": "#0"
        },
        "east": {
          "uv": [
            6.25,
            8.625,
            6.375,
            8.875
          ],
          "texture": "#0"
        },
        "south": {
          "uv": [
            8.375,
            8.625,
            8.5,
            8.875
          ],
          "texture": "#0"
        },
        "west": {
          "uv": [
            9.25,
            4.75,
            9.375,
            5
          ],
          "texture": "#0"
        },
        "up": {
          "uv": [
            6.125,
            2.125,
            6,
            2
          ],
          "texture": "#0"
        },
        "down": {
          "uv": [
            6.25,
            2,
            6.125,
            2.125
          ],
          "texture": "#0"
        }
      }
    },
    {
      "from": [
        5.51,
        14.51,
        -5.74
      ],
      "to": [
        10.49,
        16.49,
        4.24
      ],
      "rotation": {
        "angle": -22.5,
        "axis": "z",
        "origin": [
          8,
          10.46447,
          0.25
        ]
      },
      "faces": {
        "north": {
          "uv": [
            8.75,
            7,
            9.375,
            7.25
          ],
          "texture": "#0"
        },
        "east": {
          "uv": [
            7,
            6,
            8.25,
            6.25
          ],
          "texture": "#0"
        },
        "south": {
          "uv": [
            8.75,
            7.25,
            9.375,
            7.5
          ],
          "texture": "#0"
        },
        "west": {
          "uv": [
            7,
            6.25,
            8.25,
            6.5
          ],
          "texture": "#0"
        },
        "up": {
          "uv": [
            3.75,
            1.25,
            3.125,
            0
          ],
          "texture": "#0"
        },
        "down": {
          "uv": [
            3.75,
            1.25,
            3.125,
            2.5
          ],
          "texture": "#0"
        }
      }
    },
    {
      "from": [
        5.52,
        13.52,
        -3.73
      ],
      "to": [
        9.48,
        16.48,
        6.23
      ],
      "rotation": {
        "angle": -22.5,
        "axis": "z",
        "origin": [
          8,
          10.46447,
          0.25
        ]
      },
      "faces": {
        "north": {
          "uv": [
            8.625,
            3.875,
            9.125,
            4.25
          ],
          "texture": "#0"
        },
        "east": {
          "uv": [
            6.375,
            2,
            7.625,
            2.375
          ],
          "texture": "#0"
        },
        "south": {
          "uv": [
            8.625,
            4.25,
            9.125,
            4.625
          ],
          "texture": "#0"
        },
        "west": {
          "uv": [
            6.375,
            2.375,
            7.625,
            2.75
          ],
          "texture": "#0"
        },
        "up": {
          "uv": [
            5.875,
            2.125,
            5.375,
            0.875
          ],
          "texture": "#0"
        },
        "down": {
          "uv": [
            1.5,
            5.375,
            1,
            6.625
          ],
          "texture": "#0"
        }
      }
    },
    {
      "from": [
        6,
        1,
        -0.75
      ],
      "to": [
        10,
        5,
        1.25
      ],
      "rotation": {
        "angle": 0,
        "axis": "y",
        "origin": [
          9,
          6,
          2.25
        ]
      },
      "faces": {
        "north": {
          "uv": [
            1.75,
            7.625,
            2.25,
            8.125
          ],
          "texture": "#0"
        },
        "east": {
          "uv": [
            6.125,
            6.625,
            6.375,
            7.125
          ],
          "texture": "#0"
        },
        "south": {
          "uv": [
            7.625,
            2,
            8.125,
            2.5
          ],
          "texture": "#0"
        },
        "west": {
          "uv": [
            3.75,
            6.75,
            4,
            7.25
          ],
          "texture": "#0"
        },
        "up": {
          "uv": [
            6.25,
            3.75,
            5.75,
            3.5
          ],
          "texture": "#0"
        },
        "down": {
          "uv": [
            0.5,
            7,
            0,
            7.25
          ],
          "texture": "#0"
        }
      }
    },
    {
      "from": [
        7,
        0.9,
        9.4
      ],
      "to": [
        9,
        7.9,
        11.4
      ],
      "rotation": {
        "angle": -22.5,
        "axis": "x",
        "origin": [
          8,
          4.9,
          10.4
        ]
      },
      "faces": {
        "north": {
          "uv": [
            1.5,
            8.25,
            1.75,
            9.125
          ],
          "texture": "#0"
        },
        "east": {
          "uv": [
            7.875,
            8.25,
            8.125,
            9.125
          ],
          "texture": "#0"
        },
        "south": {
          "uv": [
            8.5,
            0,
            8.75,
            0.875
          ],
          "texture": "#0"
        },
        "west": {
          "uv": [
            8.5,
            1.875,
            8.75,
            2.75
          ],
          "texture": "#0"
        },
        "up": {
          "uv": [
            5.75,
            7.5,
            5.5,
            7.25
          ],
          "texture": "#0"
        },
        "down": {
          "uv": [
            7.625,
            1,
            7.375,
            1.25
          ],
          "texture": "#0"
        }
      }
    },
    {
      "from": [
        6.5,
        0.8218,
        9.00685
      ],
      "to": [
        9.5,
        1.8218,
        16.00685
      ],
      "rotation": {
        "angle": 0,
        "axis": "y",
        "origin": [
          8.5,
          1.8218,
          14.50685
        ]
      },
      "faces": {
        "north": {
          "uv": [
            1.5,
            3.625,
            1.875,
            3.75
          ],
          "texture": "#0"
        },
        "east": {
          "uv": [
            6.5,
            0.5,
            7.375,
            0.625
          ],
          "texture": "#0"
        },
        "south": {
          "uv": [
            5.375,
            2.75,
            5.75,
            2.875
          ],
          "texture": "#0"
        },
        "west": {
          "uv": [
            9,
            3,
            9.875,
            3.125
          ],
          "texture": "#0"
        },
        "up": {
          "uv": [
            5,
            6.125,
            4.625,
            5.25
          ],
          "texture": "#0"
        },
        "down": {
          "uv": [
            3.75,
            6.75,
            3.375,
            7.625
          ],
          "texture": "#0"
        }
      }
    },
    {
      "from": [
        6.75,
        1.65,
        9.15
      ],
      "to": [
        9.25,
        8.15,
        11.65
      ],
      "rotation": {
        "angle": -22.5,
        "axis": "x",
        "origin": [
          8,
          4.9,
          10.4
        ]
      },
      "faces": {
        "north": {
          "uv": [
            6,
            8.625,
            6.25,
            9.375
          ],
          "texture": "#0"
        },
        "east": {
          "uv": [
            8.125,
            8.625,
            8.375,
            9.375
          ],
          "texture": "#0"
        },
        "south": {
          "uv": [
            0,
            8.75,
            0.25,
            9.5
          ],
          "texture": "#0"
        },
        "west": {
          "uv": [
            8.75,
            0,
            9,
            0.75
          ],
          "texture": "#0"
        },
        "up": {
          "uv": [
            2,
            7.625,
            1.75,
            7.375
          ],
          "texture": "#0"
        },
        "down": {
          "uv": [
            4.5,
            7.375,
            4.25,
            7.625
          ],
          "texture": "#0"
        }
      }
    },
    {
      "from": [
        5.5,
        7.5,
        10.25
      ],
      "to": [
        10.5,
        13.5,
        16.25
      ],
      "rotation": {
        "angle": 0,
        "axis": "y",
        "origin": [
          8,
          11,
          13.75
        ]
      },
      "faces": {
        "north": {
          "uv": [
            4.625,
            6.25,
            5.25,
            7
          ],
          "texture": "#0"
        },
        "east": {
          "uv": [
            5.5,
            3.75,
            6.25,
            4.5
          ],
          "texture": "#0"
        },
        "south": {
          "uv": [
            6.375,
            5.75,
            7,
            6.5
          ],
          "texture": "#0"
        },
        "west": {
          "uv": [
            5.5,
            4.5,
            6.25,
            5.25
          ],
          "texture": "#0"
        },
        "up": {
          "uv": [
            2.75,
            7.25,
            2.125,
            6.5
          ],
          "texture": "#0"
        },
        "down": {
          "uv": [
            3.375,
            6.5,
            2.75,
            7.25
          ],
          "texture": "#0"
        }
      }
    },
    {
      "from": [
        6.5,
        9,
        16.25
      ],
      "to": [
        9.5,
        12,
        18.25
      ],
      "rotation": {
        "angle": 0,
        "axis": "y",
        "origin": [
          7.5,
          9,
          18.25
        ]
      },
      "faces": {
        "north": {
          "uv": [
            9,
            0.875,
            9.375,
            1.25
          ],
          "texture": "#0"
        },
        "east": {
          "uv": [
            3.375,
            5.5,
            3.625,
            5.875
          ],
          "texture": "#0"
        },
        "south": {
          "uv": [
            2.5,
            9,
            2.875,
            9.375
          ],
          "texture": "#0"
        },
        "west": {
          "uv": [
            5.25,
            6.25,
            5.5,
            6.625
          ],
          "texture": "#0"
        },
        "up": {
          "uv": [
            4.125,
            3.75,
            3.75,
            3.5
          ],
          "texture": "#0"
        },
        "down": {
          "uv": [
            5.875,
            0.625,
            5.5,
            0.875
          ],
          "texture": "#0"
        }
      }
    },
    {
      "from": [
        6.5,
        9,
        22.25
      ],
      "to": [
        9.5,
        12,
        26.25
      ],
      "rotation": {
        "angle": 0,
        "axis": "y",
        "origin": [
          7.5,
          9,
          24.25
        ]
      },
      "faces": {
        "north": {
          "uv": [
            9,
            2.625,
            9.375,
            3
          ],
          "texture": "#0"
        },
        "east": {
          "uv": [
            8.625,
            4.625,
            9.125,
            5
          ],
          "texture": "#0"
        },
        "south": {
          "uv": [
            4,
            9,
            4.375,
            9.375
          ],
          "texture": "#0"
        },
        "west": {
          "uv": [
            8.625,
            5,
            9.125,
            5.375
          ],
          "texture": "#0"
        },
        "up": {
          "uv": [
            9,
            5.875,
            8.625,
            5.375
          ],
          "texture": "#0"
        },
        "down": {
          "uv": [
            9,
            5.875,
            8.625,
            6.375
          ],
          "texture": "#0"
        }
      }
    },
    {
      "from": [
        8,
        16.13806,
        -4.75866
      ],
      "to": [
        8,
        19.13806,
        7.24134
      ],
      "rotation": {
        "angle": 0,
        "axis": "y",
        "origin": [
          8,
          17.63806,
          3.24134
        ]
      },
      "faces": {
        "north": {
          "uv": [
            0,
            0,
            0,
            0.375
          ],
          "texture": "#0"
        },
        "east": {
          "uv": [
            5.875,
            0.625,
            7.375,
            1
          ],
          "texture": "#0"
        },
        "south": {
          "uv": [
            0,
            0,
            0,
            0.375
          ],
          "texture": "#0"
        },
        "west": {
          "uv": [
            5.875,
            1,
            7.375,
            1.375
          ],
          "texture": "#0"
        },
        "up": {
          "uv": [
            0,
            1.5,
            0,
            0
          ],
          "texture": "#0"
        },
        "down": {
          "uv": [
            0,
            0,
            0,
            1.5
          ],
          "texture": "#0"
        }
      }
    },
    {
      "from": [
        5,
        11.25,
        9.75
      ],
      "to": [
        11,
        14.25,
        16.75
      ],
      "rotation": {
        "angle": 0,
        "axis": "y",
        "origin": [
          7.7,
          11.95,
          13.45
        ]
      },
      "faces": {
        "north": {
          "uv": [
            7,
            7,
            7.75,
            7.375
          ],
          "texture": "#0"
        },
        "east": {
          "uv": [
            1.125,
            6.625,
            2,
            7
          ],
          "texture": "#0"
        },
        "south": {
          "uv": [
            5.75,
            7.125,
            6.5,
            7.5
          ],
          "texture": "#0"
        },
        "west": {
          "uv": [
            5.25,
            6.625,
            6.125,
            7
          ],
          "texture": "#0"
        },
        "up": {
          "uv": [
            5.375,
            2.875,
            4.625,
            2
          ],
          "texture": "#0"
        },
        "down": {
          "uv": [
            2.875,
            4.625,
            2.125,
            5.5
          ],
          "texture": "#0"
        }
      }
    },
    {
      "from": [
        5,
        7.25,
        9.75
      ],
      "to": [
        11,
        10.25,
        16.75
      ],
      "rotation": {
        "angle": 0,
        "axis": "y",
        "origin": [
          7.7,
          7.95,
          13.45
        ]
      },
      "faces": {
        "north": {
          "uv": [
            0,
            7.25,
            0.75,
            7.625
          ],
          "texture": "#0"
        },
        "east": {
          "uv": [
            6.75,
            1.375,
            7.625,
            1.75
          ],
          "texture": "#0"
        },
        "south": {
          "uv": [
            2,
            7.25,
            2.75,
            7.625
          ],
          "texture": "#0"
        },
        "west": {
          "uv": [
            1.125,
            7,
            2,
            7.375
          ],
          "texture": "#0"
        },
        "up": {
          "uv": [
            3.625,
            5.5,
            2.875,
            4.625
          ],
          "texture": "#0"
        },
        "down": {
          "uv": [
            5.75,
            2.875,
            5,
            3.75
          ],
          "texture": "#0"
        }
      }
    },
    {
      "name": "cube_outline",
      "from": [
        5.5,
        8.05,
        25.5
      ],
      "to": [
        10.5,
        13.05,
        17.5
      ],
      "rotation": {
        "angle": 0,
        "axis": "y",
        "origin": [
          12.7,
          13.25,
          27.7
        ]
      },
      "faces": {
        "north": {
          "uv": [
            6.375,
            6.5,
            7,
            7.125
          ],
          "texture": "#0"
        },
        "east": {
          "uv": [
            5.375,
            2.125,
            6.375,
            2.75
          ],
          "texture": "#0"
        },
        "south": {
          "uv": [
            0.5,
            6.625,
            1.125,
            7.25
          ],
          "texture": "#0"
        },
        "west": {
          "uv": [
            5.5,
            0,
            6.5,
            0.625
          ],
          "texture": "#0"
        },
        "up": {
          "uv": [
            2.75,
            6.5,
            2.125,
            5.5
          ],
          "texture": "#0"
        },
        "down": {
          "uv": [
            3.375,
            5.5,
            2.75,
            6.5
          ],
          "texture": "#0"
        }
      }
    },
    {
      "from": [
        11.58457,
        6.03545,
        5.248
      ],
      "to": [
        12.58857,
        11.03945,
        8.252
      ],
      "rotation": {
        "angle": 22.5,
        "axis": "z",
        "origin": [
          12.58657,
          8.53745,
          6.75
        ]
      },
      "faces": {
        "north": {
          "uv": [
            1.625,
            9.25,
            1.75,
            9.875
          ],
          "texture": "#0"
        },
        "east": {
          "uv": [
            7.125,
            8.25,
            7.5,
            8.875
          ],
          "texture": "#0"
        },
        "south": {
          "uv": [
            1.75,
            9.25,
            1.875,
            9.875
          ],
          "texture": "#0"
        },
        "west": {
          "uv": [
            7.5,
            8.25,
            7.875,
            8.875
          ],
          "texture": "#0"
        },
        "up": {
          "uv": [
            7.625,
            9.625,
            7.5,
            9.25
          ],
          "texture": "#0"
        },
        "down": {
          "uv": [
            7.75,
            9.25,
            7.625,
            9.625
          ],
          "texture": "#0"
        }
      }
    },
    {
      "from": [
        11.58457,
        9.88948,
        5.248
      ],
      "to": [
        12.58857,
        14.89348,
        8.252
      ],
      "rotation": {
        "angle": -22.5,
        "axis": "z",
        "origin": [
          12.58657,
          12.39148,
          6.75
        ]
      },
      "faces": {
        "north": {
          "uv": [
            1.875,
            9.25,
            2,
            9.875
          ],
          "texture": "#0"
        },
        "east": {
          "uv": [
            2.5,
            8.375,
            2.875,
            9
          ],
          "texture": "#0"
        },
        "south": {
          "uv": [
            2,
            9.25,
            2.125,
            9.875
          ],
          "texture": "#0"
        },
        "west": {
          "uv": [
            4.125,
            8.375,
            4.5,
            9
          ],
          "texture": "#0"
        },
        "up": {
          "uv": [
            8.5,
            9.625,
            8.375,
            9.25
          ],
          "texture": "#0"
        },
        "down": {
          "uv": [
            8.625,
            9.25,
            8.5,
            9.625
          ],
          "texture": "#0"
        }
      }
    },
    {
      "from": [
        3.41143,
        6.03545,
        5.248
      ],
      "to": [
        4.41543,
        11.03945,
        8.252
      ],
      "rotation": {
        "angle": -22.5,
        "axis": "z",
        "origin": [
          3.41343,
          8.53745,
          6.75
        ]
      },
      "faces": {
        "north": {
          "uv": [
            2.125,
            9.25,
            2.25,
            9.875
          ],
          "texture": "#0"
        },
        "east": {
          "uv": [
            4.5,
            8.375,
            4.875,
            9
          ],
          "texture": "#0"
        },
        "south": {
          "uv": [
            2.25,
            9.25,
            2.375,
            9.875
          ],
          "texture": "#0"
        },
        "west": {
          "uv": [
            4.875,
            8.375,
            5.25,
            9
          ],
          "texture": "#0"
        },
        "up": {
          "uv": [
            8.75,
            9.625,
            8.625,
            9.25
          ],
          "texture": "#0"
        },
        "down": {
          "uv": [
            8.875,
            9.25,
            8.75,
            9.625
          ],
          "texture": "#0"
        }
      }
    },
    {
      "from": [
        3.41143,
        9.88948,
        5.248
      ],
      "to": [
        4.41543,
        14.89348,
        8.252
      ],
      "rotation": {
        "angle": 22.5,
        "axis": "z",
        "origin": [
          3.41343,
          12.39148,
          6.75
        ]
      },
      "faces": {
        "north": {
          "uv": [
            2.375,
            9.25,
            2.5,
            9.875
          ],
          "texture": "#0"
        },
        "east": {
          "uv": [
            5.25,
            8.375,
            5.625,
            9
          ],
          "texture": "#0"
        },
        "south": {
          "uv": [
            2.875,
            9.25,
            3,
            9.875
          ],
          "texture": "#0"
        },
        "west": {
          "uv": [
            5.625,
            8.375,
            6,
            9
          ],
          "texture": "#0"
        },
        "up": {
          "uv": [
            9,
            9.625,
            8.875,
            9.25
          ],
          "texture": "#0"
        },
        "down": {
          "uv": [
            9.375,
            8.875,
            9.25,
            9.25
          ],
          "texture": "#0"
        }
      }
    },
    {
      "from": [
        7,
        9.5,
        -1
      ],
      "to": [
        9,
        11.5,
        1
      ],
      "rotation": {
        "angle": 0,
        "axis": "y",
        "origin": [
          8,
          11.5,
          1
        ]
      },
      "faces": {
        "north": {
          "uv": [
            3,
            8,
            3.25,
            8.25
          ],
          "texture": "#0"
        },
        "east": {
          "uv": [
            9.125,
            5,
            9.375,
            5.25
          ],
          "texture": "#0"
        },
        "south": {
          "uv": [
            3,
            9.25,
            3.25,
            9.5
          ],
          "texture": "#0"
        },
        "west": {
          "uv": [
            9.25,
            3.125,
            9.5,
            3.375
          ],
          "texture": "#0"
        },
        "up": {
          "uv": [
            3.5,
            9.5,
            3.25,
            9.25
          ],
          "texture": "#0"
        },
        "down": {
          "uv": [
            9.5,
            3.375,
            9.25,
            3.625
          ],
          "texture": "#0"
        }
      }
    },
    {
      "from": [
        9.5,
        9,
        -1.5
      ],
      "to": [
        6.5,
        12,
        1.5
      ],
      "rotation": {
        "angle": 0,
        "axis": "y",
        "origin": [
          10.5,
          11,
          0.5
        ]
      },
      "faces": {
        "north": {
          "uv": [
            4.375,
            9,
            4.75,
            9.375
          ],
          "texture": "#0"
        },
        "east": {
          "uv": [
            4.75,
            9,
            5.125,
            9.375
          ],
          "texture": "#0"
        },
        "south": {
          "uv": [
            5.125,
            9,
            5.5,
            9.375
          ],
          "texture": "#0"
        },
        "west": {
          "uv": [
            9,
            5.375,
            9.375,
            5.75
          ],
          "texture": "#0"
        },
        "up": {
          "uv": [
            5.875,
            9.375,
            5.5,
            9
          ],
          "texture": "#0"
        },
        "down": {
          "uv": [
            9.375,
            5.75,
            9,
            6.125
          ],
          "texture": "#0"
        }
      }
    },
    {
      "from": [
        4.5,
        10.5,
        -3.5
      ],
      "to": [
        11.5,
        10.5,
        3.5
      ],
      "rotation": {
        "angle": -45,
        "axis": "z",
        "origin": [
          8,
          10.5,
          0
        ]
      },
      "faces": {
        "north": {
          "uv": [
            0,
            0,
            0.875,
            0
          ],
          "texture": "#2"
        },
        "east": {
          "uv": [
            0,
            0,
            0.875,
            0
          ],
          "texture": "#2"
        },
        "south": {
          "uv": [
            0,
            0,
            0.875,
            0
          ],
          "texture": "#2"
        },
        "west": {
          "uv": [
            0,
            0,
            0.875,
            0
          ],
          "texture": "#2"
        },
        "up": {
          "uv": [
            0,
            16,
            7,
            9
          ],
          "rotation": 90,
          "texture": "#2"
        },
        "down": {
          "uv": [
            7,
            16,
            0,
            9
          ],
          "rotation": 90,
          "texture": "#2"
        }
      }
    },
    {
      "from": [
        4.5,
        10.5,
        -3.5
      ],
      "to": [
        11.5,
        10.5,
        3.5
      ],
      "rotation": {
        "angle": 45,
        "axis": "z",
        "origin": [
          8,
          10.5,
          0
        ]
      },
      "faces": {
        "north": {
          "uv": [
            0.875,
            0,
            0,
            0
          ],
          "texture": "#2"
        },
        "east": {
          "uv": [
            0.875,
            0,
            0,
            0
          ],
          "texture": "#2"
        },
        "south": {
          "uv": [
            0.875,
            0,
            0,
            0
          ],
          "texture": "#2"
        },
        "west": {
          "uv": [
            0.875,
            0,
            0,
            0
          ],
          "texture": "#2"
        },
        "up": {
          "uv": [
            7,
            16,
            0,
            9
          ],
          "rotation": 90,
          "texture": "#2"
        },
        "down": {
          "uv": [
            0,
            16,
            7,
            9
          ],
          "rotation": 90,
          "texture": "#2"
        }
      }
    },
    {
      "from": [
        6,
        8.5,
        18
      ],
      "to": [
        10,
        12.5,
        25
      ],
      "rotation": {
        "angle": 0,
        "axis": "y",
        "origin": [
          8,
          8.5,
          20
        ]
      },
      "faces": {
        "north": {
          "uv": [
            15,
            0,
            15.5,
            2
          ],
          "texture": "#1"
        },
        "east": {
          "uv": [
            12,
            0,
            15.5,
            2
          ],
          "texture": "#1"
        },
        "south": {
          "uv": [
            12,
            0,
            12.5,
            2
          ],
          "texture": "#1"
        },
        "west": {
          "uv": [
            15.5,
            0,
            12,
            2
          ],
          "texture": "#1"
        },
        "up": {
          "uv": [
            15.5,
            0.5,
            12,
            0
          ],
          "rotation": 90,
          "texture": "#1"
        },
        "down": {
          "uv": [
            12,
            2,
            15.5,
            1.5
          ],
          "rotation": 90,
          "texture": "#1"
        }
      }
    },
    {
      "from": [
        8,
        11.5,
        9.35
      ],
      "to": [
        8,
        17.5,
        15.35
      ],
      "rotation": {
        "angle": -22.5,
        "axis": "x",
        "origin": [
          8,
          14.5,
          11.35
        ]
      },
      "faces": {
        "north": {
          "uv": [
            0,
            0,
            0,
            3
          ],
          "texture": "#1"
        },
        "east": {
          "uv": [
            0,
            0,
            3,
            3
          ],
          "texture": "#1"
        },
        "south": {
          "uv": [
            0,
            0,
            0,
            3
          ],
          "texture": "#1"
        },
        "west": {
          "uv": [
            3,
            0,
            0,
            3
          ],
          "texture": "#1"
        },
        "up": {
          "uv": [
            0,
            3,
            0,
            0
          ],
          "texture": "#1"
        },
        "down": {
          "uv": [
            0,
            0,
            0,
            3
          ],
          "texture": "#1"
        }
      }
    },
    {
      "from": [
        2.5,
        8.75,
        11.25
      ],
      "to": [
        6.5,
        12.75,
        15.25
      ],
      "rotation": {
        "angle": 0,
        "axis": "y",
        "origin": [
          8.5,
          10.75,
          9.25
        ]
      },
      "faces": {
        "north": {
          "uv": [
            0,
            5.5,
            2,
            7.5
          ],
          "texture": "#1"
        },
        "east": {
          "uv": [
            0,
            0,
            0,
            0
          ],
          "texture": "#1"
        },
        "south": {
          "uv": [
            0,
            8,
            2,
            10
          ],
          "texture": "#1"
        },
        "west": {
          "uv": [
            2.5,
            5.5,
            4.5,
            7.5
          ],
          "texture": "#1"
        },
        "up": {
          "uv": [
            7,
            7.5,
            5,
            5.5
          ],
          "rotation": 270,
          "texture": "#1"
        },
        "down": {
          "uv": [
            4.5,
            10,
            2.5,
            8
          ],
          "rotation": 90,
          "texture": "#1"
        }
      }
    },
    {
      "from": [
        9.5,
        8.75,
        11.25
      ],
      "to": [
        13.5,
        12.75,
        15.25
      ],
      "rotation": {
        "angle": 0,
        "axis": "y",
        "origin": [
          7.5,
          10.75,
          9.25
        ]
      },
      "faces": {
        "north": {
          "uv": [
            2,
            5.5,
            0,
            7.5
          ],
          "texture": "#1"
        },
        "east": {
          "uv": [
            4.5,
            5.5,
            2.5,
            7.5
          ],
          "texture": "#1"
        },
        "south": {
          "uv": [
            2,
            8,
            0,
            10
          ],
          "texture": "#1"
        },
        "west": {
          "uv": [
            0,
            0,
            0,
            0
          ],
          "texture": "#1"
        },
        "up": {
          "uv": [
            7,
            5.5,
            5,
            7.5
          ],
          "rotation": 270,
          "texture": "#1"
        },
        "down": {
          "uv": [
            4.5,
            8,
            2.5,
            10
          ],
          "rotation": 90,
          "texture": "#1"
        }
      }
    },
    {
      "from": [
        6.5,
        2,
        1.25
      ],
      "to": [
        9.5,
        5,
        6.25
      ],
      "rotation": {
        "angle": 0,
        "axis": "y",
        "origin": [
          8.5,
          6,
          2.25
        ]
      },
      "faces": {
        "north": {
          "uv": [
            0,
            0,
            0,
            0
          ],
          "texture": "#1"
        },
        "east": {
          "uv": [
            11,
            0,
            8.5,
            1.5
          ],
          "texture": "#1"
        },
        "south": {
          "uv": [
            10.5,
            5,
            12,
            3.5
          ],
          "texture": "#1"
        },
        "west": {
          "uv": [
            8.5,
            0,
            11,
            1.5
          ],
          "texture": "#1"
        },
        "up": {
          "uv": [
            0,
            0,
            0,
            0
          ],
          "texture": "#1"
        },
        "down": {
          "uv": [
            10,
            3.5,
            8.5,
            6
          ],
          "texture": "#1"
        }
      }
    }
  ],
  "gui_light": "front"
}