{
  "texture_size": [
    32,
    32
  ],
  "elements": [
    {
      "from": [
        3.5,
        2,
        7
      ],
      "to": [
        4.5,
        8,
        9
      ],
      "rotation": {
        "angle": 22.5,
        "axis": "z",
        "origin": [
          6.07664,
          7.1147,
          8
        ]
      },
      "faces": {
        "north": {
          "uv": [
            12,
            6,
            12.5,
            9
          ],
          "texture": "#0"
        },
        "east": {
          "uv": [
            10.5,
            3,
            11.5,
            6
          ],
          "texture": "#0"
        },
        "south": {
          "uv": [
            12.5,
            3,
            13,
            6
          ],
          "texture": "#0"
        },
        "west": {
          "uv": [
            11.5,
            3,
            12.5,
            6
          ],
          "texture": "#0"
        },
        "up": {
          "uv": [
            12,
            7,
            11.5,
            6
          ],
          "texture": "#0"
        },
        "down": {
          "uv": [
            13.5,
            3,
            13,
            4
          ],
          "texture": "#0"
        }
      }
    },
    {
      "from": [
        3.5,
        8,
        7
      ],
      "to": [
        12.5,
        9,
        9
      ],
      "rotation": {
        "angle": 22.5,
        "axis": "z",
        "origin": [
          6.07664,
          7.1147,
          8
        ]
      },
      "faces": {
        "north": {
          "uv": [
            0,
            5,
            4.5,
            5.5
          ],
          "texture": "#0"
        },
        "east": {
          "uv": [
            3,
            2.5,
            4,
            3
          ],
          "texture": "#0"
        },
        "south": {
          "uv": [
            7.5,
            1,
            12,
            1.5
          ],
          "texture": "#0"
        },
        "west": {
          "uv": [
            3,
            3,
            4,
            3.5
          ],
          "texture": "#0"
        },
        "up": {
          "uv": [
            4.5,
            5,
            0,
            4
          ],
          "texture": "#0"
        },
        "down": {
          "uv": [
            12,
            0,
            7.5,
            1
          ],
          "texture": "#0"
        }
      }
    },
    {
      "from": [
        11.5,
        2,
        7
      ],
      "to": [
        12.5,
        8,
        9
      ],
      "rotation": {
        "angle": 22.5,
        "axis": "z",
        "origin": [
          6.07664,
          7.1147,
          8
        ]
      },
      "faces": {
        "north": {
          "uv": [
            12,
            6,
            12.5,
            9
          ],
          "texture": "#0"
        },
        "east": {
          "uv": [
            11.5,
            3,
            12.5,
            6
          ],
          "texture": "#0"
        },
        "south": {
          "uv": [
            12.5,
            3,
            13,
            6
          ],
          "texture": "#0"
        },
        "west": {
          "uv": [
            10.5,
            3,
            11.5,
            6
          ],
          "texture": "#0"
        },
        "up": {
          "uv": [
            12,
            7,
            11.5,
            6
          ],
          "texture": "#0"
        },
        "down": {
          "uv": [
            13.5,
            3,
            13,
            4
          ],
          "texture": "#0"
        }
      }
    },
    {
      "from": [
        -1.35717,
        8.48848,
        7
      ],
      "to": [
        1.64283,
        13.48848,
        9
      ],
      "rotation": {
        "angle": 45,
        "axis": "z",
        "origin": [
          6.07664,
          6.1147,
          8
        ]
      },
      "faces": {
        "north": {
          "uv": [
            5,
            3,
            6.5,
            5.5
          ],
          "texture": "#0"
        },
        "east": {
          "uv": [
            4.5,
            5.5,
            5.5,
            8
          ],
          "texture": "#0"
        },
        "south": {
          "uv": [
            6.5,
            3,
            5,
            5.5
          ],
          "texture": "#0"
        },
        "west": {
          "uv": [
            5.5,
            5.5,
            6.5,
            8
          ],
          "texture": "#0"
        },
        "up": {
          "uv": [
            7.5,
            1.5,
            6,
            0.5
          ],
          "texture": "#0"
        },
        "down": {
          "uv": [
            7.5,
            1.5,
            6,
            2.5
          ],
          "texture": "#0"
        }
      }
    },
    {
      "from": [
        -1.45837,
        5.57226,
        7.5
      ],
      "to": [
        19.54163,
        6.57226,
        8.5
      ],
      "rotation": {
        "angle": -45,
        "axis": "x",
        "origin": [
          9.04163,
          6.07226,
          8
        ]
      },
      "faces": {
        "north": {
          "uv": [
            3.5,
            10.5,
            14,
            11
          ],
          "texture": "#0"
        },
        "east": {
          "uv": [
            3.5,
            10.5,
            4,
            11
          ],
          "texture": "#0"
        },
        "south": {
          "uv": [
            14,
            10.5,
            3.5,
            11
          ],
          "texture": "#0"
        },
        "west": {
          "uv": [
            3.5,
            10.5,
            4,
            11
          ],
          "texture": "#0"
        },
        "up": {
          "uv": [
            14,
            10.5,
            3.5,
            11
          ],
          "texture": "#0"
        },
        "down": {
          "uv": [
            14,
            10.5,
            3.5,
            11
          ],
          "texture": "#0"
        }
      }
    },
    {
      "from": [
        1.64283,
        10.48848,
        7
      ],
      "to": [
        3.64283,
        13.48848,
        9
      ],
      "rotation": {
        "angle": 45,
        "axis": "z",
        "origin": [
          6.07664,
          6.1147,
          8
        ]
      },
      "faces": {
        "north": {
          "uv": [
            3,
            6,
            4,
            7.5
          ],
          "texture": "#0"
        },
        "east": {
          "uv": [
            1.5,
            6.5,
            2.5,
            8
          ],
          "texture": "#0"
        },
        "south": {
          "uv": [
            4,
            6,
            3,
            7.5
          ],
          "texture": "#0"
        },
        "west": {
          "uv": [
            6.5,
            4,
            7.5,
            5.5
          ],
          "texture": "#0"
        },
        "up": {
          "uv": [
            7.5,
            6.5,
            6.5,
            5.5
          ],
          "texture": "#0"
        },
        "down": {
          "uv": [
            7.5,
            6.5,
            6.5,
            7.5
          ],
          "texture": "#0"
        }
      }
    },
    {
      "from": [
        15.25371,
        4.14942,
        8
      ],
      "to": [
        21.25371,
        11.14942,
        8
      ],
      "rotation": {
        "angle": -45,
        "axis": "z",
        "origin": [
          18.25371,
          6.64942,
          8
        ]
      },
      "faces": {
        "north": {
          "uv": [
            6.5,
            11.5,
            9.5,
            15
          ],
          "texture": "#0"
        },
        "east": {
          "uv": [
            0,
            0,
            0,
            2
          ],
          "texture": "#0"
        },
        "south": {
          "uv": [
            9.5,
            11.5,
            6.5,
            15
          ],
          "texture": "#0"
        },
        "west": {
          "uv": [
            0,
            0,
            0,
            2
          ],
          "texture": "#0"
        },
        "up": {
          "uv": [
            3,
            0,
            0,
            0
          ],
          "texture": "#0"
        },
        "down": {
          "uv": [
            3,
            0,
            0,
            0
          ],
          "texture": "#0"
        }
      }
    },
    {
      "from": [
        15.25371,
        0.85058,
        8
      ],
      "to": [
        21.25371,
        7.85058,
        8
      ],
      "rotation": {
        "angle": 45,
        "axis": "z",
        "origin": [
          18.25371,
          5.35058,
          8
        ]
      },
      "faces": {
        "north": {
          "uv": [
            6.5,
            15,
            9.5,
            11.5
          ],
          "texture": "#0"
        },
        "east": {
          "uv": [
            0,
            2,
            0,
            0
          ],
          "texture": "#0"
        },
        "south": {
          "uv": [
            9.5,
            15,
            6.5,
            11.5
          ],
          "texture": "#0"
        },
        "west": {
          "uv": [
            0,
            2,
            0,
            0
          ],
          "texture": "#0"
        },
        "up": {
          "uv": [
            3,
            0,
            0,
            0
          ],
          "texture": "#0"
        },
        "down": {
          "uv": [
            3,
            0,
            0,
            0
          ],
          "texture": "#0"
        }
      }
    }
  ],
  "gui_light": "front",
  "display": {
    "thirdperson_righthand": {
      "scale": [
        0.5,
        0.5,
        0.5
      ]
    },
    "thirdperson_lefthand": {
      "scale": [
        0.5,
        0.5,
        0.5
      ]
    },
    "firstperson_righthand": {
      "translation": [
        0,
        2.5,
        0
      ],
      "scale": [
        0.5,
        0.5,
        0.5
      ]
    },
    "firstperson_lefthand": {
      "translation": [
        0,
        2.5,
        0
      ],
      "scale": [
        0.5,
        0.5,
        0.5
      ]
    },
    "ground": {
      "translation": [
        0,
        3,
        0
      ],
      "scale": [
        0.5,
        0.5,
        0.5
      ]
    },
    "gui": {
      "rotation": [
        -180,
        45,
        180
      ],
      "translation": [
        0.25,
        1.5,
        0
      ],
      "scale": [
        0.75,
        0.75,
        0.75
      ]
    },
    "head": {
      "rotation": [
        0,
        0,
        -22.5
      ],
      "translation": [
        0.3,
        4.35,
        0
      ],
      "scale": [
        1.61,
        1.61,
        1.61
      ]
    }
  }
}