{
  "texture_size": [
    128,
    128
  ],
  "elements": [
    {
      "from": [
        -3,
        -1,
        -1
      ],
      "to": [
        19,
        17,
        4
      ],
      "faces": {
        "north": {
          "uv": [
            2.625,
            9.25,
            5.125,
            11.25
          ],
          "texture": "#0"
        },
        "east": {
          "uv": [
            3.125,
            7.125,
            3.5,
            9.125
          ],
          "texture": "#0"
        },
        "south": {
          "uv": [
            0,
            2.125,
            2.5,
            4.125
          ],
          "texture": "#0"
        },
        "west": {
          "uv": [
            3.625,
            7.125,
            4,
            9.125
          ],
          "texture": "#0"
        },
        "up": {
          "uv": [
            9.75,
            0.375,
            7.25,
            0
          ],
          "texture": "#0"
        },
        "down": {
          "uv": [
            9.75,
            0.5,
            7.25,
            0.875
          ],
          "texture": "#0"
        }
      }
    },
    {
      "from": [
        -2,
        0,
        0
      ],
      "to": [
        18,
        16,
        15
      ],
      "faces": {
        "north": {
          "uv": [
            0,
            8.75,
            2.5,
            10.75
          ],
          "texture": "#0"
        },
        "east": {
          "uv": [
            5.25,
            0,
            7.125,
            2
          ],
          "texture": "#0"
        },
        "south": {
          "uv": [
            2.625,
            2.125,
            5.125,
            4.125
          ],
          "texture": "#0"
        },
        "west": {
          "uv": [
            5.25,
            2.125,
            7.125,
            4.125
          ],
          "texture": "#0"
        },
        "up": {
          "uv": [
            2.5,
            6.125,
            0,
            4.25
          ],
          "texture": "#0"
        },
        "down": {
          "uv": [
            5.125,
            4.25,
            2.625,
            6.125
          ],
          "texture": "#0"
        }
      }
    },
    {
      "from": [
        -2,
        0,
        0
      ],
      "to": [
        18,
        16,
        15
      ],
      "faces": {
        "north": {
          "uv": [
            2.625,
            0,
            5.125,
            2
          ],
          "texture": "#0"
        },
        "east": {
          "uv": [
            5.25,
            0,
            7.125,
            2
          ],
          "texture": "#0"
        },
        "south": {
          "uv": [
            2.625,
            2.125,
            5.125,
            4.125
          ],
          "texture": "#0"
        },
        "west": {
          "uv": [
            5.25,
            2.125,
            7.125,
            4.125
          ],
          "texture": "#0"
        },
        "up": {
          "uv": [
            2.5,
            6.125,
            0,
            4.25
          ],
          "texture": "#0"
        },
        "down": {
          "uv": [
            5.125,
            4.25,
            2.625,
            6.125
          ],
          "texture": "#0"
        }
      }
    },
    {
      "from": [
        -3,
        -1,
        -1
      ],
      "to": [
        19,
        17,
        4
      ],
      "faces": {
        "north": {
          "uv": [
            0,
            0,
            2.5,
            2
          ],
          "texture": "#0"
        },
        "east": {
          "uv": [
            3.125,
            7.125,
            3.5,
            9.125
          ],
          "texture": "#0"
        },
        "south": {
          "uv": [
            0,
            2.125,
            2.5,
            4.125
          ],
          "texture": "#0"
        },
        "west": {
          "uv": [
            3.625,
            7.125,
            4,
            9.125
          ],
          "texture": "#0"
        },
        "up": {
          "uv": [
            9.75,
            0.375,
            7.25,
            0
          ],
          "texture": "#0"
        },
        "down": {
          "uv": [
            9.75,
            0.5,
            7.25,
            0.875
          ],
          "texture": "#0"
        }
      }
    },
    {
      "from": [
        0,
        1,
        15
      ],
      "to": [
        16,
        13,
        21
      ],
      "faces": {
        "north": {
          "uv": [
            5.25,
            4.25,
            7.25,
            5.75
          ],
          "texture": "#0"
        },
        "east": {
          "uv": [
            4.25,
            6.25,
            5,
            7.75
          ],
          "texture": "#0"
        },
        "south": {
          "uv": [
            5.25,
            5.875,
            7.25,
            7.375
          ],
          "texture": "#0"
        },
        "west": {
          "uv": [
            0,
            7.125,
            0.75,
            8.625
          ],
          "texture": "#0"
        },
        "up": {
          "uv": [
            2,
            7,
            0,
            6.25
          ],
          "texture": "#0"
        },
        "down": {
          "uv": [
            4.125,
            6.25,
            2.125,
            7
          ],
          "texture": "#0"
        }
      }
    },
    {
      "from": [
        4,
        12,
        10
      ],
      "to": [
        12,
        18,
        18
      ],
      "faces": {
        "north": {
          "uv": [
            7.25,
            1,
            8.25,
            1.75
          ],
          "texture": "#0"
        },
        "east": {
          "uv": [
            7.25,
            1.875,
            8.25,
            2.625
          ],
          "texture": "#0"
        },
        "south": {
          "uv": [
            7.25,
            2.75,
            8.25,
            3.5
          ],
          "texture": "#0"
        },
        "west": {
          "uv": [
            7.375,
            3.625,
            8.375,
            4.375
          ],
          "texture": "#0"
        },
        "up": {
          "uv": [
            1.875,
            8.125,
            0.875,
            7.125
          ],
          "texture": "#0"
        },
        "down": {
          "uv": [
            3,
            7.125,
            2,
            8.125
          ],
          "texture": "#0"
        }
      }
    },
    {
      "from": [
        5,
        18,
        14
      ],
      "to": [
        6,
        26,
        14
      ],
      "rotation": {
        "angle": 22.5,
        "axis": "z",
        "origin": [
          8,
          21,
          10
        ]
      },
      "faces": {
        "north": {
          "uv": [
            7.375,
            4.5,
            7.5,
            5.5
          ],
          "texture": "#0"
        },
        "east": {
          "uv": [
            5.125,
            6.25,
            5.125,
            7.25
          ],
          "texture": "#0"
        },
        "south": {
          "uv": [
            7.375,
            5.625,
            7.5,
            6.625
          ],
          "texture": "#0"
        },
        "west": {
          "uv": [
            4.125,
            7.125,
            4.125,
            8.125
          ],
          "texture": "#0"
        },
        "up": {
          "uv": [
            7.75,
            6.5,
            7.625,
            6.5
          ],
          "texture": "#0"
        },
        "down": {
          "uv": [
            7.75,
            6.625,
            7.625,
            6.625
          ],
          "texture": "#0"
        }
      }
    },
    {
      "from": [
        4.75,
        26,
        13.5
      ],
      "to": [
        6.25,
        29,
        14.5
      ],
      "rotation": {
        "angle": 22.5,
        "axis": "z",
        "origin": [
          8,
          21,
          10
        ]
      },
      "faces": {
        "north": {
          "uv": [
            5.375,
            7.5,
            5.625,
            7.875
          ],
          "texture": "#0"
        },
        "east": {
          "uv": [
            6.875,
            7.5,
            7,
            7.875
          ],
          "texture": "#0"
        },
        "south": {
          "uv": [
            5.75,
            7.5,
            6,
            7.875
          ],
          "texture": "#0"
        },
        "west": {
          "uv": [
            7.125,
            7.5,
            7.25,
            7.875
          ],
          "texture": "#0"
        },
        "up": {
          "uv": [
            7.875,
            5.625,
            7.625,
            5.5
          ],
          "texture": "#0"
        },
        "down": {
          "uv": [
            7.875,
            5.75,
            7.625,
            5.875
          ],
          "texture": "#0"
        }
      }
    },
    {
      "from": [
        9.75,
        26,
        13.5
      ],
      "to": [
        11.25,
        29,
        14.5
      ],
      "rotation": {
        "angle": -22.5,
        "axis": "z",
        "origin": [
          8,
          21,
          10
        ]
      },
      "faces": {
        "north": {
          "uv": [
            6.125,
            7.5,
            6.375,
            7.875
          ],
          "texture": "#0"
        },
        "east": {
          "uv": [
            7.625,
            4.5,
            7.75,
            4.875
          ],
          "texture": "#0"
        },
        "south": {
          "uv": [
            6.5,
            7.5,
            6.75,
            7.875
          ],
          "texture": "#0"
        },
        "west": {
          "uv": [
            7.625,
            5,
            7.75,
            5.375
          ],
          "texture": "#0"
        },
        "up": {
          "uv": [
            7.875,
            6.125,
            7.625,
            6
          ],
          "texture": "#0"
        },
        "down": {
          "uv": [
            7.875,
            6.25,
            7.625,
            6.375
          ],
          "texture": "#0"
        }
      }
    },
    {
      "from": [
        10,
        18,
        14
      ],
      "to": [
        11,
        26,
        14
      ],
      "rotation": {
        "angle": -22.5,
        "axis": "z",
        "origin": [
          8,
          21,
          10
        ]
      },
      "faces": {
        "north": {
          "uv": [
            7.375,
            6.75,
            7.5,
            7.75
          ],
          "texture": "#0"
        },
        "east": {
          "uv": [
            7.625,
            6.75,
            7.625,
            7.75
          ],
          "texture": "#0"
        },
        "south": {
          "uv": [
            5.125,
            7.5,
            5.25,
            8.5
          ],
          "texture": "#0"
        },
        "west": {
          "uv": [
            7.75,
            6.75,
            7.75,
            7.75
          ],
          "texture": "#0"
        },
        "up": {
          "uv": [
            4.375,
            7.875,
            4.25,
            7.875
          ],
          "texture": "#0"
        },
        "down": {
          "uv": [
            4.625,
            7.875,
            4.5,
            7.875
          ],
          "texture": "#0"
        }
      }
    }
  ],
  "display": {
    "thirdperson_righthand": {
      "rotation": [
        60,
        20,
        0
      ],
      "translation": [
        -1,
        3,
        -1.5
      ],
      "scale": [
        0.4,
        0.4,
        0.4
      ]
    },
    "thirdperson_lefthand": {
      "rotation": [
        60,
        20,
        0
      ],
      "translation": [
        -1,
        3,
        -1.5
      ],
      "scale": [
        0.4,
        0.4,
        0.4
      ]
    },
    "firstperson_righthand": {
      "rotation": [
        0,
        10,
        0
      ],
      "translation": [
        1,
        3,
        0
      ],
      "scale": [
        0.25,
        0.25,
        0.25
      ]
    },
    "firstperson_lefthand": {
      "rotation": [
        0,
        10,
        0
      ],
      "translation": [
        1,
        3,
        0
      ],
      "scale": [
        0.25,
        0.25,
        0.25
      ]
    },
    "ground": {
      "translation": [
        0,
        3,
        0
      ],
      "scale": [
        0.4,
        0.4,
        0.4
      ]
    },
    "gui": {
      "rotation": [
        -167.32,
        40.84,
        -175.3
      ],
      "translation": [
        0,
        -2,
        0
      ],
      "scale": [
        0.45,
        0.45,
        0.45
      ]
    },
    "head": {
      "translation": [
        0,
        0,
        0.5
      ]
    },
    "fixed": {
      "rotation": [
        -83,
        0,
        0
      ],
      "translation": [
        0,
        0,
        -8.75
      ]
    }
  }
}