{"display":{"thirdperson_righthand":{"rotation":[128.61,88.32,-126.78],"translation":[0,3,1],"scale":[0.55,0.55,0.67695]},"thirdperson_lefthand":{"rotation":[128.61,88.32,-126.78],"translation":[0,3,1],"scale":[0.55,0.55,0.67695]},"firstperson_righthand":{"rotation":[128.61,88.32,-126.78],"translation":[0,3,1],"scale":[0.55,0.55,0.67695]},"firstperson_lefthand":{"rotation":[128.61,88.32,-126.78],"translation":[0,3,1],"scale":[0.55,0.55,0.67695]},"gui":{"rotation":[180,-88,180]},"head":{"rotation":[38,91,-36.99],"translation":[0,18.25,0],"scale":[1.18,1.95,2.22]},"fixed":{"rotation":[0,87.5,0]}},"texture_size":[32,32],"textures":{"0":"item/cicada","particle":"item/cicada"},"elements":[{"from":[13,0,9],"to":[13,1,10],"rotation":{"angle":0,"axis":"y","origin":[13,0,10]},"faces":{"north":{"uv":[0,0,0,0.5],"texture":"#0"},"east":{"uv":[10.5,3,11,3.5],"texture":"#0"},"south":{"uv":[0,0,0,0.5],"texture":"#0"},"west":{"uv":[10.5,3.5,11,4],"texture":"#0"},"up":{"uv":[0,0.5,0,0],"texture":"#0"},"down":{"uv":[0,0,0,0.5],"texture":"#0"}}},{"from":[13,0,6],"to":[13,1,7],"rotation":{"angle":0,"axis":"y","origin":[13,0,7]},"faces":{"north":{"uv":[0,0,0,0.5],"texture":"#0"},"east":{"uv":[10.5,8,11,8.5],"texture":"#0"},"south":{"uv":[0,0,0,0.5],"texture":"#0"},"west":{"uv":[10.5,8.5,11,9],"texture":"#0"},"up":{"uv":[0,0.5,0,0],"texture":"#0"},"down":{"uv":[0,0,0,0.5],"texture":"#0"}}},{"from":[13,1,6],"to":[13,2,7],"rotation":{"angle":0,"axis":"y","origin":[11,1,5]},"faces":{"north":{"uv":[0,0,0,0.5],"texture":"#0"},"east":{"uv":[10.5,9,11,9.5],"texture":"#0"},"south":{"uv":[0,0,0,0.5],"texture":"#0"},"west":{"uv":[10.5,9.5,11,10],"texture":"#0"},"up":{"uv":[0,0.5,0,0],"texture":"#0"},"down":{"uv":[0,0,0,0.5],"texture":"#0"}}},{"from":[13,1,9],"to":[13,2,10],"rotation":{"angle":0,"axis":"y","origin":[11,1,8]},"faces":{"north":{"uv":[0,0,0,0.5],"texture":"#0"},"east":{"uv":[10.5,10,11,10.5],"texture":"#0"},"south":{"uv":[0,0,0,0.5],"texture":"#0"},"west":{"uv":[10.5,10.5,11,11],"texture":"#0"},"up":{"uv":[0,0.5,0,0],"texture":"#0"},"down":{"uv":[0,0,0,0.5],"texture":"#0"}}},{"from":[12,2,9],"to":[13,2,10],"rotation":{"angle":0,"axis":"y","origin":[13,0,8]},"faces":{"north":{"uv":[0,0,0.5,0],"texture":"#0"},"east":{"uv":[0,0,0.5,0],"texture":"#0"},"south":{"uv":[0,0,0.5,0],"texture":"#0"},"west":{"uv":[0,0,0.5,0],"texture":"#0"},"up":{"uv":[0.5,11.5,0,11],"texture":"#0"},"down":{"uv":[11.5,0,11,0.5],"texture":"#0"}}},{"from":[12,2,6],"to":[13,2,7],"rotation":{"angle":0,"axis":"y","origin":[13,0,5]},"faces":{"north":{"uv":[0,0,0.5,0],"texture":"#0"},"east":{"uv":[0,0,0.5,0],"texture":"#0"},"south":{"uv":[0,0,0.5,0],"texture":"#0"},"west":{"uv":[0,0,0.5,0],"texture":"#0"},"up":{"uv":[1,11.5,0.5,11],"texture":"#0"},"down":{"uv":[11.5,0.5,11,1],"texture":"#0"}}},{"from":[7,2,5],"to":[12,7,11],"rotation":{"angle":0,"axis":"y","origin":[10,2,11]},"faces":{"north":{"uv":[5.5,3,8,5.5],"texture":"#0"},"east":{"uv":[0,0,3,2.5],"texture":"#0"},"south":{"uv":[5.5,5.5,8,8],"texture":"#0"},"west":{"uv":[0,2.5,3,5],"texture":"#0"},"up":{"uv":[5.5,3,3,0],"texture":"#0"},"down":{"uv":[5.5,3,3,6],"texture":"#0"}}},{"from":[2,2,5],"to":[7,6,11],"rotation":{"angle":0,"axis":"y","origin":[5,2,11]},"faces":{"north":{"uv":[8,0,10.5,2],"texture":"#0"},"east":{"uv":[2.5,6,5.5,8],"texture":"#0"},"south":{"uv":[8,2,10.5,4],"texture":"#0"},"west":{"uv":[0,8,3,10],"texture":"#0"},"up":{"uv":[2.5,8,0,5],"texture":"#0"},"down":{"uv":[8,0,5.5,3],"texture":"#0"}}},{"from":[10,0,4],"to":[10,2,5],"rotation":{"angle":0,"axis":"y","origin":[8,0,4]},"faces":{"north":{"uv":[0,0,0,1],"texture":"#0"},"east":{"uv":[2.5,5,3,6],"texture":"#0"},"south":{"uv":[0,0,0,1],"texture":"#0"},"west":{"uv":[10,8,10.5,9],"texture":"#0"},"up":{"uv":[0,0.5,0,0],"texture":"#0"},"down":{"uv":[0,0,0,0.5],"texture":"#0"}}},{"from":[8,0,4],"to":[8,2,5],"rotation":{"angle":0,"axis":"y","origin":[6,0,4]},"faces":{"north":{"uv":[0,0,0,1],"texture":"#0"},"east":{"uv":[9,10,9.5,11],"texture":"#0"},"south":{"uv":[0,0,0,1],"texture":"#0"},"west":{"uv":[10,9,10.5,10],"texture":"#0"},"up":{"uv":[0,0.5,0,0],"texture":"#0"},"down":{"uv":[0,0,0,0.5],"texture":"#0"}}},{"from":[10,0,11],"to":[10,2,12],"rotation":{"angle":0,"axis":"y","origin":[8,0,11]},"faces":{"north":{"uv":[0,0,0,1],"texture":"#0"},"east":{"uv":[9.5,10,10,11],"texture":"#0"},"south":{"uv":[0,0,0,1],"texture":"#0"},"west":{"uv":[10,10,10.5,11],"texture":"#0"},"up":{"uv":[0,0.5,0,0],"texture":"#0"},"down":{"uv":[0,0,0,0.5],"texture":"#0"}}},{"from":[8,0,11],"to":[8,2,12],"rotation":{"angle":0,"axis":"y","origin":[6,0,11]},"faces":{"north":{"uv":[0,0,0,1],"texture":"#0"},"east":{"uv":[10.5,0,11,1],"texture":"#0"},"south":{"uv":[0,0,0,1],"texture":"#0"},"west":{"uv":[10.5,1,11,2],"texture":"#0"},"up":{"uv":[0,0.5,0,0],"texture":"#0"},"down":{"uv":[0,0,0,0.5],"texture":"#0"}}},{"from":[8,1,5],"to":[8,2,6],"rotation":{"angle":0,"axis":"y","origin":[8,1,7]},"faces":{"north":{"uv":[0,0,0,0.5],"texture":"#0"},"east":{"uv":[1,11,1.5,11.5],"texture":"#0"},"south":{"uv":[0,0,0,0.5],"texture":"#0"},"west":{"uv":[11,1,11.5,1.5],"texture":"#0"},"up":{"uv":[0,0.5,0,0],"texture":"#0"},"down":{"uv":[0,0,0,0.5],"texture":"#0"}}},{"from":[10,1,5],"to":[10,2,6],"rotation":{"angle":0,"axis":"y","origin":[10,1,7]},"faces":{"north":{"uv":[0,0,0,0.5],"texture":"#0"},"east":{"uv":[1.5,11,2,11.5],"texture":"#0"},"south":{"uv":[0,0,0,0.5],"texture":"#0"},"west":{"uv":[11,1.5,11.5,2],"texture":"#0"},"up":{"uv":[0,0.5,0,0],"texture":"#0"},"down":{"uv":[0,0,0,0.5],"texture":"#0"}}},{"from":[10,1,10],"to":[10,2,11],"rotation":{"angle":0,"axis":"y","origin":[10,1,12]},"faces":{"north":{"uv":[0,0,0,0.5],"texture":"#0"},"east":{"uv":[2,11,2.5,11.5],"texture":"#0"},"south":{"uv":[0,0,0,0.5],"texture":"#0"},"west":{"uv":[2.5,11,3,11.5],"texture":"#0"},"up":{"uv":[0,0.5,0,0],"texture":"#0"},"down":{"uv":[0,0,0,0.5],"texture":"#0"}}},{"from":[8,1,10],"to":[8,2,11],"rotation":{"angle":0,"axis":"y","origin":[8,1,12]},"faces":{"north":{"uv":[0,0,0,0.5],"texture":"#0"},"east":{"uv":[3,11,3.5,11.5],"texture":"#0"},"south":{"uv":[0,0,0,0.5],"texture":"#0"},"west":{"uv":[11,3,11.5,3.5],"texture":"#0"},"up":{"uv":[0,0.5,0,0],"texture":"#0"},"down":{"uv":[0,0,0,0.5],"texture":"#0"}}},{"from":[12,4,6],"to":[14,6,10],"rotation":{"angle":0,"axis":"y","origin":[12,4,8]},"faces":{"north":{"uv":[8,8,9,9],"texture":"#0"},"east":{"uv":[8,4,10,5],"texture":"#0"},"south":{"uv":[5,9,6,10],"texture":"#0"},"west":{"uv":[5,8,7,9],"texture":"#0"},"up":{"uv":[9,7,8,5],"texture":"#0"},"down":{"uv":[8,8,7,10],"texture":"#0"}}},{"from":[12,3,5],"to":[14,4,11],"rotation":{"angle":0,"axis":"y","origin":[12,3,9]},"faces":{"north":{"uv":[10.5,2,11.5,2.5],"texture":"#0"},"east":{"uv":[8,7,11,7.5],"texture":"#0"},"south":{"uv":[10.5,2.5,11.5,3],"texture":"#0"},"west":{"uv":[8,7.5,11,8],"texture":"#0"},"up":{"uv":[4,11,3,8],"texture":"#0"},"down":{"uv":[5,8,4,11],"texture":"#0"}}},{"from":[12,4,4],"to":[14,6,6],"rotation":{"angle":0,"axis":"y","origin":[12,4,4]},"faces":{"north":{"uv":[6,9,7,10],"texture":"#0"},"east":{"uv":[6,9,7,10],"texture":"#0"},"south":{"uv":[6,9,7,10],"texture":"#0"},"west":{"uv":[6,9,7,10],"texture":"#0"},"up":{"uv":[6,9,7,10],"texture":"#0"},"down":{"uv":[6,9,7,10],"texture":"#0"}}},{"from":[14,5,8.7],"to":[15,6,8.7],"rotation":{"angle":0,"axis":"y","origin":[13,5,10.7]},"faces":{"north":{"uv":[3.5,11,4,11.5],"texture":"#0"},"east":{"uv":[0,0,0,0.5],"texture":"#0"},"south":{"uv":[11,3.5,11.5,4],"texture":"#0"},"west":{"uv":[0,0,0,0.5],"texture":"#0"},"up":{"uv":[0.5,0,0,0],"texture":"#0"},"down":{"uv":[0.5,0,0,0],"texture":"#0"}}},{"from":[14,5,7.2],"to":[15,6,7.2],"rotation":{"angle":0,"axis":"y","origin":[13,5,9.2]},"faces":{"north":{"uv":[4,11,4.5,11.5],"texture":"#0"},"east":{"uv":[0,0,0,0.5],"texture":"#0"},"south":{"uv":[11,4,11.5,4.5],"texture":"#0"},"west":{"uv":[0,0,0,0.5],"texture":"#0"},"up":{"uv":[0.5,0,0,0],"texture":"#0"},"down":{"uv":[0.5,0,0,0],"texture":"#0"}}},{"from":[10,6,3],"to":[12,6,5],"rotation":{"angle":0,"axis":"y","origin":[10,6,3]},"faces":{"north":{"uv":[0,0,1,0],"texture":"#0"},"east":{"uv":[0,0,1,0],"texture":"#0"},"south":{"uv":[0,0,1,0],"texture":"#0"},"west":{"uv":[0,0,1,0],"texture":"#0"},"up":{"uv":[7,11,6,10],"texture":"#0"},"down":{"uv":[11,6,10,7],"texture":"#0"}}},{"from":[10,6,11],"to":[12,6,13],"rotation":{"angle":0,"axis":"y","origin":[10,6,11]},"faces":{"north":{"uv":[0,0,1,0],"texture":"#0"},"east":{"uv":[0,0,1,0],"texture":"#0"},"south":{"uv":[0,0,1,0],"texture":"#0"},"west":{"uv":[0,0,1,0],"texture":"#0"},"up":{"uv":[8,11,7,10],"texture":"#0"},"down":{"uv":[9,10,8,11],"texture":"#0"}}},{"from":[5,5.9,-2],"to":[6,5.9,-1],"rotation":{"angle":0,"axis":"y","origin":[4,5.9,-3]},"faces":{"north":{"uv":[0,0,0.5,0],"texture":"#0"},"east":{"uv":[0,0,0.5,0],"texture":"#0"},"south":{"uv":[0,0,0.5,0],"texture":"#0"},"west":{"uv":[0,0,0.5,0],"texture":"#0"},"up":{"uv":[5,11.5,4.5,11],"texture":"#0"},"down":{"uv":[11.5,4.5,11,5],"texture":"#0"}}},{"from":[5,6,3],"to":[6,6,4],"rotation":{"angle":0,"axis":"y","origin":[4,6,2]},"faces":{"north":{"uv":[0,0,0.5,0],"texture":"#0"},"east":{"uv":[0,0,0.5,0],"texture":"#0"},"south":{"uv":[0,0,0.5,0],"texture":"#0"},"west":{"uv":[0,0,0.5,0],"texture":"#0"},"up":{"uv":[12,6,11.5,5.5],"texture":"#0"},"down":{"uv":[6.5,11.5,6,12],"texture":"#0"}}},{"from":[8,6,4],"to":[9,6,5],"rotation":{"angle":0,"axis":"y","origin":[7,6,3]},"faces":{"north":{"uv":[0,0,0.5,0],"texture":"#0"},"east":{"uv":[0,0,0.5,0],"texture":"#0"},"south":{"uv":[0,0,0.5,0],"texture":"#0"},"west":{"uv":[0,0,0.5,0],"texture":"#0"},"up":{"uv":[5.5,11.5,5,11],"texture":"#0"},"down":{"uv":[11.5,5,11,5.5],"texture":"#0"}}},{"from":[7,6,3],"to":[8,6,4],"rotation":{"angle":0,"axis":"y","origin":[6,6,2]},"faces":{"north":{"uv":[0,0,0.5,0],"texture":"#0"},"east":{"uv":[0,0,0.5,0],"texture":"#0"},"south":{"uv":[0,0,0.5,0],"texture":"#0"},"west":{"uv":[0,0,0.5,0],"texture":"#0"},"up":{"uv":[6,11.5,5.5,11],"texture":"#0"},"down":{"uv":[11.5,5.5,11,6],"texture":"#0"}}},{"from":[8,6,2],"to":[9,6,3],"rotation":{"angle":0,"axis":"y","origin":[7,6,1]},"faces":{"north":{"uv":[0,0,0.5,0],"texture":"#0"},"east":{"uv":[0,0,0.5,0],"texture":"#0"},"south":{"uv":[0,0,0.5,0],"texture":"#0"},"west":{"uv":[0,0,0.5,0],"texture":"#0"},"up":{"uv":[6.5,11.5,6,11],"texture":"#0"},"down":{"uv":[11.5,6,11,6.5],"texture":"#0"}}},{"from":[8,6,1],"to":[9,6,2],"rotation":{"angle":0,"axis":"y","origin":[7,6,0]},"faces":{"north":{"uv":[0,0,0.5,0],"texture":"#0"},"east":{"uv":[0,0,0.5,0],"texture":"#0"},"south":{"uv":[0,0,0.5,0],"texture":"#0"},"west":{"uv":[0,0,0.5,0],"texture":"#0"},"up":{"uv":[7,11.5,6.5,11],"texture":"#0"},"down":{"uv":[11.5,6.5,11,7],"texture":"#0"}}},{"from":[7,6,1],"to":[8,6,2],"rotation":{"angle":0,"axis":"y","origin":[6,6,0]},"faces":{"north":{"uv":[0,0,0.5,0],"texture":"#0"},"east":{"uv":[0,0,0.5,0],"texture":"#0"},"south":{"uv":[0,0,0.5,0],"texture":"#0"},"west":{"uv":[0,0,0.5,0],"texture":"#0"},"up":{"uv":[7.5,11.5,7,11],"texture":"#0"},"down":{"uv":[11.5,7,11,7.5],"texture":"#0"}}},{"from":[6,6,2],"to":[7,6,3],"rotation":{"angle":0,"axis":"y","origin":[5,6,1]},"faces":{"north":{"uv":[0,0,0.5,0],"texture":"#0"},"east":{"uv":[0,0,0.5,0],"texture":"#0"},"south":{"uv":[0,0,0.5,0],"texture":"#0"},"west":{"uv":[0,0,0.5,0],"texture":"#0"},"up":{"uv":[8,11.5,7.5,11],"texture":"#0"},"down":{"uv":[11.5,7.5,11,8],"texture":"#0"}}},{"from":[7,6,0],"to":[8,6,1],"rotation":{"angle":0,"axis":"y","origin":[6,6,-1]},"faces":{"north":{"uv":[0,0,0.5,0],"texture":"#0"},"east":{"uv":[0,0,0.5,0],"texture":"#0"},"south":{"uv":[0,0,0.5,0],"texture":"#0"},"west":{"uv":[0,0,0.5,0],"texture":"#0"},"up":{"uv":[8.5,11.5,8,11],"texture":"#0"},"down":{"uv":[11.5,8,11,8.5],"texture":"#0"}}},{"from":[5,6,4],"to":[6,6,5],"rotation":{"angle":0,"axis":"y","origin":[4,6,3]},"faces":{"north":{"uv":[0,0,0.5,0],"texture":"#0"},"east":{"uv":[0,0,0.5,0],"texture":"#0"},"south":{"uv":[0,0,0.5,0],"texture":"#0"},"west":{"uv":[0,0,0.5,0],"texture":"#0"},"up":{"uv":[9,11.5,8.5,11],"texture":"#0"},"down":{"uv":[11.5,8.5,11,9],"texture":"#0"}}},{"from":[4,6,4],"to":[5,6,5],"rotation":{"angle":0,"axis":"y","origin":[3,6,3]},"faces":{"north":{"uv":[0,0,0.5,0],"texture":"#0"},"east":{"uv":[0,0,0.5,0],"texture":"#0"},"south":{"uv":[0,0,0.5,0],"texture":"#0"},"west":{"uv":[0,0,0.5,0],"texture":"#0"},"up":{"uv":[9.5,11.5,9,11],"texture":"#0"},"down":{"uv":[11.5,9,11,9.5],"texture":"#0"}}},{"from":[3,6,0],"to":[4,6,1],"rotation":{"angle":0,"axis":"y","origin":[2,6,-1]},"faces":{"north":{"uv":[0,0,0.5,0],"texture":"#0"},"east":{"uv":[0,0,0.5,0],"texture":"#0"},"south":{"uv":[0,0,0.5,0],"texture":"#0"},"west":{"uv":[0,0,0.5,0],"texture":"#0"},"up":{"uv":[10,11.5,9.5,11],"texture":"#0"},"down":{"uv":[11.5,9.5,11,10],"texture":"#0"}}},{"from":[4,6,1],"to":[5,6,2],"rotation":{"angle":0,"axis":"y","origin":[3,6,0]},"faces":{"north":{"uv":[0,0,0.5,0],"texture":"#0"},"east":{"uv":[0,0,0.5,0],"texture":"#0"},"south":{"uv":[0,0,0.5,0],"texture":"#0"},"west":{"uv":[0,0,0.5,0],"texture":"#0"},"up":{"uv":[12,3,11.5,2.5],"texture":"#0"},"down":{"uv":[3.5,11.5,3,12],"texture":"#0"}}},{"from":[5,6,1],"to":[6,6,2],"rotation":{"angle":0,"axis":"y","origin":[4,6,0]},"faces":{"north":{"uv":[0,0,0.5,0],"texture":"#0"},"east":{"uv":[0,0,0.5,0],"texture":"#0"},"south":{"uv":[0,0,0.5,0],"texture":"#0"},"west":{"uv":[0,0,0.5,0],"texture":"#0"},"up":{"uv":[12,3.5,11.5,3],"texture":"#0"},"down":{"uv":[4,11.5,3.5,12],"texture":"#0"}}},{"from":[5,6,2],"to":[6,6,3],"rotation":{"angle":0,"axis":"y","origin":[4,6,1]},"faces":{"north":{"uv":[0,0,0.5,0],"texture":"#0"},"east":{"uv":[0,0,0.5,0],"texture":"#0"},"south":{"uv":[0,0,0.5,0],"texture":"#0"},"west":{"uv":[0,0,0.5,0],"texture":"#0"},"up":{"uv":[12,4,11.5,3.5],"texture":"#0"},"down":{"uv":[4.5,11.5,4,12],"texture":"#0"}}},{"from":[3,5.9,-2],"to":[4,5.9,-1],"rotation":{"angle":0,"axis":"y","origin":[2,5.9,-3]},"faces":{"north":{"uv":[0,0,0.5,0],"texture":"#0"},"east":{"uv":[0,0,0.5,0],"texture":"#0"},"south":{"uv":[0,0,0.5,0],"texture":"#0"},"west":{"uv":[0,0,0.5,0],"texture":"#0"},"up":{"uv":[12,4.5,11.5,4],"texture":"#0"},"down":{"uv":[5,11.5,4.5,12],"texture":"#0"}}},{"from":[4,5.9,-2],"to":[5,5.9,-1],"rotation":{"angle":0,"axis":"y","origin":[3,5.9,-3]},"faces":{"north":{"uv":[0,0,0.5,0],"texture":"#0"},"east":{"uv":[0,0,0.5,0],"texture":"#0"},"south":{"uv":[0,0,0.5,0],"texture":"#0"},"west":{"uv":[0,0,0.5,0],"texture":"#0"},"up":{"uv":[12,5,11.5,4.5],"texture":"#0"},"down":{"uv":[5.5,11.5,5,12],"texture":"#0"}}},{"from":[9,6,3],"to":[10,6,4],"rotation":{"angle":0,"axis":"y","origin":[8,6,2]},"faces":{"north":{"uv":[0,0,0.5,0],"texture":"#0"},"east":{"uv":[0,0,0.5,0],"texture":"#0"},"south":{"uv":[0,0,0.5,0],"texture":"#0"},"west":{"uv":[0,0,0.5,0],"texture":"#0"},"up":{"uv":[12,5.5,11.5,5],"texture":"#0"},"down":{"uv":[6,11.5,5.5,12],"texture":"#0"}}},{"from":[2,5.9,3],"to":[3,5.9,4],"rotation":{"angle":0,"axis":"y","origin":[1,5.9,2]},"faces":{"north":{"uv":[0,0,0.5,0],"texture":"#0"},"east":{"uv":[0,0,0.5,0],"texture":"#0"},"south":{"uv":[0,0,0.5,0],"texture":"#0"},"west":{"uv":[0,0,0.5,0],"texture":"#0"},"up":{"uv":[10.5,11.5,10,11],"texture":"#0"},"down":{"uv":[11.5,10,11,10.5],"texture":"#0"}}},{"from":[1,5.9,2],"to":[2,5.9,3],"rotation":{"angle":0,"axis":"y","origin":[0,5.9,1]},"faces":{"north":{"uv":[0,0,0.5,0],"texture":"#0"},"east":{"uv":[0,0,0.5,0],"texture":"#0"},"south":{"uv":[0,0,0.5,0],"texture":"#0"},"west":{"uv":[0,0,0.5,0],"texture":"#0"},"up":{"uv":[11,11.5,10.5,11],"texture":"#0"},"down":{"uv":[11.5,10.5,11,11],"texture":"#0"}}},{"from":[1,5.9,1],"to":[2,5.9,2],"rotation":{"angle":0,"axis":"y","origin":[0,5.9,0]},"faces":{"north":{"uv":[0,0,0.5,0],"texture":"#0"},"east":{"uv":[0,0,0.5,0],"texture":"#0"},"south":{"uv":[0,0,0.5,0],"texture":"#0"},"west":{"uv":[0,0,0.5,0],"texture":"#0"},"up":{"uv":[11.5,11.5,11,11],"texture":"#0"},"down":{"uv":[0.5,11.5,0,12],"texture":"#0"}}},{"from":[1,5.9,0],"to":[2,5.9,1],"rotation":{"angle":0,"axis":"y","origin":[0,5.9,-1]},"faces":{"north":{"uv":[0,0,0.5,0],"texture":"#0"},"east":{"uv":[0,0,0.5,0],"texture":"#0"},"south":{"uv":[0,0,0.5,0],"texture":"#0"},"west":{"uv":[0,0,0.5,0],"texture":"#0"},"up":{"uv":[12,0.5,11.5,0],"texture":"#0"},"down":{"uv":[1,11.5,0.5,12],"texture":"#0"}}},{"from":[1,5.9,-1],"to":[2,5.9,0],"rotation":{"angle":0,"axis":"y","origin":[0,5.9,-2]},"faces":{"north":{"uv":[0,0,0.5,0],"texture":"#0"},"east":{"uv":[0,0,0.5,0],"texture":"#0"},"south":{"uv":[0,0,0.5,0],"texture":"#0"},"west":{"uv":[0,0,0.5,0],"texture":"#0"},"up":{"uv":[12,1,11.5,0.5],"texture":"#0"},"down":{"uv":[1.5,11.5,1,12],"texture":"#0"}}},{"from":[2,5.9,-1],"to":[3,5.9,0],"rotation":{"angle":0,"axis":"y","origin":[1,5.9,-2]},"faces":{"north":{"uv":[0,0,0.5,0],"texture":"#0"},"east":{"uv":[0,0,0.5,0],"texture":"#0"},"south":{"uv":[0,0,0.5,0],"texture":"#0"},"west":{"uv":[0,0,0.5,0],"texture":"#0"},"up":{"uv":[12,1.5,11.5,1],"texture":"#0"},"down":{"uv":[2,11.5,1.5,12],"texture":"#0"}}},{"from":[5,5.9,-1],"to":[6,5.9,0],"rotation":{"angle":0,"axis":"y","origin":[4,5.9,-2]},"faces":{"north":{"uv":[0,0,0.5,0],"texture":"#0"},"east":{"uv":[0,0,0.5,0],"texture":"#0"},"south":{"uv":[0,0,0.5,0],"texture":"#0"},"west":{"uv":[0,0,0.5,0],"texture":"#0"},"up":{"uv":[12,6.5,11.5,6],"texture":"#0"},"down":{"uv":[7,11.5,6.5,12],"texture":"#0"}}},{"from":[6,5.9,-1],"to":[7,5.9,0],"rotation":{"angle":0,"axis":"y","origin":[5,5.9,-2]},"faces":{"north":{"uv":[0,0,0.5,0],"texture":"#0"},"east":{"uv":[0,0,0.5,0],"texture":"#0"},"south":{"uv":[0,0,0.5,0],"texture":"#0"},"west":{"uv":[0,0,0.5,0],"texture":"#0"},"up":{"uv":[12,7,11.5,6.5],"texture":"#0"},"down":{"uv":[7.5,11.5,7,12],"texture":"#0"}}},{"from":[2,5.9,-2],"to":[3,5.9,-1],"rotation":{"angle":0,"axis":"y","origin":[1,5.9,-3]},"faces":{"north":{"uv":[0,0,0.5,0],"texture":"#0"},"east":{"uv":[0,0,0.5,0],"texture":"#0"},"south":{"uv":[0,0,0.5,0],"texture":"#0"},"west":{"uv":[0,0,0.5,0],"texture":"#0"},"up":{"uv":[12,2,11.5,1.5],"texture":"#0"},"down":{"uv":[2.5,11.5,2,12],"texture":"#0"}}},{"from":[3,5.9,3],"to":[4,5.9,4],"rotation":{"angle":0,"axis":"y","origin":[2,5.9,2]},"faces":{"north":{"uv":[0,0,0.5,0],"texture":"#0"},"east":{"uv":[0,0,0.5,0],"texture":"#0"},"south":{"uv":[0,0,0.5,0],"texture":"#0"},"west":{"uv":[0,0,0.5,0],"texture":"#0"},"up":{"uv":[12,2.5,11.5,2],"texture":"#0"},"down":{"uv":[3,11.5,2.5,12],"texture":"#0"}}},{"from":[11,6,2],"to":[12,6,3],"rotation":{"angle":0,"axis":"y","origin":[10,6,1]},"faces":{"north":{"uv":[0,0,0.5,0],"texture":"#0"},"east":{"uv":[0,0,0.5,0],"texture":"#0"},"south":{"uv":[0,0,0.5,0],"texture":"#0"},"west":{"uv":[0,0,0.5,0],"texture":"#0"},"up":{"uv":[10,12.5,9.5,12],"texture":"#0"},"down":{"uv":[12.5,9.5,12,10],"texture":"#0"}}},{"from":[10,6,1],"to":[11,6,2],"rotation":{"angle":0,"axis":"y","origin":[9,6,0]},"faces":{"north":{"uv":[0,0,0.5,0],"texture":"#0"},"east":{"uv":[0,0,0.5,0],"texture":"#0"},"south":{"uv":[0,0,0.5,0],"texture":"#0"},"west":{"uv":[0,0,0.5,0],"texture":"#0"},"up":{"uv":[10.5,12.5,10,12],"texture":"#0"},"down":{"uv":[12.5,10,12,10.5],"texture":"#0"}}},{"from":[9,6,0],"to":[10,6,1],"rotation":{"angle":0,"axis":"y","origin":[8,6,-1]},"faces":{"north":{"uv":[0,0,0.5,0],"texture":"#0"},"east":{"uv":[0,0,0.5,0],"texture":"#0"},"south":{"uv":[0,0,0.5,0],"texture":"#0"},"west":{"uv":[0,0,0.5,0],"texture":"#0"},"up":{"uv":[11,12.5,10.5,12],"texture":"#0"},"down":{"uv":[12.5,10.5,12,11],"texture":"#0"}}},{"from":[8,6,-1],"to":[9,6,0],"rotation":{"angle":0,"axis":"y","origin":[7,6,-2]},"faces":{"north":{"uv":[0,0,0.5,0],"texture":"#0"},"east":{"uv":[0,0,0.5,0],"texture":"#0"},"south":{"uv":[0,0,0.5,0],"texture":"#0"},"west":{"uv":[0,0,0.5,0],"texture":"#0"},"up":{"uv":[11.5,12.5,11,12],"texture":"#0"},"down":{"uv":[12.5,11,12,11.5],"texture":"#0"}}},{"from":[8,6,-2],"to":[9,6,-1],"rotation":{"angle":0,"axis":"y","origin":[7,6,-3]},"faces":{"north":{"uv":[0,0,0.5,0],"texture":"#0"},"east":{"uv":[0,0,0.5,0],"texture":"#0"},"south":{"uv":[0,0,0.5,0],"texture":"#0"},"west":{"uv":[0,0,0.5,0],"texture":"#0"},"up":{"uv":[12,12.5,11.5,12],"texture":"#0"},"down":{"uv":[12.5,11.5,12,12],"texture":"#0"}}},{"from":[6,6,-4],"to":[7,6,-3],"rotation":{"angle":0,"axis":"y","origin":[5,6,-5]},"faces":{"north":{"uv":[0,0,0.5,0],"texture":"#0"},"east":{"uv":[0,0,0.5,0],"texture":"#0"},"south":{"uv":[0,0,0.5,0],"texture":"#0"},"west":{"uv":[0,0,0.5,0],"texture":"#0"},"up":{"uv":[12.5,12.5,12,12],"texture":"#0"},"down":{"uv":[0.5,12.5,0,13],"texture":"#0"}}},{"from":[7,6,-3],"to":[8,6,-2],"rotation":{"angle":0,"axis":"y","origin":[6,6,-4]},"faces":{"north":{"uv":[0,0,0.5,0],"texture":"#0"},"east":{"uv":[0,0,0.5,0],"texture":"#0"},"south":{"uv":[0,0,0.5,0],"texture":"#0"},"west":{"uv":[0,0,0.5,0],"texture":"#0"},"up":{"uv":[13,0.5,12.5,0],"texture":"#0"},"down":{"uv":[1,12.5,0.5,13],"texture":"#0"}}},{"from":[10,6,-2],"to":[11,6,-1],"rotation":{"angle":0,"axis":"y","origin":[9,6,-3]},"faces":{"north":{"uv":[0,0,0.5,0],"texture":"#0"},"east":{"uv":[0,0,0.5,0],"texture":"#0"},"south":{"uv":[0,0,0.5,0],"texture":"#0"},"west":{"uv":[0,0,0.5,0],"texture":"#0"},"up":{"uv":[13,1,12.5,0.5],"texture":"#0"},"down":{"uv":[1.5,12.5,1,13],"texture":"#0"}}},{"from":[6,6,-3],"to":[7,6,-2],"rotation":{"angle":0,"axis":"y","origin":[5,6,-4]},"faces":{"north":{"uv":[0,0,0.5,0],"texture":"#0"},"east":{"uv":[0,0,0.5,0],"texture":"#0"},"south":{"uv":[0,0,0.5,0],"texture":"#0"},"west":{"uv":[0,0,0.5,0],"texture":"#0"},"up":{"uv":[13,1.5,12.5,1],"texture":"#0"},"down":{"uv":[2,12.5,1.5,13],"texture":"#0"}}},{"from":[10,6,-1],"to":[11,6,0],"rotation":{"angle":0,"axis":"y","origin":[9,6,-2]},"faces":{"north":{"uv":[0,0,0.5,0],"texture":"#0"},"east":{"uv":[0,0,0.5,0],"texture":"#0"},"south":{"uv":[0,0,0.5,0],"texture":"#0"},"west":{"uv":[0,0,0.5,0],"texture":"#0"},"up":{"uv":[13,2,12.5,1.5],"texture":"#0"},"down":{"uv":[2.5,12.5,2,13],"texture":"#0"}}},{"from":[10,6,-3],"to":[11,6,-2],"rotation":{"angle":0,"axis":"y","origin":[9,6,-4]},"faces":{"north":{"uv":[0,0,0.5,0],"texture":"#0"},"east":{"uv":[0,0,0.5,0],"texture":"#0"},"south":{"uv":[0,0,0.5,0],"texture":"#0"},"west":{"uv":[0,0,0.5,0],"texture":"#0"},"up":{"uv":[13,2.5,12.5,2],"texture":"#0"},"down":{"uv":[3,12.5,2.5,13],"texture":"#0"}}},{"from":[11,6,-2],"to":[12,6,-1],"rotation":{"angle":0,"axis":"y","origin":[10,6,-3]},"faces":{"north":{"uv":[0,0,0.5,0],"texture":"#0"},"east":{"uv":[0,0,0.5,0],"texture":"#0"},"south":{"uv":[0,0,0.5,0],"texture":"#0"},"west":{"uv":[0,0,0.5,0],"texture":"#0"},"up":{"uv":[13,3,12.5,2.5],"texture":"#0"},"down":{"uv":[3.5,12.5,3,13],"texture":"#0"}}},{"from":[12,6,-1],"to":[13,6,0],"rotation":{"angle":0,"axis":"y","origin":[11,6,-2]},"faces":{"north":{"uv":[0,0,0.5,0],"texture":"#0"},"east":{"uv":[0,0,0.5,0],"texture":"#0"},"south":{"uv":[0,0,0.5,0],"texture":"#0"},"west":{"uv":[0,0,0.5,0],"texture":"#0"},"up":{"uv":[13,3.5,12.5,3],"texture":"#0"},"down":{"uv":[4,12.5,3.5,13],"texture":"#0"}}},{"from":[12,6,0],"to":[13,6,1],"rotation":{"angle":0,"axis":"y","origin":[11,6,-1]},"faces":{"north":{"uv":[0,0,0.5,0],"texture":"#0"},"east":{"uv":[0,0,0.5,0],"texture":"#0"},"south":{"uv":[0,0,0.5,0],"texture":"#0"},"west":{"uv":[0,0,0.5,0],"texture":"#0"},"up":{"uv":[13,4,12.5,3.5],"texture":"#0"},"down":{"uv":[4.5,12.5,4,13],"texture":"#0"}}},{"from":[12,6,1],"to":[13,6,2],"rotation":{"angle":0,"axis":"y","origin":[11,6,0]},"faces":{"north":{"uv":[0,0,0.5,0],"texture":"#0"},"east":{"uv":[0,0,0.5,0],"texture":"#0"},"south":{"uv":[0,0,0.5,0],"texture":"#0"},"west":{"uv":[0,0,0.5,0],"texture":"#0"},"up":{"uv":[13,4.5,12.5,4],"texture":"#0"},"down":{"uv":[5,12.5,4.5,13],"texture":"#0"}}},{"from":[13,6,-2],"to":[14,6,-1],"rotation":{"angle":0,"axis":"y","origin":[12,6,-3]},"faces":{"north":{"uv":[0,0,0.5,0],"texture":"#0"},"east":{"uv":[0,0,0.5,0],"texture":"#0"},"south":{"uv":[0,0,0.5,0],"texture":"#0"},"west":{"uv":[0,0,0.5,0],"texture":"#0"},"up":{"uv":[13,5,12.5,4.5],"texture":"#0"},"down":{"uv":[5.5,12.5,5,13],"texture":"#0"}}},{"from":[13,6,-3],"to":[14,6,-2],"rotation":{"angle":0,"axis":"y","origin":[12,6,-4]},"faces":{"north":{"uv":[0,0,0.5,0],"texture":"#0"},"east":{"uv":[0,0,0.5,0],"texture":"#0"},"south":{"uv":[0,0,0.5,0],"texture":"#0"},"west":{"uv":[0,0,0.5,0],"texture":"#0"},"up":{"uv":[13,5.5,12.5,5],"texture":"#0"},"down":{"uv":[6,12.5,5.5,13],"texture":"#0"}}},{"from":[13,6,-4],"to":[14,6,-3],"rotation":{"angle":0,"axis":"y","origin":[12,6,-5]},"faces":{"north":{"uv":[0,0,0.5,0],"texture":"#0"},"east":{"uv":[0,0,0.5,0],"texture":"#0"},"south":{"uv":[0,0,0.5,0],"texture":"#0"},"west":{"uv":[0,0,0.5,0],"texture":"#0"},"up":{"uv":[13,6,12.5,5.5],"texture":"#0"},"down":{"uv":[6.5,12.5,6,13],"texture":"#0"}}},{"from":[13,6,-5],"to":[14,6,-4],"rotation":{"angle":0,"axis":"y","origin":[12,6,-6]},"faces":{"north":{"uv":[0,0,0.5,0],"texture":"#0"},"east":{"uv":[0,0,0.5,0],"texture":"#0"},"south":{"uv":[0,0,0.5,0],"texture":"#0"},"west":{"uv":[0,0,0.5,0],"texture":"#0"},"up":{"uv":[13,6.5,12.5,6],"texture":"#0"},"down":{"uv":[7,12.5,6.5,13],"texture":"#0"}}},{"from":[13,6,-6],"to":[14,6,-5],"rotation":{"angle":0,"axis":"y","origin":[12,6,-7]},"faces":{"north":{"uv":[0,0,0.5,0],"texture":"#0"},"east":{"uv":[0,0,0.5,0],"texture":"#0"},"south":{"uv":[0,0,0.5,0],"texture":"#0"},"west":{"uv":[0,0,0.5,0],"texture":"#0"},"up":{"uv":[13,7,12.5,6.5],"texture":"#0"},"down":{"uv":[7.5,12.5,7,13],"texture":"#0"}}},{"from":[12,6,-4],"to":[13,6,-3],"rotation":{"angle":0,"axis":"y","origin":[11,6,-5]},"faces":{"north":{"uv":[0,0,0.5,0],"texture":"#0"},"east":{"uv":[0,0,0.5,0],"texture":"#0"},"south":{"uv":[0,0,0.5,0],"texture":"#0"},"west":{"uv":[0,0,0.5,0],"texture":"#0"},"up":{"uv":[13,7.5,12.5,7],"texture":"#0"},"down":{"uv":[8,12.5,7.5,13],"texture":"#0"}}},{"from":[11,6,-5],"to":[12,6,-4],"rotation":{"angle":0,"axis":"y","origin":[10,6,-6]},"faces":{"north":{"uv":[0,0,0.5,0],"texture":"#0"},"east":{"uv":[0,0,0.5,0],"texture":"#0"},"south":{"uv":[0,0,0.5,0],"texture":"#0"},"west":{"uv":[0,0,0.5,0],"texture":"#0"},"up":{"uv":[13,8,12.5,7.5],"texture":"#0"},"down":{"uv":[8.5,12.5,8,13],"texture":"#0"}}},{"from":[10,6,-5],"to":[11,6,-4],"rotation":{"angle":0,"axis":"y","origin":[9,6,-6]},"faces":{"north":{"uv":[0,0,0.5,0],"texture":"#0"},"east":{"uv":[0,0,0.5,0],"texture":"#0"},"south":{"uv":[0,0,0.5,0],"texture":"#0"},"west":{"uv":[0,0,0.5,0],"texture":"#0"},"up":{"uv":[13,8.5,12.5,8],"texture":"#0"},"down":{"uv":[9,12.5,8.5,13],"texture":"#0"}}},{"from":[9,6,-4],"to":[10,6,-3],"rotation":{"angle":0,"axis":"y","origin":[8,6,-5]},"faces":{"north":{"uv":[0,0,0.5,0],"texture":"#0"},"east":{"uv":[0,0,0.5,0],"texture":"#0"},"south":{"uv":[0,0,0.5,0],"texture":"#0"},"west":{"uv":[0,0,0.5,0],"texture":"#0"},"up":{"uv":[13,9,12.5,8.5],"texture":"#0"},"down":{"uv":[9.5,12.5,9,13],"texture":"#0"}}},{"from":[8,6,-5],"to":[9,6,-4],"rotation":{"angle":0,"axis":"y","origin":[7,6,-6]},"faces":{"north":{"uv":[0,0,0.5,0],"texture":"#0"},"east":{"uv":[0,0,0.5,0],"texture":"#0"},"south":{"uv":[0,0,0.5,0],"texture":"#0"},"west":{"uv":[0,0,0.5,0],"texture":"#0"},"up":{"uv":[13,9.5,12.5,9],"texture":"#0"},"down":{"uv":[10,12.5,9.5,13],"texture":"#0"}}},{"from":[7,6,-5],"to":[8,6,-4],"rotation":{"angle":0,"axis":"y","origin":[6,6,-6]},"faces":{"north":{"uv":[0,0,0.5,0],"texture":"#0"},"east":{"uv":[0,0,0.5,0],"texture":"#0"},"south":{"uv":[0,0,0.5,0],"texture":"#0"},"west":{"uv":[0,0,0.5,0],"texture":"#0"},"up":{"uv":[13,10,12.5,9.5],"texture":"#0"},"down":{"uv":[10.5,12.5,10,13],"texture":"#0"}}},{"from":[8,6,-6],"to":[9,6,-5],"rotation":{"angle":0,"axis":"y","origin":[7,6,-7]},"faces":{"north":{"uv":[0,0,0.5,0],"texture":"#0"},"east":{"uv":[0,0,0.5,0],"texture":"#0"},"south":{"uv":[0,0,0.5,0],"texture":"#0"},"west":{"uv":[0,0,0.5,0],"texture":"#0"},"up":{"uv":[13,10.5,12.5,10],"texture":"#0"},"down":{"uv":[11,12.5,10.5,13],"texture":"#0"}}},{"from":[9,6,-6],"to":[10,6,-5],"rotation":{"angle":0,"axis":"y","origin":[8,6,-7]},"faces":{"north":{"uv":[0,0,0.5,0],"texture":"#0"},"east":{"uv":[0,0,0.5,0],"texture":"#0"},"south":{"uv":[0,0,0.5,0],"texture":"#0"},"west":{"uv":[0,0,0.5,0],"texture":"#0"},"up":{"uv":[13,11,12.5,10.5],"texture":"#0"},"down":{"uv":[11.5,12.5,11,13],"texture":"#0"}}},{"from":[10,6,-7],"to":[11,6,-6],"rotation":{"angle":0,"axis":"y","origin":[9,6,-8]},"faces":{"north":{"uv":[0,0,0.5,0],"texture":"#0"},"east":{"uv":[0,0,0.5,0],"texture":"#0"},"south":{"uv":[0,0,0.5,0],"texture":"#0"},"west":{"uv":[0,0,0.5,0],"texture":"#0"},"up":{"uv":[13,11.5,12.5,11],"texture":"#0"},"down":{"uv":[12,12.5,11.5,13],"texture":"#0"}}},{"from":[11,6,-7],"to":[12,6,-6],"rotation":{"angle":0,"axis":"y","origin":[10,6,-8]},"faces":{"north":{"uv":[0,0,0.5,0],"texture":"#0"},"east":{"uv":[0,0,0.5,0],"texture":"#0"},"south":{"uv":[0,0,0.5,0],"texture":"#0"},"west":{"uv":[0,0,0.5,0],"texture":"#0"},"up":{"uv":[13,12,12.5,11.5],"texture":"#0"},"down":{"uv":[12.5,12.5,12,13],"texture":"#0"}}},{"from":[12,6,-7],"to":[13,6,-6],"rotation":{"angle":0,"axis":"y","origin":[11,6,-8]},"faces":{"north":{"uv":[0,0,0.5,0],"texture":"#0"},"east":{"uv":[0,0,0.5,0],"texture":"#0"},"south":{"uv":[0,0,0.5,0],"texture":"#0"},"west":{"uv":[0,0,0.5,0],"texture":"#0"},"up":{"uv":[13,12.5,12.5,12],"texture":"#0"},"down":{"uv":[13,12.5,12.5,13],"texture":"#0"}}},{"from":[12,4,10],"to":[14,6,12],"rotation":{"angle":0,"axis":"y","origin":[14,4,10]},"faces":{"north":{"uv":[6,9,7,10],"rotation":270,"texture":"#0"},"east":{"uv":[6,9,7,10],"rotation":90,"texture":"#0"},"south":{"uv":[6,9,7,10],"rotation":90,"texture":"#0"},"west":{"uv":[6,9,7,10],"rotation":90,"texture":"#0"},"up":{"uv":[6,9,7,10],"rotation":90,"texture":"#0"},"down":{"uv":[6,9,7,10],"rotation":90,"texture":"#0"}}},{"from":[5,5.9,17],"to":[6,5.9,18],"rotation":{"angle":0,"axis":"y","origin":[8,5.9,11]},"faces":{"north":{"uv":[0,0,0.5,0],"rotation":180,"texture":"#0"},"east":{"uv":[0,0,0.5,0],"rotation":180,"texture":"#0"},"south":{"uv":[0,0,0.5,0],"rotation":180,"texture":"#0"},"west":{"uv":[0,0,0.5,0],"rotation":180,"texture":"#0"},"up":{"uv":[11.5,4.5,11,5],"texture":"#0"},"down":{"uv":[5,11.5,4.5,11],"texture":"#0"}}},{"from":[7,5.8,15],"to":[8,5.8,16],"rotation":{"angle":0,"axis":"y","origin":[8,5.9,11]},"faces":{"north":{"uv":[0,0,0.5,0],"rotation":180,"texture":"#0"},"east":{"uv":[0,0,0.5,0],"rotation":180,"texture":"#0"},"south":{"uv":[0,0,0.5,0],"rotation":180,"texture":"#0"},"west":{"uv":[0,0,0.5,0],"rotation":180,"texture":"#0"},"up":{"uv":[11.5,8,11,8.5],"texture":"#0"},"down":{"uv":[8.5,11.5,8,11],"texture":"#0"}}},{"from":[3,5.8,15],"to":[4,5.8,16],"rotation":{"angle":0,"axis":"y","origin":[8,5.9,11]},"faces":{"north":{"uv":[0,0,0.5,0],"rotation":180,"texture":"#0"},"east":{"uv":[0,0,0.5,0],"rotation":180,"texture":"#0"},"south":{"uv":[0,0,0.5,0],"rotation":180,"texture":"#0"},"west":{"uv":[0,0,0.5,0],"rotation":180,"texture":"#0"},"up":{"uv":[11.5,9.5,11,10],"texture":"#0"},"down":{"uv":[10,11.5,9.5,11],"texture":"#0"}}},{"from":[2,5.9,12],"to":[3,5.9,13],"rotation":{"angle":0,"axis":"y","origin":[8,5.9,11]},"faces":{"north":{"uv":[0,0,0.5,0],"rotation":180,"texture":"#0"},"east":{"uv":[0,0,0.5,0],"rotation":180,"texture":"#0"},"south":{"uv":[0,0,0.5,0],"rotation":180,"texture":"#0"},"west":{"uv":[0,0,0.5,0],"rotation":180,"texture":"#0"},"up":{"uv":[11.5,10,11,10.5],"texture":"#0"},"down":{"uv":[10.5,11.5,10,11],"texture":"#0"}}},{"from":[1,5.9,13],"to":[2,5.9,14],"rotation":{"angle":0,"axis":"y","origin":[8,5.9,11]},"faces":{"north":{"uv":[0,0,0.5,0],"rotation":180,"texture":"#0"},"east":{"uv":[0,0,0.5,0],"rotation":180,"texture":"#0"},"south":{"uv":[0,0,0.5,0],"rotation":180,"texture":"#0"},"west":{"uv":[0,0,0.5,0],"rotation":180,"texture":"#0"},"up":{"uv":[11.5,10.5,11,11],"texture":"#0"},"down":{"uv":[11,11.5,10.5,11],"texture":"#0"}}},{"from":[1,5.9,14],"to":[2,5.9,15],"rotation":{"angle":0,"axis":"y","origin":[8,5.9,11]},"faces":{"north":{"uv":[0,0,0.5,0],"rotation":180,"texture":"#0"},"east":{"uv":[0,0,0.5,0],"rotation":180,"texture":"#0"},"south":{"uv":[0,0,0.5,0],"rotation":180,"texture":"#0"},"west":{"uv":[0,0,0.5,0],"rotation":180,"texture":"#0"},"up":{"uv":[0.5,11.5,0,12],"texture":"#0"},"down":{"uv":[11.5,11.5,11,11],"texture":"#0"}}},{"from":[1,5.9,15],"to":[2,5.9,16],"rotation":{"angle":0,"axis":"y","origin":[8,5.9,11]},"faces":{"north":{"uv":[0,0,0.5,0],"rotation":180,"texture":"#0"},"east":{"uv":[0,0,0.5,0],"rotation":180,"texture":"#0"},"south":{"uv":[0,0,0.5,0],"rotation":180,"texture":"#0"},"west":{"uv":[0,0,0.5,0],"rotation":180,"texture":"#0"},"up":{"uv":[1,11.5,0.5,12],"texture":"#0"},"down":{"uv":[12,0.5,11.5,0],"texture":"#0"}}},{"from":[1,5.9,16],"to":[2,5.9,17],"rotation":{"angle":0,"axis":"y","origin":[8,5.9,11]},"faces":{"north":{"uv":[0,0,0.5,0],"rotation":180,"texture":"#0"},"east":{"uv":[0,0,0.5,0],"rotation":180,"texture":"#0"},"south":{"uv":[0,0,0.5,0],"rotation":180,"texture":"#0"},"west":{"uv":[0,0,0.5,0],"rotation":180,"texture":"#0"},"up":{"uv":[1.5,11.5,1,12],"texture":"#0"},"down":{"uv":[12,1,11.5,0.5],"texture":"#0"}}},{"from":[2,5.9,16],"to":[3,5.9,17],"rotation":{"angle":0,"axis":"y","origin":[8,5.9,11]},"faces":{"north":{"uv":[0,0,0.5,0],"rotation":180,"texture":"#0"},"east":{"uv":[0,0,0.5,0],"rotation":180,"texture":"#0"},"south":{"uv":[0,0,0.5,0],"rotation":180,"texture":"#0"},"west":{"uv":[0,0,0.5,0],"rotation":180,"texture":"#0"},"up":{"uv":[2,11.5,1.5,12],"texture":"#0"},"down":{"uv":[12,1.5,11.5,1],"texture":"#0"}}},{"from":[2,5.9,17],"to":[3,5.9,18],"rotation":{"angle":0,"axis":"y","origin":[8,5.9,11]},"faces":{"north":{"uv":[0,0,0.5,0],"rotation":180,"texture":"#0"},"east":{"uv":[0,0,0.5,0],"rotation":180,"texture":"#0"},"south":{"uv":[0,0,0.5,0],"rotation":180,"texture":"#0"},"west":{"uv":[0,0,0.5,0],"rotation":180,"texture":"#0"},"up":{"uv":[2.5,11.5,2,12],"texture":"#0"},"down":{"uv":[12,2,11.5,1.5],"texture":"#0"}}},{"from":[4,5.8,14],"to":[5,5.8,15],"rotation":{"angle":0,"axis":"y","origin":[8,5.9,11]},"faces":{"north":{"uv":[0,0,0.5,0],"rotation":180,"texture":"#0"},"east":{"uv":[0,0,0.5,0],"rotation":180,"texture":"#0"},"south":{"uv":[0,0,0.5,0],"rotation":180,"texture":"#0"},"west":{"uv":[0,0,0.5,0],"rotation":180,"texture":"#0"},"up":{"uv":[3.5,11.5,3,12],"texture":"#0"},"down":{"uv":[12,3,11.5,2.5],"texture":"#0"}}},{"from":[5,5.8,14],"to":[6,5.8,15],"rotation":{"angle":0,"axis":"y","origin":[8,5.9,11]},"faces":{"north":{"uv":[0,0,0.5,0],"rotation":180,"texture":"#0"},"east":{"uv":[0,0,0.5,0],"rotation":180,"texture":"#0"},"south":{"uv":[0,0,0.5,0],"rotation":180,"texture":"#0"},"west":{"uv":[0,0,0.5,0],"rotation":180,"texture":"#0"},"up":{"uv":[4,11.5,3.5,12],"texture":"#0"},"down":{"uv":[12,3.5,11.5,3],"texture":"#0"}}},{"from":[3,5.9,17],"to":[4,5.9,18],"rotation":{"angle":0,"axis":"y","origin":[8,5.9,11]},"faces":{"north":{"uv":[0,0,0.5,0],"rotation":180,"texture":"#0"},"east":{"uv":[0,0,0.5,0],"rotation":180,"texture":"#0"},"south":{"uv":[0,0,0.5,0],"rotation":180,"texture":"#0"},"west":{"uv":[0,0,0.5,0],"rotation":180,"texture":"#0"},"up":{"uv":[5,11.5,4.5,12],"texture":"#0"},"down":{"uv":[12,4.5,11.5,4],"texture":"#0"}}},{"from":[4,5.9,17],"to":[5,5.9,18],"rotation":{"angle":0,"axis":"y","origin":[8,5.9,11]},"faces":{"north":{"uv":[0,0,0.5,0],"rotation":180,"texture":"#0"},"east":{"uv":[0,0,0.5,0],"rotation":180,"texture":"#0"},"south":{"uv":[0,0,0.5,0],"rotation":180,"texture":"#0"},"west":{"uv":[0,0,0.5,0],"rotation":180,"texture":"#0"},"up":{"uv":[5.5,11.5,5,12],"texture":"#0"},"down":{"uv":[12,5,11.5,4.5],"texture":"#0"}}},{"from":[5,5.9,16],"to":[6,5.9,17],"rotation":{"angle":0,"axis":"y","origin":[8,5.9,11]},"faces":{"north":{"uv":[0,0,0.5,0],"rotation":180,"texture":"#0"},"east":{"uv":[0,0,0.5,0],"rotation":180,"texture":"#0"},"south":{"uv":[0,0,0.5,0],"rotation":180,"texture":"#0"},"west":{"uv":[0,0,0.5,0],"rotation":180,"texture":"#0"},"up":{"uv":[7,11.5,6.5,12],"texture":"#0"},"down":{"uv":[12,6.5,11.5,6],"texture":"#0"}}},{"from":[6,5.9,16],"to":[7,5.9,17],"rotation":{"angle":0,"axis":"y","origin":[8,5.9,11]},"faces":{"north":{"uv":[0,0,0.5,0],"rotation":180,"texture":"#0"},"east":{"uv":[0,0,0.5,0],"rotation":180,"texture":"#0"},"south":{"uv":[0,0,0.5,0],"rotation":180,"texture":"#0"},"west":{"uv":[0,0,0.5,0],"rotation":180,"texture":"#0"},"up":{"uv":[7.5,11.5,7,12],"texture":"#0"},"down":{"uv":[12,7,11.5,6.5],"texture":"#0"}}},{"from":[9,5.8,15],"to":[10,5.8,16],"rotation":{"angle":0,"axis":"y","origin":[8,5.9,11]},"faces":{"north":{"uv":[0,0,0.5,0],"rotation":180,"texture":"#0"},"east":{"uv":[0,0,0.5,0],"rotation":180,"texture":"#0"},"south":{"uv":[0,0,0.5,0],"rotation":180,"texture":"#0"},"west":{"uv":[0,0,0.5,0],"rotation":180,"texture":"#0"},"up":{"uv":[12.5,10.5,12,11],"texture":"#0"},"down":{"uv":[11,12.5,10.5,12],"texture":"#0"}}},{"from":[8,5.8,16],"to":[9,5.8,17],"rotation":{"angle":0,"axis":"y","origin":[8,5.9,11]},"faces":{"north":{"uv":[0,0,0.5,0],"rotation":180,"texture":"#0"},"east":{"uv":[0,0,0.5,0],"rotation":180,"texture":"#0"},"south":{"uv":[0,0,0.5,0],"rotation":180,"texture":"#0"},"west":{"uv":[0,0,0.5,0],"rotation":180,"texture":"#0"},"up":{"uv":[12.5,11,12,11.5],"texture":"#0"},"down":{"uv":[11.5,12.5,11,12],"texture":"#0"}}},{"from":[8,5.8,17],"to":[9,5.8,18],"rotation":{"angle":0,"axis":"y","origin":[8,5.9,11]},"faces":{"north":{"uv":[0,0,0.5,0],"rotation":180,"texture":"#0"},"east":{"uv":[0,0,0.5,0],"rotation":180,"texture":"#0"},"south":{"uv":[0,0,0.5,0],"rotation":180,"texture":"#0"},"west":{"uv":[0,0,0.5,0],"rotation":180,"texture":"#0"},"up":{"uv":[12.5,11.5,12,12],"texture":"#0"},"down":{"uv":[12,12.5,11.5,12],"texture":"#0"}}},{"from":[6,5.8,19],"to":[7,5.8,20],"rotation":{"angle":0,"axis":"y","origin":[8,5.9,11]},"faces":{"north":{"uv":[0,0,0.5,0],"rotation":180,"texture":"#0"},"east":{"uv":[0,0,0.5,0],"rotation":180,"texture":"#0"},"south":{"uv":[0,0,0.5,0],"rotation":180,"texture":"#0"},"west":{"uv":[0,0,0.5,0],"rotation":180,"texture":"#0"},"up":{"uv":[0.5,12.5,0,13],"texture":"#0"},"down":{"uv":[12.5,12.5,12,12],"texture":"#0"}}},{"from":[7,5.8,18],"to":[8,5.8,19],"rotation":{"angle":0,"axis":"y","origin":[8,5.9,11]},"faces":{"north":{"uv":[0,0,0.5,0],"rotation":180,"texture":"#0"},"east":{"uv":[0,0,0.5,0],"rotation":180,"texture":"#0"},"south":{"uv":[0,0,0.5,0],"rotation":180,"texture":"#0"},"west":{"uv":[0,0,0.5,0],"rotation":180,"texture":"#0"},"up":{"uv":[1,12.5,0.5,13],"texture":"#0"},"down":{"uv":[13,0.5,12.5,0],"texture":"#0"}}},{"from":[10,5.8,17],"to":[11,5.8,18],"rotation":{"angle":0,"axis":"y","origin":[8,5.9,11]},"faces":{"north":{"uv":[0,0,0.5,0],"rotation":180,"texture":"#0"},"east":{"uv":[0,0,0.5,0],"rotation":180,"texture":"#0"},"south":{"uv":[0,0,0.5,0],"rotation":180,"texture":"#0"},"west":{"uv":[0,0,0.5,0],"rotation":180,"texture":"#0"},"up":{"uv":[1.5,12.5,1,13],"texture":"#0"},"down":{"uv":[13,1,12.5,0.5],"texture":"#0"}}},{"from":[6,5.8,18],"to":[7,5.8,19],"rotation":{"angle":0,"axis":"y","origin":[8,5.9,11]},"faces":{"north":{"uv":[0,0,0.5,0],"rotation":180,"texture":"#0"},"east":{"uv":[0,0,0.5,0],"rotation":180,"texture":"#0"},"south":{"uv":[0,0,0.5,0],"rotation":180,"texture":"#0"},"west":{"uv":[0,0,0.5,0],"rotation":180,"texture":"#0"},"up":{"uv":[2,12.5,1.5,13],"texture":"#0"},"down":{"uv":[13,1.5,12.5,1],"texture":"#0"}}},{"from":[10,5.8,16],"to":[11,5.8,17],"rotation":{"angle":0,"axis":"y","origin":[8,5.9,11]},"faces":{"north":{"uv":[0,0,0.5,0],"rotation":180,"texture":"#0"},"east":{"uv":[0,0,0.5,0],"rotation":180,"texture":"#0"},"south":{"uv":[0,0,0.5,0],"rotation":180,"texture":"#0"},"west":{"uv":[0,0,0.5,0],"rotation":180,"texture":"#0"},"up":{"uv":[2.5,12.5,2,13],"texture":"#0"},"down":{"uv":[13,2,12.5,1.5],"texture":"#0"}}},{"from":[10,5.8,18],"to":[11,5.8,19],"rotation":{"angle":0,"axis":"y","origin":[8,5.9,11]},"faces":{"north":{"uv":[0,0,0.5,0],"rotation":180,"texture":"#0"},"east":{"uv":[0,0,0.5,0],"rotation":180,"texture":"#0"},"south":{"uv":[0,0,0.5,0],"rotation":180,"texture":"#0"},"west":{"uv":[0,0,0.5,0],"rotation":180,"texture":"#0"},"up":{"uv":[3,12.5,2.5,13],"texture":"#0"},"down":{"uv":[13,2.5,12.5,2],"texture":"#0"}}},{"from":[11,5.8,17],"to":[12,5.8,18],"rotation":{"angle":0,"axis":"y","origin":[8,5.9,11]},"faces":{"north":{"uv":[0,0,0.5,0],"rotation":180,"texture":"#0"},"east":{"uv":[0,0,0.5,0],"rotation":180,"texture":"#0"},"south":{"uv":[0,0,0.5,0],"rotation":180,"texture":"#0"},"west":{"uv":[0,0,0.5,0],"rotation":180,"texture":"#0"},"up":{"uv":[3.5,12.5,3,13],"texture":"#0"},"down":{"uv":[13,3,12.5,2.5],"texture":"#0"}}},{"from":[13,5.8,18],"to":[14,5.8,19],"rotation":{"angle":0,"axis":"y","origin":[8,5.9,11]},"faces":{"north":{"uv":[0,0,0.5,0],"rotation":180,"texture":"#0"},"east":{"uv":[0,0,0.5,0],"rotation":180,"texture":"#0"},"south":{"uv":[0,0,0.5,0],"rotation":180,"texture":"#0"},"west":{"uv":[0,0,0.5,0],"rotation":180,"texture":"#0"},"up":{"uv":[6,12.5,5.5,13],"texture":"#0"},"down":{"uv":[13,5.5,12.5,5],"texture":"#0"}}},{"from":[13,5.8,19],"to":[14,5.8,20],"rotation":{"angle":0,"axis":"y","origin":[8,5.9,11]},"faces":{"north":{"uv":[0,0,0.5,0],"rotation":180,"texture":"#0"},"east":{"uv":[0,0,0.5,0],"rotation":180,"texture":"#0"},"south":{"uv":[0,0,0.5,0],"rotation":180,"texture":"#0"},"west":{"uv":[0,0,0.5,0],"rotation":180,"texture":"#0"},"up":{"uv":[6.5,12.5,6,13],"texture":"#0"},"down":{"uv":[13,6,12.5,5.5],"texture":"#0"}}},{"from":[13,5.8,20],"to":[14,5.8,21],"rotation":{"angle":0,"axis":"y","origin":[8,5.9,11]},"faces":{"north":{"uv":[0,0,0.5,0],"rotation":180,"texture":"#0"},"east":{"uv":[0,0,0.5,0],"rotation":180,"texture":"#0"},"south":{"uv":[0,0,0.5,0],"rotation":180,"texture":"#0"},"west":{"uv":[0,0,0.5,0],"rotation":180,"texture":"#0"},"up":{"uv":[7,12.5,6.5,13],"texture":"#0"},"down":{"uv":[13,6.5,12.5,6],"texture":"#0"}}},{"from":[13,5.8,21],"to":[14,5.8,22],"rotation":{"angle":0,"axis":"y","origin":[8,5.9,11]},"faces":{"north":{"uv":[0,0,0.5,0],"rotation":180,"texture":"#0"},"east":{"uv":[0,0,0.5,0],"rotation":180,"texture":"#0"},"south":{"uv":[0,0,0.5,0],"rotation":180,"texture":"#0"},"west":{"uv":[0,0,0.5,0],"rotation":180,"texture":"#0"},"up":{"uv":[7.5,12.5,7,13],"texture":"#0"},"down":{"uv":[13,7,12.5,6.5],"texture":"#0"}}},{"from":[12,5.8,19],"to":[13,5.8,20],"rotation":{"angle":0,"axis":"y","origin":[8,5.9,11]},"faces":{"north":{"uv":[0,0,0.5,0],"rotation":180,"texture":"#0"},"east":{"uv":[0,0,0.5,0],"rotation":180,"texture":"#0"},"south":{"uv":[0,0,0.5,0],"rotation":180,"texture":"#0"},"west":{"uv":[0,0,0.5,0],"rotation":180,"texture":"#0"},"up":{"uv":[8,12.5,7.5,13],"texture":"#0"},"down":{"uv":[13,7.5,12.5,7],"texture":"#0"}}},{"from":[11,5.8,20],"to":[12,5.8,21],"rotation":{"angle":0,"axis":"y","origin":[8,5.9,11]},"faces":{"north":{"uv":[0,0,0.5,0],"rotation":180,"texture":"#0"},"east":{"uv":[0,0,0.5,0],"rotation":180,"texture":"#0"},"south":{"uv":[0,0,0.5,0],"rotation":180,"texture":"#0"},"west":{"uv":[0,0,0.5,0],"rotation":180,"texture":"#0"},"up":{"uv":[8.5,12.5,8,13],"texture":"#0"},"down":{"uv":[13,8,12.5,7.5],"texture":"#0"}}},{"from":[10,5.8,20],"to":[11,5.8,21],"rotation":{"angle":0,"axis":"y","origin":[8,5.9,11]},"faces":{"north":{"uv":[0,0,0.5,0],"rotation":180,"texture":"#0"},"east":{"uv":[0,0,0.5,0],"rotation":180,"texture":"#0"},"south":{"uv":[0,0,0.5,0],"rotation":180,"texture":"#0"},"west":{"uv":[0,0,0.5,0],"rotation":180,"texture":"#0"},"up":{"uv":[9,12.5,8.5,13],"texture":"#0"},"down":{"uv":[13,8.5,12.5,8],"texture":"#0"}}},{"from":[9,5.8,19],"to":[10,5.8,20],"rotation":{"angle":0,"axis":"y","origin":[8,5.9,11]},"faces":{"north":{"uv":[0,0,0.5,0],"rotation":180,"texture":"#0"},"east":{"uv":[0,0,0.5,0],"rotation":180,"texture":"#0"},"south":{"uv":[0,0,0.5,0],"rotation":180,"texture":"#0"},"west":{"uv":[0,0,0.5,0],"rotation":180,"texture":"#0"},"up":{"uv":[9.5,12.5,9,13],"texture":"#0"},"down":{"uv":[13,9,12.5,8.5],"texture":"#0"}}},{"from":[8,5.8,20],"to":[9,5.8,21],"rotation":{"angle":0,"axis":"y","origin":[8,5.9,11]},"faces":{"north":{"uv":[0,0,0.5,0],"rotation":180,"texture":"#0"},"east":{"uv":[0,0,0.5,0],"rotation":180,"texture":"#0"},"south":{"uv":[0,0,0.5,0],"rotation":180,"texture":"#0"},"west":{"uv":[0,0,0.5,0],"rotation":180,"texture":"#0"},"up":{"uv":[10,12.5,9.5,13],"texture":"#0"},"down":{"uv":[13,9.5,12.5,9],"texture":"#0"}}},{"from":[7,5.8,20],"to":[8,5.8,21],"rotation":{"angle":0,"axis":"y","origin":[8,5.9,11]},"faces":{"north":{"uv":[0,0,0.5,0],"rotation":180,"texture":"#0"},"east":{"uv":[0,0,0.5,0],"rotation":180,"texture":"#0"},"south":{"uv":[0,0,0.5,0],"rotation":180,"texture":"#0"},"west":{"uv":[0,0,0.5,0],"rotation":180,"texture":"#0"},"up":{"uv":[10.5,12.5,10,13],"texture":"#0"},"down":{"uv":[13,10,12.5,9.5],"texture":"#0"}}},{"from":[8,5.8,21],"to":[9,5.8,22],"rotation":{"angle":0,"axis":"y","origin":[8,5.9,11]},"faces":{"north":{"uv":[0,0,0.5,0],"rotation":180,"texture":"#0"},"east":{"uv":[0,0,0.5,0],"rotation":180,"texture":"#0"},"south":{"uv":[0,0,0.5,0],"rotation":180,"texture":"#0"},"west":{"uv":[0,0,0.5,0],"rotation":180,"texture":"#0"},"up":{"uv":[11,12.5,10.5,13],"texture":"#0"},"down":{"uv":[13,10.5,12.5,10],"texture":"#0"}}},{"from":[9,5.8,21],"to":[10,5.8,22],"rotation":{"angle":0,"axis":"y","origin":[8,5.9,11]},"faces":{"north":{"uv":[0,0,0.5,0],"rotation":180,"texture":"#0"},"east":{"uv":[0,0,0.5,0],"rotation":180,"texture":"#0"},"south":{"uv":[0,0,0.5,0],"rotation":180,"texture":"#0"},"west":{"uv":[0,0,0.5,0],"rotation":180,"texture":"#0"},"up":{"uv":[11.5,12.5,11,13],"texture":"#0"},"down":{"uv":[13,11,12.5,10.5],"texture":"#0"}}},{"from":[10,5.8,22],"to":[11,5.8,23],"rotation":{"angle":0,"axis":"y","origin":[8,5.9,11]},"faces":{"north":{"uv":[0,0,0.5,0],"rotation":180,"texture":"#0"},"east":{"uv":[0,0,0.5,0],"rotation":180,"texture":"#0"},"south":{"uv":[0,0,0.5,0],"rotation":180,"texture":"#0"},"west":{"uv":[0,0,0.5,0],"rotation":180,"texture":"#0"},"up":{"uv":[12,12.5,11.5,13],"texture":"#0"},"down":{"uv":[13,11.5,12.5,11],"texture":"#0"}}},{"from":[11,5.8,22],"to":[12,5.8,23],"rotation":{"angle":0,"axis":"y","origin":[8,5.9,11]},"faces":{"north":{"uv":[0,0,0.5,0],"rotation":180,"texture":"#0"},"east":{"uv":[0,0,0.5,0],"rotation":180,"texture":"#0"},"south":{"uv":[0,0,0.5,0],"rotation":180,"texture":"#0"},"west":{"uv":[0,0,0.5,0],"rotation":180,"texture":"#0"},"up":{"uv":[12.5,12.5,12,13],"texture":"#0"},"down":{"uv":[13,12,12.5,11.5],"texture":"#0"}}},{"from":[12,5.8,22],"to":[13,5.8,23],"rotation":{"angle":0,"axis":"y","origin":[8,5.9,11]},"faces":{"north":{"uv":[0,0,0.5,0],"rotation":180,"texture":"#0"},"east":{"uv":[0,0,0.5,0],"rotation":180,"texture":"#0"},"south":{"uv":[0,0,0.5,0],"rotation":180,"texture":"#0"},"west":{"uv":[0,0,0.5,0],"rotation":180,"texture":"#0"},"up":{"uv":[13,12.5,12.5,13],"texture":"#0"},"down":{"uv":[13,12.5,12.5,12],"texture":"#0"}}},{"from":[3,5.9,12],"to":[4,5.9,13],"rotation":{"angle":0,"axis":"y","origin":[8,5.9,11]},"faces":{"north":{"uv":[0,0,0.5,0],"rotation":180,"texture":"#0"},"east":{"uv":[0,0,0.5,0],"rotation":180,"texture":"#0"},"south":{"uv":[0,0,0.5,0],"rotation":180,"texture":"#0"},"west":{"uv":[0,0,0.5,0],"rotation":180,"texture":"#0"},"up":{"uv":[3,11.5,2.5,12],"texture":"#0"},"down":{"uv":[12,2.5,11.5,2],"texture":"#0"}}},{"from":[4,5.8,11],"to":[5,5.8,12],"rotation":{"angle":0,"axis":"y","origin":[8,5.9,11]},"faces":{"north":{"uv":[0,0,0.5,0],"rotation":180,"texture":"#0"},"east":{"uv":[0,0,0.5,0],"rotation":180,"texture":"#0"},"south":{"uv":[0,0,0.5,0],"rotation":180,"texture":"#0"},"west":{"uv":[0,0,0.5,0],"rotation":180,"texture":"#0"},"up":{"uv":[11.5,9,11,9.5],"texture":"#0"},"down":{"uv":[9.5,11.5,9,11],"texture":"#0"}}},{"from":[5,5.8,11],"to":[6,5.8,12],"rotation":{"angle":0,"axis":"y","origin":[8,5.9,11]},"faces":{"north":{"uv":[0,0,0.5,0],"rotation":180,"texture":"#0"},"east":{"uv":[0,0,0.5,0],"rotation":180,"texture":"#0"},"south":{"uv":[0,0,0.5,0],"rotation":180,"texture":"#0"},"west":{"uv":[0,0,0.5,0],"rotation":180,"texture":"#0"},"up":{"uv":[11.5,8.5,11,9],"texture":"#0"},"down":{"uv":[9,11.5,8.5,11],"texture":"#0"}}},{"from":[5,5.8,12],"to":[6,5.8,13],"rotation":{"angle":0,"axis":"y","origin":[8,5.9,11]},"faces":{"north":{"uv":[0,0,0.5,0],"rotation":180,"texture":"#0"},"east":{"uv":[0,0,0.5,0],"rotation":180,"texture":"#0"},"south":{"uv":[0,0,0.5,0],"rotation":180,"texture":"#0"},"west":{"uv":[0,0,0.5,0],"rotation":180,"texture":"#0"},"up":{"uv":[6.5,11.5,6,12],"texture":"#0"},"down":{"uv":[12,6,11.5,5.5],"texture":"#0"}}},{"from":[5,5.8,13],"to":[6,5.8,14],"rotation":{"angle":0,"axis":"y","origin":[8,5.9,11]},"faces":{"north":{"uv":[0,0,0.5,0],"rotation":180,"texture":"#0"},"east":{"uv":[0,0,0.5,0],"rotation":180,"texture":"#0"},"south":{"uv":[0,0,0.5,0],"rotation":180,"texture":"#0"},"west":{"uv":[0,0,0.5,0],"rotation":180,"texture":"#0"},"up":{"uv":[4.5,11.5,4,12],"texture":"#0"},"down":{"uv":[12,4,11.5,3.5],"texture":"#0"}}},{"from":[6,5.8,13],"to":[7,5.8,14],"rotation":{"angle":0,"axis":"y","origin":[8,5.9,11]},"faces":{"north":{"uv":[0,0,0.5,0],"rotation":180,"texture":"#0"},"east":{"uv":[0,0,0.5,0],"rotation":180,"texture":"#0"},"south":{"uv":[0,0,0.5,0],"rotation":180,"texture":"#0"},"west":{"uv":[0,0,0.5,0],"rotation":180,"texture":"#0"},"up":{"uv":[11.5,7.5,11,8],"texture":"#0"},"down":{"uv":[8,11.5,7.5,11],"texture":"#0"}}},{"from":[8,5.8,14],"to":[9,5.8,15],"rotation":{"angle":0,"axis":"y","origin":[8,5.9,11]},"faces":{"north":{"uv":[0,0,0.5,0],"rotation":180,"texture":"#0"},"east":{"uv":[0,0,0.5,0],"rotation":180,"texture":"#0"},"south":{"uv":[0,0,0.5,0],"rotation":180,"texture":"#0"},"west":{"uv":[0,0,0.5,0],"rotation":180,"texture":"#0"},"up":{"uv":[11.5,6.5,11,7],"texture":"#0"},"down":{"uv":[7,11.5,6.5,11],"texture":"#0"}}},{"from":[7,5.8,14],"to":[8,5.8,15],"rotation":{"angle":0,"axis":"y","origin":[8,5.9,11]},"faces":{"north":{"uv":[0,0,0.5,0],"rotation":180,"texture":"#0"},"east":{"uv":[0,0,0.5,0],"rotation":180,"texture":"#0"},"south":{"uv":[0,0,0.5,0],"rotation":180,"texture":"#0"},"west":{"uv":[0,0,0.5,0],"rotation":180,"texture":"#0"},"up":{"uv":[11.5,7,11,7.5],"texture":"#0"},"down":{"uv":[7.5,11.5,7,11],"texture":"#0"}}},{"from":[8,5.8,13],"to":[9,5.8,14],"rotation":{"angle":0,"axis":"y","origin":[8,5.9,11]},"faces":{"north":{"uv":[0,0,0.5,0],"rotation":180,"texture":"#0"},"east":{"uv":[0,0,0.5,0],"rotation":180,"texture":"#0"},"south":{"uv":[0,0,0.5,0],"rotation":180,"texture":"#0"},"west":{"uv":[0,0,0.5,0],"rotation":180,"texture":"#0"},"up":{"uv":[11.5,6,11,6.5],"texture":"#0"},"down":{"uv":[6.5,11.5,6,11],"texture":"#0"}}},{"from":[7,5.8,12],"to":[8,5.8,13],"rotation":{"angle":0,"axis":"y","origin":[8,5.9,11]},"faces":{"north":{"uv":[0,0,0.5,0],"rotation":180,"texture":"#0"},"east":{"uv":[0,0,0.5,0],"rotation":180,"texture":"#0"},"south":{"uv":[0,0,0.5,0],"rotation":180,"texture":"#0"},"west":{"uv":[0,0,0.5,0],"rotation":180,"texture":"#0"},"up":{"uv":[11.5,5.5,11,6],"texture":"#0"},"down":{"uv":[6,11.5,5.5,11],"texture":"#0"}}},{"from":[8,5.8,11],"to":[9,5.8,12],"rotation":{"angle":0,"axis":"y","origin":[8,5.9,11]},"faces":{"north":{"uv":[0,0,0.5,0],"rotation":180,"texture":"#0"},"east":{"uv":[0,0,0.5,0],"rotation":180,"texture":"#0"},"south":{"uv":[0,0,0.5,0],"rotation":180,"texture":"#0"},"west":{"uv":[0,0,0.5,0],"rotation":180,"texture":"#0"},"up":{"uv":[11.5,5,11,5.5],"texture":"#0"},"down":{"uv":[5.5,11.5,5,11],"texture":"#0"}}},{"from":[9,5.8,12],"to":[10,5.8,13],"rotation":{"angle":0,"axis":"y","origin":[8,5.9,11]},"faces":{"north":{"uv":[0,0,0.5,0],"rotation":180,"texture":"#0"},"east":{"uv":[0,0,0.5,0],"rotation":180,"texture":"#0"},"south":{"uv":[0,0,0.5,0],"rotation":180,"texture":"#0"},"west":{"uv":[0,0,0.5,0],"rotation":180,"texture":"#0"},"up":{"uv":[6,11.5,5.5,12],"texture":"#0"},"down":{"uv":[12,5.5,11.5,5],"texture":"#0"}}},{"from":[10,5.8,14],"to":[11,5.8,15],"rotation":{"angle":0,"axis":"y","origin":[8,5.9,11]},"faces":{"north":{"uv":[0,0,0.5,0],"rotation":180,"texture":"#0"},"east":{"uv":[0,0,0.5,0],"rotation":180,"texture":"#0"},"south":{"uv":[0,0,0.5,0],"rotation":180,"texture":"#0"},"west":{"uv":[0,0,0.5,0],"rotation":180,"texture":"#0"},"up":{"uv":[12.5,10,12,10.5],"texture":"#0"},"down":{"uv":[10.5,12.5,10,12],"texture":"#0"}}},{"from":[11,5.8,13],"to":[12,5.8,14],"rotation":{"angle":0,"axis":"y","origin":[8,5.9,11]},"faces":{"north":{"uv":[0,0,0.5,0],"rotation":180,"texture":"#0"},"east":{"uv":[0,0,0.5,0],"rotation":180,"texture":"#0"},"south":{"uv":[0,0,0.5,0],"rotation":180,"texture":"#0"},"west":{"uv":[0,0,0.5,0],"rotation":180,"texture":"#0"},"up":{"uv":[12.5,9.5,12,10],"texture":"#0"},"down":{"uv":[10,12.5,9.5,12],"texture":"#0"}}},{"from":[12,5.8,15],"to":[13,5.8,16],"rotation":{"angle":0,"axis":"y","origin":[8,5.9,11]},"faces":{"north":{"uv":[0,0,0.5,0],"rotation":180,"texture":"#0"},"east":{"uv":[0,0,0.5,0],"rotation":180,"texture":"#0"},"south":{"uv":[0,0,0.5,0],"rotation":180,"texture":"#0"},"west":{"uv":[0,0,0.5,0],"rotation":180,"texture":"#0"},"up":{"uv":[4.5,12.5,4,13],"texture":"#0"},"down":{"uv":[13,4,12.5,3.5],"texture":"#0"}}},{"from":[12,5.8,14],"to":[13,5.8,15],"rotation":{"angle":0,"axis":"y","origin":[8,5.9,11]},"faces":{"north":{"uv":[0,0,0.5,0],"rotation":180,"texture":"#0"},"east":{"uv":[0,0,0.5,0],"rotation":180,"texture":"#0"},"south":{"uv":[0,0,0.5,0],"rotation":180,"texture":"#0"},"west":{"uv":[0,0,0.5,0],"rotation":180,"texture":"#0"},"up":{"uv":[5,12.5,4.5,13],"texture":"#0"},"down":{"uv":[13,4.5,12.5,4],"texture":"#0"}}},{"from":[12,5.8,16],"to":[13,5.8,17],"rotation":{"angle":0,"axis":"y","origin":[8,5.9,11]},"faces":{"north":{"uv":[0,0,0.5,0],"rotation":180,"texture":"#0"},"east":{"uv":[0,0,0.5,0],"rotation":180,"texture":"#0"},"south":{"uv":[0,0,0.5,0],"rotation":180,"texture":"#0"},"west":{"uv":[0,0,0.5,0],"rotation":180,"texture":"#0"},"up":{"uv":[4,12.5,3.5,13],"texture":"#0"},"down":{"uv":[13,3.5,12.5,3],"texture":"#0"}}},{"from":[13,5.8,17],"to":[14,5.8,18],"rotation":{"angle":0,"axis":"y","origin":[8,5.9,11]},"faces":{"north":{"uv":[0,0,0.5,0],"rotation":180,"texture":"#0"},"east":{"uv":[0,0,0.5,0],"rotation":180,"texture":"#0"},"south":{"uv":[0,0,0.5,0],"rotation":180,"texture":"#0"},"west":{"uv":[0,0,0.5,0],"rotation":180,"texture":"#0"},"up":{"uv":[5.5,12.5,5,13],"texture":"#0"},"down":{"uv":[13,5,12.5,4.5],"texture":"#0"}}}]}