{"parent":"minecraft:item/handheld","textures":{"layer0":"minecraft:item/diamond_sword"},"overrides":[{"predicate":{"custom_model_data":99},"model":"minecraft:item/midas_sword"},{"predicate":{"custom_model_data":1001},"model":"civilization:item/tools/shadow_blade/normal"},{"predicate":{"custom_model_data":1444},"model":"civilization:item/tools/emerald_sword"},{"predicate":{"custom_model_data":2017},"model":"civilization:item/tools/excalibur_sword/normal"},{"predicate":{"custom_model_data":2024},"model":"minecraft:item/dragon_katana"},{"predicate":{"custom_model_data":2500},"model":"minecraft:item/whip"}]}