{"display":{"thirdperson_righthand":{"rotation":[75,45,0],"translation":[0,2.5,0],"scale":[1,1,1]},"thirdperson_lefthand":{"rotation":[75,45,0],"translation":[0,2.5,0],"scale":[1,1,1]},"firstperson_righthand":{"rotation":[0,45,0],"scale":[0.7,0.7,0.7]},"firstperson_lefthand":{"rotation":[0,225,0],"scale":[0.7,0.7,0.7]},"ground":{"translation":[0,3,0],"scale":[0.25,0.25,0.25]},"gui":{"rotation":[30,225,0],"scale":[0.625,0.625,0.625]},"head":{"translation":[0,14,0.25]},"fixed":{"scale":[0.5,0.5,0.5]}},"texture_size":[32,32],"textures":{"1":"item/gold_trophy","particle":"item/particle_gold_trophy"},"elements":[{"from":[5,0,5],"to":[11,2,11],"faces":{"north":{"uv":[9,9,12,10],"texture":"#1"},"east":{"uv":[9,9,12,10],"texture":"#1"},"south":{"uv":[9,9,12,10],"texture":"#1"},"west":{"uv":[9,9,12,10],"texture":"#1"},"up":{"uv":[7,11,4,8],"texture":"#1"},"down":{"uv":[14,9,13,10],"texture":"#1"}}},{"from":[7,2,7],"to":[9,5,9],"faces":{"north":{"uv":[11,7,12,8.5],"texture":"#1"},"east":{"uv":[11,7,12,8.5],"texture":"#1"},"south":{"uv":[11,7,12,8.5],"texture":"#1"},"west":{"uv":[11,7,12,8.5],"texture":"#1"},"up":{"uv":[13,10,12,9],"texture":"#1"},"down":{"uv":[12.5,12,11.5,13],"texture":"#1"}}},{"from":[6,5,6],"to":[10,6,10],"faces":{"north":{"uv":[12.5,4,14.5,4.5],"texture":"#1"},"east":{"uv":[12.5,4,14.5,4.5],"texture":"#1"},"south":{"uv":[12.5,4,14.5,4.5],"texture":"#1"},"west":{"uv":[12.5,4,14.5,4.5],"texture":"#1"},"up":{"uv":[9,10,7,8],"texture":"#1"},"down":{"uv":[11,7,9,9],"texture":"#1"}}},{"from":[1,8,7],"to":[4,10,9],"faces":{"north":{"uv":[11.5,11,13,12],"texture":"#1"},"east":{"uv":[12.5,6,13.5,7],"texture":"#1"},"south":{"uv":[13,11,11.5,12],"texture":"#1"},"west":{"uv":[12.5,11,13,12],"texture":"#1"},"up":{"uv":[13.5,1,12,0],"texture":"#1"},"down":{"uv":[13,11.5,11.5,12],"texture":"#1"}}},{"from":[1,10,7],"to":[3,12,9],"faces":{"north":{"uv":[9.5,12.5,10.5,13.5],"texture":"#1"},"east":{"uv":[10.5,12.5,11.5,13.5],"texture":"#1"},"south":{"uv":[10.5,12.5,9.5,13.5],"texture":"#1"},"west":{"uv":[10,12.5,10.5,13.5],"texture":"#1"},"up":{"uv":[2,14,1,13],"texture":"#1"},"down":{"uv":[3,13,2,14],"texture":"#1"}}},{"from":[1,12,7],"to":[4,14,9],"faces":{"north":{"uv":[1.5,12,3,13],"texture":"#1"},"east":{"uv":[3,13,4,14],"texture":"#1"},"south":{"uv":[3,12,1.5,13],"texture":"#1"},"west":{"uv":[2.5,12,3,13],"texture":"#1"},"up":{"uv":[3,12.5,1.5,12],"texture":"#1"},"down":{"uv":[13.5,3,12,4],"texture":"#1"}}},{"from":[13,10,7],"to":[15,12,9],"faces":{"north":{"uv":[5,13,6,14],"texture":"#1"},"east":{"uv":[6,13,7,14],"texture":"#1"},"south":{"uv":[6,13,5,14],"texture":"#1"},"west":{"uv":[13,9,14,10],"texture":"#1"},"up":{"uv":[14,11,13,10],"texture":"#1"},"down":{"uv":[14,11,13,12],"texture":"#1"}}},{"from":[12,8,7],"to":[15,10,9],"faces":{"north":{"uv":[4.5,12,6,13],"texture":"#1"},"east":{"uv":[11.5,13,12.5,14],"texture":"#1"},"south":{"uv":[6,12,4.5,13],"texture":"#1"},"west":{"uv":[12.5,13,13.5,14],"texture":"#1"},"up":{"uv":[13.5,8,12,7],"texture":"#1"},"down":{"uv":[13.5,8,12,9],"texture":"#1"}}},{"from":[12,12,7],"to":[15,14,9],"faces":{"north":{"uv":[11,4,12.5,5],"texture":"#1"},"east":{"uv":[8,7,9,8],"texture":"#1"},"south":{"uv":[11,5,12.5,6],"texture":"#1"},"west":{"uv":[7.5,12,8.5,13],"texture":"#1"},"up":{"uv":[12.5,7,11,6],"texture":"#1"},"down":{"uv":[8.5,11,7,12],"texture":"#1"}}},{"from":[4,6,4],"to":[12,14,6],"faces":{"north":{"uv":[0,0,4,4],"texture":"#1"},"east":{"uv":[5,0,4,4],"texture":"#1"},"south":{"uv":[4,4,8,8],"texture":"#1"},"west":{"uv":[8,0,7,4],"texture":"#1"},"up":{"uv":[8,0,12,1],"texture":"#1"},"down":{"uv":[4,3.5,0,3],"texture":"#1"}}},{"from":[4,6,10],"to":[12,14,12],"faces":{"north":{"uv":[4,4,8,8],"texture":"#1"},"east":{"uv":[4,0,5,4],"texture":"#1"},"south":{"uv":[4,0,8,4],"texture":"#1"},"west":{"uv":[7,0,8,4],"texture":"#1"},"up":{"uv":[8,0,12,1],"rotation":180,"texture":"#1"},"down":{"uv":[4,3,0,3.5],"texture":"#1"}}},{"from":[4,6,6],"to":[6,14,10],"faces":{"north":{"uv":[0,0,1,4],"texture":"#1"},"east":{"uv":[5,4,7,8],"texture":"#1"},"south":{"uv":[0,0,1,4],"texture":"#1"},"west":{"uv":[7,0,5,4],"texture":"#1"},"up":{"uv":[11,1,12,3],"rotation":180,"texture":"#1"},"down":{"uv":[4,3,3,3.5],"texture":"#1"}}},{"from":[10,6,6],"to":[12,14,10],"faces":{"north":{"uv":[0,0,1,4],"texture":"#1"},"east":{"uv":[5,0,7,4],"texture":"#1"},"south":{"uv":[0,0,1,4],"texture":"#1"},"west":{"uv":[5,4,7,8],"texture":"#1"},"up":{"uv":[11,1,12,3],"texture":"#1"},"down":{"uv":[0,3,1,3.5],"rotation":180,"texture":"#1"}}},{"from":[6,6,6],"to":[10,10,10],"faces":{"north":{"uv":[0,0,2,2],"texture":"#1"},"east":{"uv":[0,0,2,2],"texture":"#1"},"south":{"uv":[0,0,2,2],"texture":"#1"},"west":{"uv":[0,0,2,2],"texture":"#1"},"up":{"uv":[5,6,7,8],"texture":"#1"},"down":{"uv":[0,0,2,2],"texture":"#1"}}}]}