{"display":{"thirdperson_righthand":{"rotation":[45,10,0],"translation":[-0.5,6.5,5]},"thirdperson_lefthand":{"rotation":[45,10,0],"translation":[-0.5,6.5,5]},"firstperson_righthand":{"rotation":[5,5,2.5],"translation":[-0.5,3,-2]},"firstperson_lefthand":{"rotation":[5,5,2.5],"translation":[-0.5,3,-2]},"ground":{"translation":[0,5.5,0]},"gui":{"rotation":[35,135,0],"translation":[0,3,0]},"head":{"translation":[0,19.2,0],"scale":[1.6,1.6,1.6]},"fixed":{"rotation":[-90,0,0],"translation":[0,0,-14],"scale":[2,2,2]}},"texture_size":[32,32],"textures":{"0":"item/present","particle":"item/present"},"elements":[{"from":[8,8,6.5],"to":[11,11,9.5],"rotation":{"angle":-22.5,"axis":"z","origin":[8,8,8]},"faces":{"east":{"uv":[4,5.5,5.5,4],"texture":"#0"},"west":{"uv":[4,4,5.5,5.5],"texture":"#0"},"up":{"uv":[4,7,5.5,5.5],"rotation":90,"texture":"#0"},"down":{"uv":[4,4,5.5,5.5],"rotation":180,"texture":"#0"}}},{"from":[5,8,6.5],"to":[8,11,9.5],"rotation":{"angle":22.5,"axis":"z","origin":[8,8,8]},"faces":{"east":{"uv":[4,4,5.5,5.5],"texture":"#0"},"west":{"uv":[4,5.5,5.5,4],"texture":"#0"},"up":{"uv":[4,5.5,5.5,7],"rotation":90,"texture":"#0"},"down":{"uv":[4,4,5.5,5.5],"rotation":180,"texture":"#0"}}},{"from":[8,8,9.5],"to":[11,11,6.5],"rotation":{"angle":-22.5,"axis":"z","origin":[8,8,11]},"faces":{"east":{"uv":[4,5.5,5.5,4],"texture":"#0"},"west":{"uv":[4,4,5.5,5.5],"texture":"#0"},"up":{"uv":[4,7,5.5,5.5],"rotation":90,"texture":"#0"},"down":{"uv":[4,4,5.5,5.5],"rotation":180,"texture":"#0"}}},{"from":[5,8,9.5],"to":[8,11,6.5],"rotation":{"angle":22.5,"axis":"z","origin":[8,8,11]},"faces":{"east":{"uv":[4,4,5.5,5.5],"texture":"#0"},"west":{"uv":[4,5.5,5.5,4],"texture":"#0"},"up":{"uv":[4,5.5,5.5,7],"rotation":90,"texture":"#0"},"down":{"uv":[4,4,5.5,5.5],"rotation":180,"texture":"#0"}}},{"from":[4,0,4],"to":[12,8,12],"rotation":{"angle":0,"axis":"y","origin":[13,8,13]},"faces":{"north":{"uv":[0,4,4,8],"texture":"#0"},"east":{"uv":[0,4,4,8],"texture":"#0"},"south":{"uv":[0,4,4,8],"texture":"#0"},"west":{"uv":[0,4,4,8],"texture":"#0"},"up":{"uv":[0,0,4,4],"rotation":270,"texture":"#0"},"down":{"uv":[4,0,8,4],"texture":"#0"}}}]}