{"display":{"thirdperson_righthand":{"rotation":[61,0,0],"translation":[0.75,-2.25,-1.75],"scale":[0.7,0.7,0.7]},"thirdperson_lefthand":{"rotation":[61,0,0],"translation":[0.75,-2.25,-1.75],"scale":[0.7,0.7,0.7]},"firstperson_righthand":{"translation":[0,1.75,0]},"firstperson_lefthand":{"translation":[0,1.75,0]},"ground":{"rotation":[0,-28,0],"translation":[0,3.5,0],"scale":[0.75,0.75,0.75]},"gui":{"rotation":[21,160,0],"translation":[0,2.25,0]},"head":{"translation":[0,15.25,0]},"fixed":{"translation":[0,4.25,-2.25]}},"textures":{"0":"item/pumpkin_bucket/jack_o_lantern","1":"item/pumpkin_bucket/pumpkin_side","2":"item/pumpkin_bucket/pumpkin_top","3":"item/pumpkin_bucket/knot","particle":"item/pumpkin_bucket/jack_o_lantern"},"elements":[{"from":[4,0,4],"to":[12,8,5],"faces":{"north":{"uv":[0,0,16,16],"texture":"#0"},"east":{"uv":[0,0,1,16],"texture":"#1"},"south":{"uv":[0,0,16,16],"texture":"#1"},"west":{"uv":[0,0,1,16],"texture":"#1"},"up":{"uv":[0,0,16,1],"texture":"#1"},"down":{"uv":[0,15,16,16],"texture":"#1"}}},{"from":[3,0,5],"to":[4,8,13],"faces":{"north":{"uv":[0,0,1,16],"texture":"#1"},"east":{"uv":[0,0,16,16],"texture":"#1"},"south":{"uv":[0,0,1,16],"texture":"#1"},"west":{"uv":[0,0,16,16],"texture":"#1"},"up":{"uv":[0,0,16,1],"rotation":270,"texture":"#1"},"down":{"uv":[0,15,16,16],"rotation":90,"texture":"#1"}}},{"from":[4,0,13],"to":[12,8,14],"faces":{"north":{"uv":[0,0,16,16],"texture":"#1"},"east":{"uv":[0,0,1,16],"texture":"#1"},"south":{"uv":[0,0,16,16],"texture":"#1"},"west":{"uv":[0,0,1,16],"texture":"#1"},"up":{"uv":[0,0,16,1],"rotation":180,"texture":"#1"},"down":{"uv":[0,15,16,16],"rotation":180,"texture":"#1"}}},{"from":[12,0,5],"to":[13,8,13],"faces":{"north":{"uv":[0,0,1,16],"texture":"#1"},"east":{"uv":[0,0,16,16],"texture":"#1"},"south":{"uv":[0,0,1,16],"texture":"#1"},"west":{"uv":[0,0,16,16],"texture":"#1"},"up":{"uv":[0,0,16,1],"rotation":90,"texture":"#1"},"down":{"uv":[0,15,16,16],"rotation":270,"texture":"#1"}}},{"from":[4,-1,5],"to":[12,0,13],"faces":{"north":{"uv":[0,0,1,16],"rotation":270,"texture":"#1"},"east":{"uv":[0,0,16,1],"rotation":180,"texture":"#1"},"south":{"uv":[0,0,1,16],"rotation":90,"texture":"#1"},"west":{"uv":[0,15,16,16],"texture":"#1"},"up":{"uv":[0,0,16,16],"rotation":90,"texture":"#2"},"down":{"uv":[0,0,16,16],"rotation":90,"texture":"#2"}}},{"from":[3,8,8],"to":[4,10,9],"faces":{"north":{"uv":[4,2,5,4],"texture":"#3"},"east":{"uv":[4,2,5,4],"texture":"#3"},"south":{"uv":[4,2,5,4],"texture":"#3"},"west":{"uv":[4,2,5,4],"texture":"#3"},"up":{"uv":[4,3,5,4],"texture":"#3"},"down":{"uv":[4,2,5,4],"texture":"#3"}}},{"from":[4,9,8],"to":[5,11,9],"faces":{"north":{"uv":[4,2,5,4],"texture":"#3"},"east":{"uv":[4,2,5,4],"texture":"#3"},"south":{"uv":[4,2,5,4],"texture":"#3"},"west":{"uv":[4,2,5,4],"texture":"#3"},"up":{"uv":[4,3,5,4],"texture":"#3"},"down":{"uv":[4,3,5,4],"texture":"#3"}}},{"from":[11,9,8],"to":[12,11,9],"faces":{"north":{"uv":[4,2,5,4],"texture":"#3"},"east":{"uv":[4,2,5,4],"texture":"#3"},"south":{"uv":[4,2,5,4],"texture":"#3"},"west":{"uv":[4,2,5,4],"texture":"#3"},"up":{"uv":[4,3,5,4],"rotation":180,"texture":"#3"},"down":{"uv":[4,3,5,4],"rotation":180,"texture":"#3"}}},{"from":[11,11,8],"to":[12,12,9],"faces":{"north":{"uv":[4,3,5,4],"texture":"#3"},"east":{"uv":[4,3,5,4],"texture":"#3"},"south":{"uv":[4,3,5,4],"texture":"#3"},"west":{"uv":[4,3,5,4],"texture":"#3"},"up":{"uv":[4,3,5,4],"texture":"#3"},"down":{"uv":[4,3,5,4],"texture":"#3"}}},{"from":[4,11,8],"to":[5,12,9],"faces":{"north":{"uv":[4,3,5,4],"texture":"#3"},"east":{"uv":[4,3,5,4],"texture":"#3"},"south":{"uv":[4,3,5,4],"texture":"#3"},"west":{"uv":[4,3,5,4],"texture":"#3"},"up":{"uv":[4,3,5,4],"texture":"#3"},"down":{"uv":[4,3,5,4],"texture":"#3"}}},{"from":[5,12,8],"to":[11,13,9],"faces":{"north":{"uv":[4,2,5,8],"rotation":90,"texture":"#3"},"east":{"uv":[4,3,5,4],"rotation":90,"texture":"#3"},"south":{"uv":[4,2,5,8],"rotation":90,"texture":"#3"},"west":{"uv":[4,3,5,4],"rotation":90,"texture":"#3"},"up":{"uv":[4,2,5,8],"rotation":90,"texture":"#3"},"down":{"uv":[4,2,5,8],"rotation":90,"texture":"#3"}}},{"from":[12,8,8],"to":[13,10,9],"faces":{"north":{"uv":[4,2,5,4],"texture":"#3"},"east":{"uv":[4,2,5,4],"texture":"#3"},"south":{"uv":[4,2,5,4],"texture":"#3"},"west":{"uv":[4,2,5,4],"texture":"#3"},"up":{"uv":[4,3,5,4],"rotation":180,"texture":"#3"},"down":{"uv":[4,2,5,4],"rotation":180,"texture":"#3"}}}]}