{"display":{"thirdperson_righthand":{"rotation":[75,45,0],"translation":[0,1.5,1],"scale":[0.375,0.375,0.375]},"thirdperson_lefthand":{"rotation":[75,45,0],"translation":[0,1.5,1],"scale":[0.375,0.375,0.375]},"firstperson_righthand":{"rotation":[0,45,0],"translation":[0,1.5,0],"scale":[0.6,0.6,0.6]},"firstperson_lefthand":{"rotation":[0,225,0],"translation":[0,1.5,0],"scale":[0.6,0.6,0.6]},"ground":{"scale":[0.4,0.4,0.4]},"gui":{"rotation":[-166.34,33.63,166.99],"translation":[-2.75,0.5,0],"scale":[0.92,0.93,0.92]},"head":{"translation":[2.5,7,0],"scale":[1.67539,1.65586,1.81211]},"fixed":{"rotation":[-90.5,0.76,-21.79],"translation":[4.5,0,-6],"scale":[2,1.98,2]}},"texture_size":[64,64],"textures":{"0":"item/santa_hat","particle":"item/santa_hat"},"elements":[{"name":"obrub","from":[3,5,3],"to":[14,7,14],"rotation":{"angle":22.5,"axis":"z","origin":[8,0,8]},"faces":{"north":{"uv":[5.5,5.5,8.25,6],"texture":"#0"},"east":{"uv":[5.5,6,8,6.5],"texture":"#0"},"south":{"uv":[2.75,5.75,5.5,6.25],"texture":"#0"},"west":{"uv":[0,6.25,2.5,6.75],"texture":"#0"},"up":{"uv":[2.75,2.5,0,0],"texture":"#0"},"down":{"uv":[2.75,2.5,0,5],"texture":"#0"}}},{"name":"baza","from":[3.5,7,3.5],"to":[13.5,10,13.5],"rotation":{"angle":22.5,"axis":"z","origin":[8,0,8]},"faces":{"north":{"uv":[5.5,1,7.75,2],"texture":"#0"},"east":{"uv":[5.5,0,7.75,1],"texture":"#0"},"south":{"uv":[5.5,1,7.75,2],"texture":"#0"},"west":{"uv":[5.5,0,7.75,1],"texture":"#0"},"up":{"uv":[5.25,2.25,2.75,0],"texture":"#0"},"down":{"uv":[5.25,2.25,2.75,4.5],"texture":"#0"}}},{"name":"visak","from":[-6,21,6],"to":[5,25,11],"rotation":{"angle":45,"axis":"z","origin":[19,19,15]},"faces":{"north":{"uv":[5.5,4,8.25,4.75],"texture":"#0"},"east":{"uv":[1,6.75,2.25,7.5],"texture":"#0"},"south":{"uv":[5.5,4.75,8.25,5.5],"texture":"#0"},"west":{"uv":[2.25,7.25,3.5,8],"texture":"#0"},"up":{"uv":[5.5,5.75,2.75,4.5],"texture":"#0"},"down":{"uv":[2.75,5,0,6.25],"texture":"#0"}}},{"name":"loptica","from":[-2.94983,-0.03353,6.75],"to":[0.55017,3.46647,10.25],"rotation":{"angle":22.5,"axis":"z","origin":[-2,1,9]},"faces":{"north":{"uv":[2.5,6.25,3.5,7.25],"texture":"#0"},"east":{"uv":[3.5,6.25,4.5,7.25],"texture":"#0"},"south":{"uv":[4.5,6.25,5.5,7.25],"texture":"#0"},"west":{"uv":[5.5,6.5,6.5,7.5],"texture":"#0"},"up":{"uv":[7.5,7.5,6.5,6.5],"texture":"#0"},"down":{"uv":[1,6.75,0,7.75],"texture":"#0"}}}]}