{"display":{"thirdperson_righthand":{"rotation":[0,90,0],"translation":[-1.5,7,2],"scale":[2,2,2]},"thirdperson_lefthand":{"rotation":[0,-90,0],"translation":[1.5,7,2],"scale":[2,2,2]},"firstperson_righthand":{"rotation":[0,-75,0],"translation":[0.25,2.5,0],"scale":[1.4,1.4,1.4]},"firstperson_lefthand":{"rotation":[0,-75,0],"translation":[0.25,2.5,0],"scale":[1.4,1.4,1.4]},"ground":{"rotation":[0,0,45],"translation":[0,5,0]},"gui":{"translation":[0,2.75,0],"scale":[1.35,1.35,1.35]},"head":{"rotation":[-42.25,90,0],"translation":[5.75,-24.25,-2.25],"scale":[1.7,1.7,1.7]},"fixed":{"translation":[0,3.5,-1.5],"scale":[1.6,1.6,1.6]}},"textures":{"1":"item/handle","2":"item/netherite","particle":"item/base"},"elements":[{"from":[5.5,10,7.5],"to":[10.5,13,10.5],"rotation":{"angle":0,"axis":"y","origin":[8,8.5,9]},"faces":{"north":{"uv":[4,8,14,14],"texture":"#2"},"east":{"uv":[2,9,7,14],"texture":"#2"},"south":{"uv":[4,8,14,14],"texture":"#2"},"west":{"uv":[2,9,7,14],"texture":"#2"},"up":{"uv":[4,8,14,14],"texture":"#2"},"down":{"uv":[4,8,14,14],"texture":"#2"}}},{"from":[7.3,9.6,8.4],"to":[8.7,10,9.8],"rotation":{"angle":0,"axis":"y","origin":[8,6.5,9]},"faces":{"north":{"uv":[5,0,9,2],"texture":"#1"},"east":{"uv":[5,0,9,2],"texture":"#1"},"south":{"uv":[5,1,9,3],"texture":"#1"},"west":{"uv":[5,1,9,3],"texture":"#1"},"up":{"uv":[5,1,7,3],"texture":"#1"},"down":{"uv":[5,1,9,5],"texture":"#1"}}},{"from":[7.3,2.3,8.4],"to":[8.7,2.7,9.8],"rotation":{"angle":0,"axis":"y","origin":[8,2.9,9]},"faces":{"north":{"uv":[5,0,7,1],"texture":"#1"},"east":{"uv":[7,0,9,1],"texture":"#1"},"south":{"uv":[5,3,7,4],"texture":"#1"},"west":{"uv":[7,4,9,5],"texture":"#1"},"up":{"uv":[6,1,8,3],"texture":"#1"},"down":{"uv":[7,3,9,5],"texture":"#1"}}},{"from":[7.3,1.7,8.4],"to":[8.7,2,9.8],"rotation":{"angle":0,"axis":"y","origin":[8,2.2,9]},"faces":{"north":{"uv":[9,0,11,1],"texture":"#1"},"east":{"uv":[9,1,11,2],"texture":"#1"},"south":{"uv":[9,1,11,2],"texture":"#1"},"west":{"uv":[10,2,12,3],"texture":"#1"},"up":{"uv":[9,0,11,2],"texture":"#1"},"down":{"uv":[10,1,12,3],"texture":"#1"}}},{"from":[7.25,0.7,8.35],"to":[8.75,1,9.85],"rotation":{"angle":0,"axis":"y","origin":[8,1.2,9]},"faces":{"north":{"uv":[9,0,11,1],"texture":"#1"},"east":{"uv":[10,2,12,3],"texture":"#1"},"south":{"uv":[9,1,11,2],"texture":"#1"},"west":{"uv":[10,1,12,2],"texture":"#1"},"up":{"uv":[10,1,12,3],"texture":"#1"},"down":{"uv":[10,0,12,2],"texture":"#1"}}},{"from":[7.5,0.4,8.6],"to":[8.5,0.7,9.6],"rotation":{"angle":0,"axis":"y","origin":[8,0.9,9]},"faces":{"north":{"uv":[12,0,14,1],"texture":"#1"},"east":{"uv":[12,1,14,2],"texture":"#1"},"south":{"uv":[12,1,14,2],"texture":"#1"},"west":{"uv":[12,0,14,1],"texture":"#1"},"down":{"uv":[12,0,14,2],"texture":"#1"}}},{"from":[7.35,1,8.45],"to":[8.65,1.7,9.75],"rotation":{"angle":0,"axis":"y","origin":[8,1.9,9]},"faces":{"north":{"uv":[12,2,15,5],"texture":"#1"},"east":{"uv":[12,2,15,5],"texture":"#1"},"south":{"uv":[12,2,15,5],"texture":"#1"},"west":{"uv":[15,2,12,5],"texture":"#1"}}},{"from":[7.45,2,8.55],"to":[8.55,2.3,9.65],"rotation":{"angle":0,"axis":"y","origin":[8,2.5,9]},"faces":{"north":{"uv":[3,0,5,1],"texture":"#1"},"east":{"uv":[3,1,5,2],"texture":"#1"},"south":{"uv":[3,4,5,5],"texture":"#1"},"west":{"uv":[3,0,5,1],"texture":"#1"}}},{"from":[7.3,2.3,8.4],"to":[8.7,2.7,9.8],"rotation":{"angle":0,"axis":"y","origin":[8,6.5,9]},"faces":{"north":{"uv":[5,0,9,2],"texture":"#1"},"east":{"uv":[5,0,9,2],"texture":"#1"},"south":{"uv":[5,1,9,3],"texture":"#1"},"west":{"uv":[5,1,9,3],"texture":"#1"},"up":{"uv":[5,1,7,3],"texture":"#1"},"down":{"uv":[5,1,9,5],"texture":"#1"}}},{"from":[7.5,2.7,8.6],"to":[8.5,5.9,9.6],"rotation":{"angle":0,"axis":"y","origin":[8,4.4,9.1]},"faces":{"north":{"uv":[7,0,9,7],"rotation":180,"texture":"#1"},"east":{"uv":[9,0,7,7],"texture":"#1"},"south":{"uv":[7,0,9,7],"texture":"#1"},"west":{"uv":[7,0,9,7],"texture":"#1"},"up":{"uv":[0,0,0.8,0.8],"texture":"#missing"},"down":{"uv":[0,0,0.8,0.8],"texture":"#missing"}}},{"from":[7.5,5.9,8.6],"to":[8.5,9.9,9.6],"rotation":{"angle":0,"axis":"y","origin":[8,4.4,9.1]},"faces":{"north":{"uv":[7,0,9,7],"rotation":180,"texture":"#1"},"east":{"uv":[9,0,7,7],"texture":"#1"},"south":{"uv":[7,0,9,7],"texture":"#1"},"west":{"uv":[7,0,9,7],"texture":"#1"},"up":{"uv":[0,0,0.8,0.8],"texture":"#missing"},"down":{"uv":[0,0,0.8,0.8],"texture":"#missing"}}}]}