{"parent":"minecraft:item/generated","textures":{"layer0":"minecraft:item/totem_of_undying"},"overrides":[{"predicate":{"custom_model_data":52},"model":"minecraft:item/gold_trophy"},{"predicate":{"custom_model_data":69},"model":"minecraft:item/boost"},{"predicate":{"custom_model_data":90},"model":"minecraft:item/cross_totem"},{"predicate":{"custom_model_data":91},"model":"minecraft:item/dark_cross_totem"},{"predicate":{"custom_model_data":92},"model":"minecraft:item/wither_totem"},{"predicate":{"custom_model_data":97},"model":"minecraft:item/creeper_totem"},{"predicate":{"custom_model_data":134},"model":"minecraft:item/glitch"},{"predicate":{"custom_model_data":555},"model":"minecraft:item/villager_totem"},{"predicate":{"custom_model_data":666},"model":"minecraft:item/infected_totem"},{"predicate":{"custom_model_data":1000},"model":"minecraft:item/totems/trard"},{"predicate":{"custom_model_data":1001},"model":"minecraft:item/totems/darkcake"},{"predicate":{"custom_model_data":1002},"model":"minecraft:item/totems/smipi"},{"predicate":{"custom_model_data":1003},"model":"minecraft:item/totems/kerito"},{"predicate":{"custom_model_data":1004},"model":"minecraft:item/totems/fire"},{"predicate":{"custom_model_data":1005},"model":"minecraft:item/totems/link"},{"predicate":{"custom_model_data":1006},"model":"minecraft:item/totems/bestytkir"},{"predicate":{"custom_model_data":1007},"model":"minecraft:item/totems/misterio"},{"predicate":{"custom_model_data":1008},"model":"minecraft:item/totems/erechi"},{"predicate":{"custom_model_data":1009},"model":"minecraft:item/totems/slaizteam"},{"predicate":{"custom_model_data":1010},"model":"minecraft:item/totems/ahi"},{"predicate":{"custom_model_data":1011},"model":"minecraft:item/totems/mansur"},{"predicate":{"custom_model_data":1012},"model":"minecraft:item/totems/wasurette"},{"predicate":{"custom_model_data":1013},"model":"minecraft:item/totems/nezuwa"},{"predicate":{"custom_model_data":1014},"model":"minecraft:item/totems/terron_"},{"predicate":{"custom_model_data":1015},"model":"minecraft:item/totems/lestiadmin"},{"predicate":{"custom_model_data":1016},"model":"minecraft:item/totems/xxanterria_"},{"predicate":{"custom_model_data":1017},"model":"minecraft:item/totems/thelegwar"},{"predicate":{"custom_model_data":1018},"model":"minecraft:item/totems/sekyndo4ka"},{"predicate":{"custom_model_data":1019},"model":"minecraft:item/totems/ynroh"},{"predicate":{"custom_model_data":1020},"model":"minecraft:item/totems/nullisse"},{"predicate":{"custom_model_data":1021},"model":"minecraft:item/totems/iwtdie"},{"predicate":{"custom_model_data":1022},"model":"minecraft:item/totems/ilysanata"},{"predicate":{"custom_model_data":5001},"model":"minecraft:item/eggs/1"},{"predicate":{"custom_model_data":5002},"model":"minecraft:item/eggs/2"},{"predicate":{"custom_model_data":5003},"model":"minecraft:item/eggs/3"},{"predicate":{"custom_model_data":5004},"model":"minecraft:item/eggs/4"},{"predicate":{"custom_model_data":5005},"model":"minecraft:item/eggs/5"},{"predicate":{"custom_model_data":5006},"model":"minecraft:item/eggs/6"}]}