{
  "display": {
    "thirdperson_righthand": {
      "rotation": [
        -5,
        -90,
        0
      ],
      "translation": [
        0,
        4.25,
        1.75
      ],
      "scale": [
        0.8,
        0.8,
        0.8
      ]
    },
    "thirdperson_lefthand": {
      "rotation": [
        -5,
        90,
        0
      ],
      "translation": [
        0,
        4.25,
        1.75
      ],
      "scale": [
        0.8,
        0.8,
        0.8
      ]
    },
    "firstperson_righthand": {
      "rotation": [
        0,
        -97,
        0
      ],
      "translation": [
        1,
        3,
        0
      ],
      "scale": [
        0.6,
        0.6,
        0.6
      ]
    },
    "firstperson_lefthand": {
      "rotation": [
        0,
        83,
        0
      ],
      "translation": [
        1.4,
        3,
        -0.3
      ],
      "scale": [
        0.6,
        0.6,
        0.6
      ]
    },
    "ground": {
      "rotation": [
        72,
        0,
        0
      ],
      "translation": [
        0,
        3,
        0.5
      ],
      "scale": [
        0.4,
        0.4,
        0.4
      ]
    },
    "gui": {
      "rotation": [
        0,
        0,
        -50
      ],
      "translation": [
        0.25,
        1,
        0
      ],
      "scale": [
        0.45,
        0.45,
        0.45
      ]
    },
    "head": {
      "translation": [
        0,
        14.5,
        0
      ],
      "scale": [
        0.85,
        0.85,
        0.85
      ]
    },
    "fixed": {
      "rotation": [
        -180,
        0,
        135
      ],
      "translation": [
        -0.5,
        0.75,
        0
      ],
      "scale": [
        0.6,
        0.6,
        0.6
      ]
    }
  },
  "texture_size": [
    64,
    64
  ],
  "textures": {
    "0": "civilization:item/tools/void_staff/teleport",
    "particle": "civilization:item/tools/void_staff/teleport"
  },
  "elements": [
    {
      "from": [
        6.54829,
        3.44087,
        7
      ],
      "to": [
        8.54829,
        11.44087,
        9
      ],
      "rotation": {
        "angle": 0,
        "axis": "y",
        "origin": [
          9.15322,
          6.72629,
          8
        ]
      },
      "faces": {
        "north": {
          "uv": [
            2.25,
            5.5,
            2.75,
            7.5
          ],
          "texture": "#0"
        },
        "east": {
          "uv": [
            6.5,
            0,
            7,
            2
          ],
          "texture": "#0"
        },
        "south": {
          "uv": [
            6.5,
            2,
            7,
            4
          ],
          "texture": "#0"
        },
        "west": {
          "uv": [
            6,
            6.5,
            6.5,
            8.5
          ],
          "texture": "#0"
        },
        "up": {
          "uv": [
            2.25,
            9.5,
            1.75,
            9
          ],
          "texture": "#0"
        },
        "down": {
          "uv": [
            3.75,
            9,
            3.25,
            9.5
          ],
          "texture": "#0"
        }
      }
    },
    {
      "from": [
        7.86162,
        -1.53054,
        7.01
      ],
      "to": [
        9.84162,
        3.44946,
        8.99
      ],
      "rotation": {
        "angle": -22.5,
        "axis": "z",
        "origin": [
          9.15322,
          6.72629,
          8
        ]
      },
      "faces": {
        "north": {
          "uv": [
            4.5,
            7.75,
            5,
            9
          ],
          "texture": "#0"
        },
        "east": {
          "uv": [
            5,
            7.75,
            5.5,
            9
          ],
          "texture": "#0"
        },
        "south": {
          "uv": [
            2.75,
            8,
            3.25,
            9.25
          ],
          "texture": "#0"
        },
        "west": {
          "uv": [
            8,
            7,
            8.5,
            8.25
          ],
          "texture": "#0"
        },
        "up": {
          "uv": [
            9.5,
            4.75,
            9,
            4.25
          ],
          "texture": "#0"
        },
        "down": {
          "uv": [
            5,
            9,
            4.5,
            9.5
          ],
          "texture": "#0"
        }
      }
    },
    {
      "from": [
        2.3166,
        -3.29886,
        6.95
      ],
      "to": [
        4.4166,
        1.80114,
        9.05
      ],
      "rotation": {
        "angle": 22.5,
        "axis": "z",
        "origin": [
          9.15322,
          6.72629,
          8
        ]
      },
      "faces": {
        "north": {
          "uv": [
            0,
            8.25,
            0.5,
            9.5
          ],
          "texture": "#0"
        },
        "east": {
          "uv": [
            8.25,
            0,
            8.75,
            1.25
          ],
          "texture": "#0"
        },
        "south": {
          "uv": [
            0.5,
            8.25,
            1,
            9.5
          ],
          "texture": "#0"
        },
        "west": {
          "uv": [
            6.5,
            8.25,
            7,
            9.5
          ],
          "texture": "#0"
        },
        "up": {
          "uv": [
            9.5,
            5.25,
            9,
            4.75
          ],
          "texture": "#0"
        },
        "down": {
          "uv": [
            5.5,
            9,
            5,
            9.5
          ],
          "texture": "#0"
        }
      }
    },
    {
      "from": [
        2.40146,
        -15.19887,
        6.99
      ],
      "to": [
        4.40146,
        1.80113,
        8.99
      ],
      "rotation": {
        "angle": 22.5,
        "axis": "z",
        "origin": [
          9.15322,
          6.72629,
          8
        ]
      },
      "faces": {
        "north": {
          "uv": [
            3.75,
            1.75,
            4.25,
            6
          ],
          "texture": "#0"
        },
        "east": {
          "uv": [
            3,
            3.75,
            3.5,
            8
          ],
          "texture": "#0"
        },
        "south": {
          "uv": [
            4.25,
            1.75,
            4.75,
            6
          ],
          "texture": "#0"
        },
        "west": {
          "uv": [
            4.75,
            1.75,
            5.25,
            6
          ],
          "texture": "#0"
        },
        "up": {
          "uv": [
            9.5,
            8.75,
            9,
            8.25
          ],
          "texture": "#0"
        },
        "down": {
          "uv": [
            9,
            9,
            8.5,
            9.5
          ],
          "texture": "#0"
        }
      }
    },
    {
      "from": [
        7.80162,
        -1.59054,
        6.95
      ],
      "to": [
        9.90162,
        3.50946,
        9.05
      ],
      "rotation": {
        "angle": -22.5,
        "axis": "z",
        "origin": [
          9.15322,
          6.72629,
          8
        ]
      },
      "faces": {
        "north": {
          "uv": [
            7,
            8.25,
            7.5,
            9.5
          ],
          "texture": "#0"
        },
        "east": {
          "uv": [
            7.5,
            8.25,
            8,
            9.5
          ],
          "texture": "#0"
        },
        "south": {
          "uv": [
            8,
            8.25,
            8.5,
            9.5
          ],
          "texture": "#0"
        },
        "west": {
          "uv": [
            4,
            8.5,
            4.5,
            9.75
          ],
          "texture": "#0"
        },
        "up": {
          "uv": [
            9.5,
            5.75,
            9,
            5.25
          ],
          "texture": "#0"
        },
        "down": {
          "uv": [
            9.5,
            5.75,
            9,
            6.25
          ],
          "texture": "#0"
        }
      }
    },
    {
      "from": [
        0.98941,
        -12.8389,
        6.5
      ],
      "to": [
        5.98941,
        -10.8389,
        9.5
      ],
      "rotation": {
        "angle": 22.5,
        "axis": "z",
        "origin": [
          9.15322,
          6.72629,
          8
        ]
      },
      "faces": {
        "north": {
          "uv": [
            8.25,
            1.25,
            9.5,
            1.75
          ],
          "texture": "#0"
        },
        "east": {
          "uv": [
            9,
            2.25,
            9.75,
            2.75
          ],
          "texture": "#0"
        },
        "south": {
          "uv": [
            8.25,
            1.75,
            9.5,
            2.25
          ],
          "texture": "#0"
        },
        "west": {
          "uv": [
            9,
            2.75,
            9.75,
            3.25
          ],
          "texture": "#0"
        },
        "up": {
          "uv": [
            8.25,
            4.25,
            7,
            3.5
          ],
          "texture": "#0"
        },
        "down": {
          "uv": [
            1.25,
            7.5,
            0,
            8.25
          ],
          "texture": "#0"
        }
      }
    },
    {
      "from": [
        5.94392,
        7.00066,
        6.5
      ],
      "to": [
        9.94392,
        9.00066,
        9.5
      ],
      "rotation": {
        "angle": 22.5,
        "axis": "z",
        "origin": [
          9.15322,
          6.72629,
          8
        ]
      },
      "faces": {
        "north": {
          "uv": [
            8.5,
            6.25,
            9.5,
            6.75
          ],
          "texture": "#0"
        },
        "east": {
          "uv": [
            8.75,
            3.75,
            9.5,
            4.25
          ],
          "texture": "#0"
        },
        "south": {
          "uv": [
            8.5,
            6.75,
            9.5,
            7.25
          ],
          "texture": "#0"
        },
        "west": {
          "uv": [
            1,
            9,
            1.75,
            9.5
          ],
          "texture": "#0"
        },
        "up": {
          "uv": [
            8.5,
            7,
            7.5,
            6.25
          ],
          "texture": "#0"
        },
        "down": {
          "uv": [
            7.5,
            7.5,
            6.5,
            8.25
          ],
          "texture": "#0"
        }
      }
    },
    {
      "from": [
        3.102,
        13.26245,
        7
      ],
      "to": [
        8.102,
        18.26245,
        9
      ],
      "rotation": {
        "angle": 0,
        "axis": "y",
        "origin": [
          9.15322,
          6.72629,
          8
        ]
      },
      "faces": {
        "north": {
          "uv": [
            5.25,
            1.75,
            6.5,
            3
          ],
          "texture": "#0"
        },
        "east": {
          "uv": [
            1.25,
            7.75,
            1.75,
            9
          ],
          "texture": "#0"
        },
        "south": {
          "uv": [
            5.25,
            3,
            6.5,
            4.25
          ],
          "texture": "#0"
        },
        "west": {
          "uv": [
            1.75,
            7.75,
            2.25,
            9
          ],
          "texture": "#0"
        },
        "up": {
          "uv": [
            9,
            2.75,
            7.75,
            2.25
          ],
          "texture": "#0"
        },
        "down": {
          "uv": [
            9,
            2.75,
            7.75,
            3.25
          ],
          "texture": "#0"
        }
      }
    },
    {
      "from": [
        2.102,
        12.26245,
        8
      ],
      "to": [
        9.102,
        19.26245,
        8
      ],
      "rotation": {
        "angle": 0,
        "axis": "y",
        "origin": [
          9.15322,
          6.72629,
          8
        ]
      },
      "faces": {
        "north": {
          "uv": [
            3.75,
            0,
            5.5,
            1.75
          ],
          "texture": "#0"
        },
        "east": {
          "uv": [
            0,
            0,
            0,
            1.75
          ],
          "texture": "#0"
        },
        "south": {
          "uv": [
            1.25,
            3.75,
            3,
            5.5
          ],
          "texture": "#0"
        },
        "west": {
          "uv": [
            0,
            0,
            0,
            1.75
          ],
          "texture": "#0"
        },
        "up": {
          "uv": [
            1.75,
            0,
            0,
            0
          ],
          "texture": "#0"
        },
        "down": {
          "uv": [
            1.75,
            0,
            0,
            0
          ],
          "texture": "#0"
        }
      }
    },
    {
      "from": [
        9.54829,
        8.44087,
        6
      ],
      "to": [
        10.54829,
        12.44087,
        10
      ],
      "rotation": {
        "angle": 0,
        "axis": "y",
        "origin": [
          9.15322,
          6.72629,
          8
        ]
      },
      "faces": {
        "north": {
          "uv": [
            3.5,
            3.75,
            3.75,
            4.75
          ],
          "texture": "#0"
        },
        "east": {
          "uv": [
            6.5,
            6.5,
            7.5,
            7.5
          ],
          "texture": "#0"
        },
        "south": {
          "uv": [
            3.5,
            4.75,
            3.75,
            5.75
          ],
          "texture": "#0"
        },
        "west": {
          "uv": [
            1.25,
            6.75,
            2.25,
            7.75
          ],
          "texture": "#0"
        },
        "up": {
          "uv": [
            3,
            6.5,
            2.75,
            5.5
          ],
          "texture": "#0"
        },
        "down": {
          "uv": [
            6.5,
            0,
            6.25,
            1
          ],
          "texture": "#0"
        }
      }
    },
    {
      "from": [
        13.70613,
        8.85992,
        6
      ],
      "to": [
        14.70613,
        12.85992,
        10
      ],
      "rotation": {
        "angle": 22.5,
        "axis": "z",
        "origin": [
          9.15322,
          6.72629,
          8
        ]
      },
      "faces": {
        "north": {
          "uv": [
            2.75,
            6.5,
            3,
            7.5
          ],
          "texture": "#0"
        },
        "east": {
          "uv": [
            4.5,
            6.75,
            5.5,
            7.75
          ],
          "texture": "#0"
        },
        "south": {
          "uv": [
            8,
            0,
            8.25,
            1
          ],
          "texture": "#0"
        },
        "west": {
          "uv": [
            7,
            0,
            8,
            1
          ],
          "texture": "#0"
        },
        "up": {
          "uv": [
            3.5,
            9,
            3.25,
            8
          ],
          "texture": "#0"
        },
        "down": {
          "uv": [
            4,
            9,
            3.75,
            10
          ],
          "texture": "#0"
        }
      }
    },
    {
      "from": [
        6.40431,
        10.25688,
        6.5
      ],
      "to": [
        12.40431,
        12.25688,
        9.5
      ],
      "rotation": {
        "angle": 22.5,
        "axis": "z",
        "origin": [
          9.15322,
          6.72629,
          8
        ]
      },
      "faces": {
        "north": {
          "uv": [
            7.5,
            4.25,
            9,
            4.75
          ],
          "texture": "#0"
        },
        "east": {
          "uv": [
            8.5,
            7.25,
            9.25,
            7.75
          ],
          "texture": "#0"
        },
        "south": {
          "uv": [
            7.5,
            4.75,
            9,
            5.25
          ],
          "texture": "#0"
        },
        "west": {
          "uv": [
            8.5,
            7.75,
            9.25,
            8.25
          ],
          "texture": "#0"
        },
        "up": {
          "uv": [
            7.5,
            5,
            6,
            4.25
          ],
          "texture": "#0"
        },
        "down": {
          "uv": [
            6,
            6,
            4.5,
            6.75
          ],
          "texture": "#0"
        }
      }
    },
    {
      "from": [
        4.03037,
        20.30882,
        6.49
      ],
      "to": [
        10.05037,
        22.32882,
        9.51
      ],
      "rotation": {
        "angle": 0,
        "axis": "y",
        "origin": [
          9.15322,
          6.72629,
          8
        ]
      },
      "faces": {
        "north": {
          "uv": [
            7.5,
            5.25,
            9,
            5.75
          ],
          "texture": "#0"
        },
        "east": {
          "uv": [
            8.75,
            0.75,
            9.5,
            1.25
          ],
          "texture": "#0"
        },
        "south": {
          "uv": [
            7.5,
            5.75,
            9,
            6.25
          ],
          "texture": "#0"
        },
        "west": {
          "uv": [
            8.75,
            3.25,
            9.5,
            3.75
          ],
          "texture": "#0"
        },
        "up": {
          "uv": [
            7.5,
            5.75,
            6,
            5
          ],
          "texture": "#0"
        },
        "down": {
          "uv": [
            7.5,
            5.75,
            6,
            6.5
          ],
          "texture": "#0"
        }
      }
    },
    {
      "from": [
        -2.49267,
        15.83555,
        6
      ],
      "to": [
        -0.49267,
        20.83555,
        10
      ],
      "rotation": {
        "angle": -22.5,
        "axis": "z",
        "origin": [
          9.15322,
          6.72629,
          8
        ]
      },
      "faces": {
        "north": {
          "uv": [
            7.5,
            7,
            8,
            8.25
          ],
          "texture": "#0"
        },
        "east": {
          "uv": [
            1.25,
            5.5,
            2.25,
            6.75
          ],
          "texture": "#0"
        },
        "south": {
          "uv": [
            7.75,
            1,
            8.25,
            2.25
          ],
          "texture": "#0"
        },
        "west": {
          "uv": [
            3.5,
            6,
            4.5,
            7.25
          ],
          "texture": "#0"
        },
        "up": {
          "uv": [
            8.75,
            4.25,
            8.25,
            3.25
          ],
          "texture": "#0"
        },
        "down": {
          "uv": [
            6,
            8.5,
            5.5,
            9.5
          ],
          "texture": "#0"
        }
      }
    },
    {
      "from": [
        -2.49267,
        20.83555,
        9
      ],
      "to": [
        -1.49267,
        22.83555,
        10
      ],
      "rotation": {
        "angle": -22.5,
        "axis": "z",
        "origin": [
          9.15322,
          6.72629,
          8
        ]
      },
      "faces": {
        "north": {
          "uv": [
            6.25,
            1,
            6.5,
            1.5
          ],
          "texture": "#0"
        },
        "east": {
          "uv": [
            2.75,
            7.5,
            3,
            8
          ],
          "texture": "#0"
        },
        "south": {
          "uv": [
            1,
            8.25,
            1.25,
            8.75
          ],
          "texture": "#0"
        },
        "west": {
          "uv": [
            9,
            8.75,
            9.25,
            9.25
          ],
          "texture": "#0"
        },
        "up": {
          "uv": [
            3.75,
            6,
            3.5,
            5.75
          ],
          "texture": "#0"
        },
        "down": {
          "uv": [
            6.5,
            1.5,
            6.25,
            1.75
          ],
          "texture": "#0"
        }
      }
    },
    {
      "from": [
        -2.49267,
        20.83555,
        6
      ],
      "to": [
        -1.49267,
        22.83555,
        7
      ],
      "rotation": {
        "angle": -22.5,
        "axis": "z",
        "origin": [
          9.15322,
          6.72629,
          8
        ]
      },
      "faces": {
        "north": {
          "uv": [
            9.25,
            0,
            9.5,
            0.5
          ],
          "texture": "#0"
        },
        "east": {
          "uv": [
            2.75,
            9.25,
            3,
            9.75
          ],
          "texture": "#0"
        },
        "south": {
          "uv": [
            3,
            9.25,
            3.25,
            9.75
          ],
          "texture": "#0"
        },
        "west": {
          "uv": [
            6,
            9.25,
            6.25,
            9.75
          ],
          "texture": "#0"
        },
        "up": {
          "uv": [
            6.75,
            4.25,
            6.5,
            4
          ],
          "texture": "#0"
        },
        "down": {
          "uv": [
            7,
            4,
            6.75,
            4.25
          ],
          "texture": "#0"
        }
      }
    },
    {
      "from": [
        13.93984,
        13.79241,
        6.5
      ],
      "to": [
        15.93984,
        20.79241,
        9.5
      ],
      "rotation": {
        "angle": 22.5,
        "axis": "z",
        "origin": [
          9.15322,
          6.72629,
          8
        ]
      },
      "faces": {
        "north": {
          "uv": [
            5.5,
            6.75,
            6,
            8.5
          ],
          "texture": "#0"
        },
        "east": {
          "uv": [
            5.25,
            4.25,
            6,
            6
          ],
          "texture": "#0"
        },
        "south": {
          "uv": [
            3.5,
            7.25,
            4,
            9
          ],
          "texture": "#0"
        },
        "west": {
          "uv": [
            5.5,
            0,
            6.25,
            1.75
          ],
          "texture": "#0"
        },
        "up": {
          "uv": [
            9.25,
            0.75,
            8.75,
            0
          ],
          "texture": "#0"
        },
        "down": {
          "uv": [
            2.75,
            8.75,
            2.25,
            9.5
          ],
          "texture": "#0"
        }
      }
    },
    {
      "from": [
        11.2069,
        9.79241,
        10.64715
      ],
      "to": [
        16.2069,
        24.79241,
        10.64715
      ],
      "rotation": {
        "angle": -45,
        "axis": "y",
        "origin": [
          12.2069,
          18.29241,
          9.14715
        ]
      },
      "faces": {
        "north": {
          "uv": [
            0,
            0,
            1.25,
            3.75
          ],
          "texture": "#0"
        },
        "east": {
          "uv": [
            0,
            0,
            0,
            3.75
          ],
          "texture": "#0"
        },
        "south": {
          "uv": [
            1.25,
            0,
            2.5,
            3.75
          ],
          "texture": "#0"
        },
        "west": {
          "uv": [
            0,
            0,
            0,
            3.75
          ],
          "texture": "#0"
        },
        "up": {
          "uv": [
            1.25,
            0,
            0,
            0
          ],
          "texture": "#0"
        },
        "down": {
          "uv": [
            1.25,
            0,
            0,
            0
          ],
          "texture": "#0"
        }
      }
    },
    {
      "from": [
        11.2069,
        9.79241,
        5.35285
      ],
      "to": [
        16.2069,
        24.79241,
        5.35285
      ],
      "rotation": {
        "angle": 45,
        "axis": "y",
        "origin": [
          12.2069,
          18.29241,
          6.85285
        ]
      },
      "faces": {
        "north": {
          "uv": [
            2.5,
            0,
            3.75,
            3.75
          ],
          "texture": "#0"
        },
        "east": {
          "uv": [
            0,
            0,
            0,
            3.75
          ],
          "texture": "#0"
        },
        "south": {
          "uv": [
            0,
            3.75,
            1.25,
            7.5
          ],
          "texture": "#0"
        },
        "west": {
          "uv": [
            0,
            0,
            0,
            3.75
          ],
          "texture": "#0"
        },
        "up": {
          "uv": [
            1.25,
            0,
            0,
            0
          ],
          "texture": "#0"
        },
        "down": {
          "uv": [
            1.25,
            0,
            0,
            0
          ],
          "texture": "#0"
        }
      }
    },
    {
      "from": [
        6.94559,
        11.51166,
        6.49
      ],
      "to": [
        8.96559,
        16.53166,
        9.51
      ],
      "rotation": {
        "angle": -22.5,
        "axis": "z",
        "origin": [
          9.15322,
          6.72629,
          8
        ]
      },
      "faces": {
        "north": {
          "uv": [
            4,
            7.25,
            4.5,
            8.5
          ],
          "texture": "#0"
        },
        "east": {
          "uv": [
            7,
            1,
            7.75,
            2.25
          ],
          "texture": "#0"
        },
        "south": {
          "uv": [
            2.25,
            7.5,
            2.75,
            8.75
          ],
          "texture": "#0"
        },
        "west": {
          "uv": [
            7,
            2.25,
            7.75,
            3.5
          ],
          "texture": "#0"
        },
        "up": {
          "uv": [
            6.5,
            9.25,
            6,
            8.5
          ],
          "texture": "#0"
        },
        "down": {
          "uv": [
            9,
            8.25,
            8.5,
            9
          ],
          "texture": "#0"
        }
      }
    }
  ],
  "gui_light": "front"
}