{
  "display": {
    "thirdperson_righthand": {
      "rotation": [
        0,
        0,
        44
      ],
      "translation": [
        1.25,
        -0.75,
        -4.25
      ],
      "scale": [
        0.9,
        0.9,
        0.9
      ]
    },
    "thirdperson_lefthand": {
      "translation": [
        0,
        -0.75,
        -1.5
      ],
      "scale": [
        0.8,
        0.8,
        0.8
      ]
    },
    "firstperson_righthand": {
      "rotation": [
        35,
        20,
        49
      ],
      "translation": [
        5,
        0.5,
        -6.5
      ],
      "scale": [
        0.65,
        0.65,
        0.65
      ]
    },
    "firstperson_lefthand": {
      "rotation": [
        13,
        -11,
        -43
      ],
      "translation": [
        0,
        1,
        0
      ],
      "scale": [
        0.7,
        0.7,
        0.7
      ]
    },
    "ground": {
      "rotation": [
        11,
        0,
        66
      ],
      "translation": [
        0,
        -1.25,
        0
      ],
      "scale": [
        0.5,
        0.5,
        0.5
      ]
    },
    "gui": {
      "rotation": [
        90,
        -45,
        0
      ],
      "translation": [
        0.5,
        0.5,
        0
      ],
      "scale": [
        0.75,
        0.75,
        0.75
      ]
    },
    "head": {
      "rotation": [
        0,
        0,
        45
      ],
      "translation": [
        6.5,
        10.25,
        -16
      ],
      "scale": [
        4,
        4,
        4
      ]
    },
    "fixed": {
      "rotation": [
        -90,
        -135,
        0
      ],
      "scale": [
        0.6,
        0.6,
        0.6
      ]
    }
  },
  "texture_size": [
    64,
    64
  ],
  "textures": {
    "0": "civilization:item/tools/harpoon_launcher",
    "particle": "civilization:item/tools/harpoon_launcher"
  },
  "elements": [
    {
      "from": [
        3.03131,
        10.3,
        8.03724
      ],
      "to": [
        4.03131,
        10.3,
        16.03724
      ],
      "rotation": {
        "angle": 22.5,
        "axis": "y",
        "origin": [
          3.53131,
          10.3,
          10.03724
        ]
      },
      "faces": {
        "north": {
          "uv": [
            0,
            0,
            0.25,
            0
          ],
          "texture": "#0"
        },
        "east": {
          "uv": [
            0,
            0,
            1.75,
            0
          ],
          "texture": "#0"
        },
        "south": {
          "uv": [
            0,
            0,
            0.25,
            0
          ],
          "texture": "#0"
        },
        "west": {
          "uv": [
            0,
            0,
            1.75,
            0
          ],
          "texture": "#0"
        },
        "up": {
          "uv": [
            6.5,
            4.75,
            8.25,
            5
          ],
          "rotation": 90,
          "texture": "#0"
        },
        "down": {
          "uv": [
            8.25,
            4.75,
            6.5,
            5
          ],
          "rotation": 90,
          "texture": "#0"
        }
      }
    },
    {
      "from": [
        11.96869,
        10.3,
        8.03724
      ],
      "to": [
        12.96869,
        10.3,
        16.03724
      ],
      "rotation": {
        "angle": -22.5,
        "axis": "y",
        "origin": [
          12.46869,
          10.3,
          10.03724
        ]
      },
      "faces": {
        "north": {
          "uv": [
            0.25,
            0,
            0,
            0
          ],
          "texture": "#0"
        },
        "east": {
          "uv": [
            1.75,
            0,
            0,
            0
          ],
          "texture": "#0"
        },
        "south": {
          "uv": [
            0.25,
            0,
            0,
            0
          ],
          "texture": "#0"
        },
        "west": {
          "uv": [
            1.75,
            0,
            0,
            0
          ],
          "texture": "#0"
        },
        "up": {
          "uv": [
            6.5,
            4.75,
            8.25,
            5
          ],
          "rotation": 90,
          "texture": "#0"
        },
        "down": {
          "uv": [
            8.25,
            4.75,
            6.5,
            5
          ],
          "rotation": 90,
          "texture": "#0"
        }
      }
    },
    {
      "from": [
        8,
        5.33131,
        8.03724
      ],
      "to": [
        8,
        6.33131,
        16.03724
      ],
      "rotation": {
        "angle": -22.5,
        "axis": "x",
        "origin": [
          8,
          5.83131,
          10.03724
        ]
      },
      "faces": {
        "north": {
          "uv": [
            0,
            0,
            0,
            0.25
          ],
          "texture": "#0"
        },
        "east": {
          "uv": [
            8.25,
            4.75,
            6.5,
            5
          ],
          "texture": "#0"
        },
        "south": {
          "uv": [
            0,
            0,
            0,
            0.25
          ],
          "texture": "#0"
        },
        "west": {
          "uv": [
            6.5,
            4.75,
            8.25,
            5
          ],
          "texture": "#0"
        },
        "up": {
          "uv": [
            0,
            1.75,
            0,
            0
          ],
          "texture": "#0"
        },
        "down": {
          "uv": [
            0,
            0,
            0,
            1.75
          ],
          "texture": "#0"
        }
      }
    },
    {
      "from": [
        8,
        14.26869,
        8.03724
      ],
      "to": [
        8,
        15.26869,
        16.03724
      ],
      "rotation": {
        "angle": 22.5,
        "axis": "x",
        "origin": [
          8,
          14.76869,
          10.03724
        ]
      },
      "faces": {
        "north": {
          "uv": [
            0,
            0,
            0,
            0.25
          ],
          "texture": "#0"
        },
        "east": {
          "uv": [
            8.25,
            4.75,
            6.5,
            5
          ],
          "texture": "#0"
        },
        "south": {
          "uv": [
            0,
            0,
            0,
            0.25
          ],
          "texture": "#0"
        },
        "west": {
          "uv": [
            6.5,
            4.75,
            8.25,
            5
          ],
          "texture": "#0"
        },
        "up": {
          "uv": [
            0,
            1.75,
            0,
            0
          ],
          "texture": "#0"
        },
        "down": {
          "uv": [
            0,
            0,
            0,
            1.75
          ],
          "texture": "#0"
        }
      }
    },
    {
      "from": [
        3.28256,
        9.3,
        3.993
      ],
      "to": [
        7.28256,
        11.3,
        5.993
      ],
      "rotation": {
        "angle": 22.5,
        "axis": "y",
        "origin": [
          6.53018,
          10.295,
          5.04852
        ]
      },
      "faces": {
        "north": {
          "uv": [
            4.75,
            0,
            5.75,
            0.5
          ],
          "texture": "#0"
        },
        "east": {
          "uv": [
            7.5,
            7.5,
            8,
            8
          ],
          "texture": "#0"
        },
        "south": {
          "uv": [
            5,
            0.5,
            6,
            1
          ],
          "texture": "#0"
        },
        "west": {
          "uv": [
            7.75,
            0.25,
            8.25,
            0.75
          ],
          "texture": "#0"
        },
        "up": {
          "uv": [
            6,
            1.5,
            5,
            1
          ],
          "texture": "#0"
        },
        "down": {
          "uv": [
            6,
            1.5,
            5,
            2
          ],
          "texture": "#0"
        }
      }
    },
    {
      "from": [
        5.18256,
        9.2,
        3.893
      ],
      "to": [
        7.38256,
        11.4,
        6.093
      ],
      "rotation": {
        "angle": 22.5,
        "axis": "y",
        "origin": [
          6.53018,
          10.295,
          5.04852
        ]
      },
      "faces": {
        "north": {
          "uv": [
            8.5,
            8.5,
            9,
            9
          ],
          "texture": "#0"
        },
        "east": {
          "uv": [
            8.75,
            0,
            9.25,
            0.5
          ],
          "texture": "#0"
        },
        "south": {
          "uv": [
            8.75,
            0.5,
            9.25,
            1
          ],
          "texture": "#0"
        },
        "west": {
          "uv": [
            8.75,
            1,
            9.25,
            1.5
          ],
          "texture": "#0"
        },
        "up": {
          "uv": [
            2.5,
            9.25,
            2,
            8.75
          ],
          "texture": "#0"
        },
        "down": {
          "uv": [
            3,
            8.75,
            2.5,
            9.25
          ],
          "texture": "#0"
        }
      }
    },
    {
      "from": [
        1.26256,
        9.28,
        3.993
      ],
      "to": [
        3.28256,
        11.3,
        6.013
      ],
      "rotation": {
        "angle": 22.5,
        "axis": "y",
        "origin": [
          6.53018,
          10.295,
          5.04852
        ]
      },
      "faces": {
        "north": {
          "uv": [
            7.75,
            2.75,
            8.25,
            3.25
          ],
          "texture": "#0"
        },
        "east": {
          "uv": [
            3.25,
            7.75,
            3.75,
            8.25
          ],
          "texture": "#0"
        },
        "south": {
          "uv": [
            7.75,
            3.25,
            8.25,
            3.75
          ],
          "texture": "#0"
        },
        "west": {
          "uv": [
            7.75,
            3.75,
            8.25,
            4.25
          ],
          "texture": "#0"
        },
        "up": {
          "uv": [
            5.5,
            8.25,
            5,
            7.75
          ],
          "texture": "#0"
        },
        "down": {
          "uv": [
            6,
            7.75,
            5.5,
            8.25
          ],
          "texture": "#0"
        }
      }
    },
    {
      "from": [
        8.61744,
        9.3,
        3.993
      ],
      "to": [
        12.61744,
        11.3,
        5.993
      ],
      "rotation": {
        "angle": -22.5,
        "axis": "y",
        "origin": [
          9.36982,
          10.295,
          5.04852
        ]
      },
      "faces": {
        "north": {
          "uv": [
            5.5,
            2,
            6.5,
            2.5
          ],
          "texture": "#0"
        },
        "east": {
          "uv": [
            8,
            6.5,
            8.5,
            7
          ],
          "texture": "#0"
        },
        "south": {
          "uv": [
            5.5,
            2.5,
            6.5,
            3
          ],
          "texture": "#0"
        },
        "west": {
          "uv": [
            8,
            7,
            8.5,
            7.5
          ],
          "texture": "#0"
        },
        "up": {
          "uv": [
            6.5,
            3.5,
            5.5,
            3
          ],
          "texture": "#0"
        },
        "down": {
          "uv": [
            6.5,
            3.5,
            5.5,
            4
          ],
          "texture": "#0"
        }
      }
    },
    {
      "from": [
        8.51744,
        9.2,
        3.893
      ],
      "to": [
        10.71744,
        11.4,
        6.093
      ],
      "rotation": {
        "angle": -22.5,
        "axis": "y",
        "origin": [
          9.36982,
          10.295,
          5.04852
        ]
      },
      "faces": {
        "north": {
          "uv": [
            8.75,
            4,
            9.25,
            4.5
          ],
          "texture": "#0"
        },
        "east": {
          "uv": [
            4.5,
            8.75,
            5,
            9.25
          ],
          "texture": "#0"
        },
        "south": {
          "uv": [
            5,
            8.75,
            5.5,
            9.25
          ],
          "texture": "#0"
        },
        "west": {
          "uv": [
            8.75,
            5,
            9.25,
            5.5
          ],
          "texture": "#0"
        },
        "up": {
          "uv": [
            6,
            9.25,
            5.5,
            8.75
          ],
          "texture": "#0"
        },
        "down": {
          "uv": [
            9.25,
            5.5,
            8.75,
            6
          ],
          "texture": "#0"
        }
      }
    },
    {
      "from": [
        12.61744,
        9.28,
        3.993
      ],
      "to": [
        14.63744,
        11.3,
        6.013
      ],
      "rotation": {
        "angle": -22.5,
        "axis": "y",
        "origin": [
          9.36982,
          10.295,
          5.04852
        ]
      },
      "faces": {
        "north": {
          "uv": [
            0.5,
            8,
            1,
            8.5
          ],
          "texture": "#0"
        },
        "east": {
          "uv": [
            1,
            8,
            1.5,
            8.5
          ],
          "texture": "#0"
        },
        "south": {
          "uv": [
            1.5,
            8,
            2,
            8.5
          ],
          "texture": "#0"
        },
        "west": {
          "uv": [
            8,
            5,
            8.5,
            5.5
          ],
          "texture": "#0"
        },
        "up": {
          "uv": [
            8.5,
            6,
            8,
            5.5
          ],
          "texture": "#0"
        },
        "down": {
          "uv": [
            8.5,
            6,
            8,
            6.5
          ],
          "texture": "#0"
        }
      }
    },
    {
      "from": [
        12.62733,
        9.29,
        6.09458
      ],
      "to": [
        14.62733,
        11.29,
        10.09458
      ],
      "rotation": {
        "angle": 0,
        "axis": "y",
        "origin": [
          9.36982,
          10.295,
          5.04852
        ]
      },
      "faces": {
        "north": {
          "uv": [
            6,
            7.75,
            6.5,
            8.25
          ],
          "texture": "#0"
        },
        "east": {
          "uv": [
            1.25,
            5.25,
            2.25,
            5.75
          ],
          "texture": "#0"
        },
        "south": {
          "uv": [
            6.5,
            7.75,
            7,
            8.25
          ],
          "texture": "#0"
        },
        "west": {
          "uv": [
            2.75,
            5.25,
            3.75,
            5.75
          ],
          "texture": "#0"
        },
        "up": {
          "uv": [
            5.75,
            6,
            5.25,
            5
          ],
          "texture": "#0"
        },
        "down": {
          "uv": [
            0.5,
            5.5,
            0,
            6.5
          ],
          "texture": "#0"
        }
      }
    },
    {
      "from": [
        13.52733,
        9.19,
        5.99458
      ],
      "to": [
        14.72733,
        11.39,
        11.19458
      ],
      "rotation": {
        "angle": 0,
        "axis": "y",
        "origin": [
          9.36982,
          10.295,
          5.04852
        ]
      },
      "faces": {
        "north": {
          "uv": [
            5.5,
            9.25,
            5.75,
            9.75
          ],
          "texture": "#0"
        },
        "east": {
          "uv": [
            3,
            2,
            4.25,
            2.5
          ],
          "texture": "#0"
        },
        "south": {
          "uv": [
            9.25,
            5.5,
            9.5,
            6
          ],
          "texture": "#0"
        },
        "west": {
          "uv": [
            3.5,
            0,
            4.75,
            0.5
          ],
          "texture": "#0"
        },
        "up": {
          "uv": [
            7.75,
            4,
            7.5,
            2.75
          ],
          "texture": "#0"
        },
        "down": {
          "uv": [
            4.25,
            7.5,
            4,
            8.75
          ],
          "texture": "#0"
        }
      }
    },
    {
      "from": [
        1.27267,
        9.29,
        6.09458
      ],
      "to": [
        3.27267,
        11.29,
        10.09458
      ],
      "rotation": {
        "angle": 0,
        "axis": "y",
        "origin": [
          6.53018,
          10.295,
          5.04852
        ]
      },
      "faces": {
        "north": {
          "uv": [
            8.25,
            2.75,
            8.75,
            3.25
          ],
          "texture": "#0"
        },
        "east": {
          "uv": [
            5.75,
            0,
            6.75,
            0.5
          ],
          "texture": "#0"
        },
        "south": {
          "uv": [
            3,
            8.25,
            3.5,
            8.75
          ],
          "texture": "#0"
        },
        "west": {
          "uv": [
            1,
            5.75,
            2,
            6.25
          ],
          "texture": "#0"
        },
        "up": {
          "uv": [
            3.25,
            6.75,
            2.75,
            5.75
          ],
          "texture": "#0"
        },
        "down": {
          "uv": [
            3.75,
            5.75,
            3.25,
            6.75
          ],
          "texture": "#0"
        }
      }
    },
    {
      "from": [
        1.17267,
        9.19,
        5.99458
      ],
      "to": [
        2.37267,
        11.39,
        11.19458
      ],
      "rotation": {
        "angle": 0,
        "axis": "y",
        "origin": [
          6.53018,
          10.295,
          5.04852
        ]
      },
      "faces": {
        "north": {
          "uv": [
            4.75,
            9.25,
            5,
            9.75
          ],
          "texture": "#0"
        },
        "east": {
          "uv": [
            2.5,
            2.5,
            3.75,
            3
          ],
          "texture": "#0"
        },
        "south": {
          "uv": [
            9.25,
            4.75,
            9.5,
            5.25
          ],
          "texture": "#0"
        },
        "west": {
          "uv": [
            3,
            1.5,
            4.25,
            2
          ],
          "texture": "#0"
        },
        "up": {
          "uv": [
            7.5,
            8,
            7.25,
            6.75
          ],
          "texture": "#0"
        },
        "down": {
          "uv": [
            7.25,
            7.25,
            7,
            8.5
          ],
          "texture": "#0"
        }
      }
    },
    {
      "from": [
        7,
        5.68256,
        3.993
      ],
      "to": [
        9,
        9.68256,
        5.993
      ],
      "rotation": {
        "angle": -22.5,
        "axis": "x",
        "origin": [
          7.995,
          8.93018,
          5.04852
        ]
      },
      "faces": {
        "north": {
          "uv": [
            5,
            3,
            5.5,
            4
          ],
          "texture": "#0"
        },
        "east": {
          "uv": [
            5,
            4,
            5.5,
            5
          ],
          "texture": "#0"
        },
        "south": {
          "uv": [
            4.25,
            5,
            4.75,
            6
          ],
          "texture": "#0"
        },
        "west": {
          "uv": [
            4.75,
            5,
            5.25,
            6
          ],
          "texture": "#0"
        },
        "up": {
          "uv": [
            2.5,
            8.25,
            2,
            7.75
          ],
          "texture": "#0"
        },
        "down": {
          "uv": [
            3.25,
            7.75,
            2.75,
            8.25
          ],
          "texture": "#0"
        }
      }
    },
    {
      "from": [
        6.9,
        7.58256,
        3.893
      ],
      "to": [
        9.1,
        9.78256,
        6.093
      ],
      "rotation": {
        "angle": -22.5,
        "axis": "x",
        "origin": [
          7.995,
          8.93018,
          5.04852
        ]
      },
      "faces": {
        "north": {
          "uv": [
            3.75,
            2.5,
            4.25,
            3
          ],
          "texture": "#0"
        },
        "east": {
          "uv": [
            7.5,
            5,
            8,
            5.5
          ],
          "texture": "#0"
        },
        "south": {
          "uv": [
            7.5,
            5.5,
            8,
            6
          ],
          "texture": "#0"
        },
        "west": {
          "uv": [
            7.5,
            6,
            8,
            6.5
          ],
          "texture": "#0"
        },
        "up": {
          "uv": [
            8,
            7,
            7.5,
            6.5
          ],
          "texture": "#0"
        },
        "down": {
          "uv": [
            8,
            7,
            7.5,
            7.5
          ],
          "texture": "#0"
        }
      }
    },
    {
      "from": [
        7,
        10.91744,
        3.993
      ],
      "to": [
        9,
        14.91744,
        5.993
      ],
      "rotation": {
        "angle": 22.5,
        "axis": "x",
        "origin": [
          8.005,
          12.16982,
          4.94852
        ]
      },
      "faces": {
        "north": {
          "uv": [
            3.75,
            4.5,
            4.25,
            5.5
          ],
          "texture": "#0"
        },
        "east": {
          "uv": [
            0.75,
            4.75,
            1.25,
            5.75
          ],
          "texture": "#0"
        },
        "south": {
          "uv": [
            5,
            2,
            5.5,
            3
          ],
          "texture": "#0"
        },
        "west": {
          "uv": [
            2.25,
            5,
            2.75,
            6
          ],
          "texture": "#0"
        },
        "up": {
          "uv": [
            8.25,
            1.25,
            7.75,
            0.75
          ],
          "texture": "#0"
        },
        "down": {
          "uv": [
            8.25,
            1.25,
            7.75,
            1.75
          ],
          "texture": "#0"
        }
      }
    },
    {
      "from": [
        6.9,
        10.81744,
        3.893
      ],
      "to": [
        9.1,
        13.01744,
        6.093
      ],
      "rotation": {
        "angle": 22.5,
        "axis": "x",
        "origin": [
          8.005,
          12.16982,
          4.94852
        ]
      },
      "faces": {
        "north": {
          "uv": [
            8.75,
            2.5,
            9.25,
            3
          ],
          "texture": "#0"
        },
        "east": {
          "uv": [
            3,
            8.75,
            3.5,
            9.25
          ],
          "texture": "#0"
        },
        "south": {
          "uv": [
            8.75,
            3,
            9.25,
            3.5
          ],
          "texture": "#0"
        },
        "west": {
          "uv": [
            3.5,
            8.75,
            4,
            9.25
          ],
          "texture": "#0"
        },
        "up": {
          "uv": [
            9.25,
            4,
            8.75,
            3.5
          ],
          "texture": "#0"
        },
        "down": {
          "uv": [
            4.5,
            8.75,
            4,
            9.25
          ],
          "texture": "#0"
        }
      }
    },
    {
      "from": [
        7.01,
        14.92712,
        5.89563
      ],
      "to": [
        9.01,
        16.92712,
        9.89563
      ],
      "rotation": {
        "angle": 0,
        "axis": "y",
        "origin": [
          8.005,
          12.16982,
          4.94852
        ]
      },
      "faces": {
        "north": {
          "uv": [
            2,
            8.25,
            2.5,
            8.75
          ],
          "texture": "#0"
        },
        "east": {
          "uv": [
            5.5,
            4,
            6.5,
            4.5
          ],
          "texture": "#0"
        },
        "south": {
          "uv": [
            2.5,
            8.25,
            3,
            8.75
          ],
          "texture": "#0"
        },
        "west": {
          "uv": [
            5.5,
            4.5,
            6.5,
            5
          ],
          "texture": "#0"
        },
        "up": {
          "uv": [
            4.25,
            6.5,
            3.75,
            5.5
          ],
          "texture": "#0"
        },
        "down": {
          "uv": [
            1,
            5.75,
            0.5,
            6.75
          ],
          "texture": "#0"
        }
      }
    },
    {
      "from": [
        6.91,
        15.82712,
        5.79563
      ],
      "to": [
        9.11,
        17.02712,
        10.99563
      ],
      "rotation": {
        "angle": 0,
        "axis": "y",
        "origin": [
          8.005,
          12.16982,
          4.94852
        ]
      },
      "faces": {
        "north": {
          "uv": [
            4.25,
            9.25,
            4.75,
            9.5
          ],
          "texture": "#0"
        },
        "east": {
          "uv": [
            7,
            1.75,
            8.25,
            2
          ],
          "texture": "#0"
        },
        "south": {
          "uv": [
            9.25,
            4.25,
            9.75,
            4.5
          ],
          "texture": "#0"
        },
        "west": {
          "uv": [
            7,
            4.25,
            8.25,
            4.5
          ],
          "texture": "#0"
        },
        "up": {
          "uv": [
            2,
            3.75,
            1.5,
            2.5
          ],
          "texture": "#0"
        },
        "down": {
          "uv": [
            2.5,
            2.5,
            2,
            3.75
          ],
          "texture": "#0"
        }
      }
    },
    {
      "from": [
        6.99,
        3.67267,
        6.09458
      ],
      "to": [
        8.99,
        5.67267,
        10.09458
      ],
      "rotation": {
        "angle": 0,
        "axis": "y",
        "origin": [
          7.995,
          8.93018,
          5.04852
        ]
      },
      "faces": {
        "north": {
          "uv": [
            8.5,
            7.5,
            9,
            8
          ],
          "texture": "#0"
        },
        "east": {
          "uv": [
            6.5,
            2.5,
            7.5,
            3
          ],
          "texture": "#0"
        },
        "south": {
          "uv": [
            8,
            8.5,
            8.5,
            9
          ],
          "texture": "#0"
        },
        "west": {
          "uv": [
            6.5,
            3,
            7.5,
            3.5
          ],
          "texture": "#0"
        },
        "up": {
          "uv": [
            7,
            4.5,
            6.5,
            3.5
          ],
          "texture": "#0"
        },
        "down": {
          "uv": [
            4.25,
            6.5,
            3.75,
            7.5
          ],
          "texture": "#0"
        }
      }
    },
    {
      "from": [
        6.89,
        3.57267,
        5.99458
      ],
      "to": [
        9.09,
        4.77267,
        11.19458
      ],
      "rotation": {
        "angle": 0,
        "axis": "y",
        "origin": [
          7.995,
          8.93018,
          5.04852
        ]
      },
      "faces": {
        "north": {
          "uv": [
            5,
            9.25,
            5.5,
            9.5
          ],
          "texture": "#0"
        },
        "east": {
          "uv": [
            7.5,
            2.5,
            8.75,
            2.75
          ],
          "texture": "#0"
        },
        "south": {
          "uv": [
            9.25,
            5.25,
            9.75,
            5.5
          ],
          "texture": "#0"
        },
        "west": {
          "uv": [
            2.75,
            7.5,
            4,
            7.75
          ],
          "texture": "#0"
        },
        "up": {
          "uv": [
            3,
            4.25,
            2.5,
            3
          ],
          "texture": "#0"
        },
        "down": {
          "uv": [
            3.5,
            3,
            3,
            4.25
          ],
          "texture": "#0"
        }
      }
    },
    {
      "from": [
        7,
        14.91744,
        3.993
      ],
      "to": [
        9.02,
        16.93744,
        6.013
      ],
      "rotation": {
        "angle": 22.5,
        "axis": "x",
        "origin": [
          8.005,
          12.16982,
          4.94852
        ]
      },
      "faces": {
        "north": {
          "uv": [
            7.25,
            8,
            7.75,
            8.5
          ],
          "texture": "#0"
        },
        "east": {
          "uv": [
            8,
            7.5,
            8.5,
            8
          ],
          "texture": "#0"
        },
        "south": {
          "uv": [
            7.75,
            8,
            8.25,
            8.5
          ],
          "texture": "#0"
        },
        "west": {
          "uv": [
            8.25,
            0.25,
            8.75,
            0.75
          ],
          "texture": "#0"
        },
        "up": {
          "uv": [
            8.75,
            1.25,
            8.25,
            0.75
          ],
          "texture": "#0"
        },
        "down": {
          "uv": [
            8.75,
            1.25,
            8.25,
            1.75
          ],
          "texture": "#0"
        }
      }
    },
    {
      "from": [
        6.98,
        3.66256,
        3.993
      ],
      "to": [
        9,
        5.68256,
        6.013
      ],
      "rotation": {
        "angle": -22.5,
        "axis": "x",
        "origin": [
          7.995,
          8.93018,
          5.04852
        ]
      },
      "faces": {
        "north": {
          "uv": [
            8.25,
            3.25,
            8.75,
            3.75
          ],
          "texture": "#0"
        },
        "east": {
          "uv": [
            3.5,
            8.25,
            4,
            8.75
          ],
          "texture": "#0"
        },
        "south": {
          "uv": [
            8.25,
            3.75,
            8.75,
            4.25
          ],
          "texture": "#0"
        },
        "west": {
          "uv": [
            4.25,
            8.25,
            4.75,
            8.75
          ],
          "texture": "#0"
        },
        "up": {
          "uv": [
            8.75,
            4.75,
            8.25,
            4.25
          ],
          "texture": "#0"
        },
        "down": {
          "uv": [
            5.25,
            8.25,
            4.75,
            8.75
          ],
          "texture": "#0"
        }
      }
    },
    {
      "from": [
        6.5,
        8.9,
        3.5
      ],
      "to": [
        9.5,
        11.9,
        6.5
      ],
      "rotation": {
        "angle": 0,
        "axis": "y",
        "origin": [
          7,
          12,
          8
        ]
      },
      "faces": {
        "north": {
          "uv": [
            4.25,
            0.5,
            5,
            1.25
          ],
          "texture": "#0"
        },
        "east": {
          "uv": [
            4.25,
            1.25,
            5,
            2
          ],
          "texture": "#0"
        },
        "south": {
          "uv": [
            4.25,
            2,
            5,
            2.75
          ],
          "texture": "#0"
        },
        "west": {
          "uv": [
            2.25,
            4.25,
            3,
            5
          ],
          "texture": "#0"
        },
        "up": {
          "uv": [
            5,
            3.5,
            4.25,
            2.75
          ],
          "texture": "#0"
        },
        "down": {
          "uv": [
            5,
            3.5,
            4.25,
            4.25
          ],
          "texture": "#0"
        }
      }
    },
    {
      "from": [
        6.5,
        8.9,
        6.5
      ],
      "to": [
        9.5,
        11.9,
        16.5
      ],
      "rotation": {
        "angle": 45,
        "axis": "z",
        "origin": [
          8,
          10.4,
          11.5
        ]
      },
      "faces": {
        "north": {
          "uv": [
            4.25,
            4.25,
            5,
            5
          ],
          "texture": "#0"
        },
        "east": {
          "uv": [
            0,
            0,
            2.5,
            0.75
          ],
          "texture": "#0"
        },
        "south": {
          "uv": [
            1.5,
            4.5,
            2.25,
            5.25
          ],
          "texture": "#0"
        },
        "west": {
          "uv": [
            0,
            0.75,
            2.5,
            1.5
          ],
          "texture": "#0"
        },
        "up": {
          "uv": [
            0.75,
            4,
            0,
            1.5
          ],
          "texture": "#0"
        },
        "down": {
          "uv": [
            1.5,
            1.5,
            0.75,
            4
          ],
          "texture": "#0"
        }
      }
    },
    {
      "from": [
        6.4,
        8.8,
        14.2
      ],
      "to": [
        9.6,
        12,
        16.4
      ],
      "rotation": {
        "angle": 45,
        "axis": "z",
        "origin": [
          8,
          10.4,
          12
        ]
      },
      "faces": {
        "north": {
          "uv": [
            3,
            4.5,
            3.75,
            5.25
          ],
          "texture": "#0"
        },
        "east": {
          "uv": [
            1,
            7.25,
            1.5,
            8
          ],
          "texture": "#0"
        },
        "south": {
          "uv": [
            0,
            4.75,
            0.75,
            5.5
          ],
          "texture": "#0"
        },
        "west": {
          "uv": [
            1.5,
            7.25,
            2,
            8
          ],
          "texture": "#0"
        },
        "up": {
          "uv": [
            6.25,
            7.75,
            5.5,
            7.25
          ],
          "texture": "#0"
        },
        "down": {
          "uv": [
            7,
            7.25,
            6.25,
            7.75
          ],
          "texture": "#0"
        }
      }
    },
    {
      "from": [
        7.35355,
        9.67782,
        -0.7
      ],
      "to": [
        8.75355,
        11.07782,
        1.7
      ],
      "rotation": {
        "angle": 45,
        "axis": "z",
        "origin": [
          8,
          10.32426,
          3.75
        ]
      },
      "faces": {
        "north": {
          "uv": [
            5.5,
            7,
            5.75,
            7.25
          ],
          "texture": "#0"
        },
        "east": {
          "uv": [
            3.5,
            9.25,
            4,
            9.5
          ],
          "texture": "#0"
        },
        "south": {
          "uv": [
            7.5,
            4,
            7.75,
            4.25
          ],
          "texture": "#0"
        },
        "west": {
          "uv": [
            9.25,
            3.5,
            9.75,
            3.75
          ],
          "texture": "#0"
        },
        "up": {
          "uv": [
            9.5,
            4.25,
            9.25,
            3.75
          ],
          "texture": "#0"
        },
        "down": {
          "uv": [
            4.25,
            9.25,
            4,
            9.75
          ],
          "texture": "#0"
        }
      }
    },
    {
      "from": [
        7.45355,
        9.77782,
        2.4
      ],
      "to": [
        8.65355,
        10.97782,
        4.6
      ],
      "rotation": {
        "angle": 45,
        "axis": "z",
        "origin": [
          8,
          10.32426,
          3.75
        ]
      },
      "faces": {
        "north": {
          "uv": [
            2,
            5.75,
            2.25,
            6
          ],
          "texture": "#0"
        },
        "east": {
          "uv": [
            2.75,
            9.25,
            3.25,
            9.5
          ],
          "texture": "#0"
        },
        "south": {
          "uv": [
            6.75,
            0.25,
            7,
            0.5
          ],
          "texture": "#0"
        },
        "west": {
          "uv": [
            9.25,
            2.75,
            9.75,
            3
          ],
          "texture": "#0"
        },
        "up": {
          "uv": [
            9.5,
            3.5,
            9.25,
            3
          ],
          "texture": "#0"
        },
        "down": {
          "uv": [
            3.5,
            9.25,
            3.25,
            9.75
          ],
          "texture": "#0"
        }
      }
    },
    {
      "from": [
        7.55355,
        9.87782,
        1.5
      ],
      "to": [
        8.55355,
        10.87782,
        9.5
      ],
      "rotation": {
        "angle": 45,
        "axis": "z",
        "origin": [
          8,
          10.32426,
          3.75
        ]
      },
      "faces": {
        "north": {
          "uv": [
            2.75,
            5,
            3,
            5.25
          ],
          "texture": "#0"
        },
        "east": {
          "uv": [
            6.5,
            2,
            8.5,
            2.25
          ],
          "texture": "#0"
        },
        "south": {
          "uv": [
            0.5,
            5.5,
            0.75,
            5.75
          ],
          "texture": "#0"
        },
        "west": {
          "uv": [
            6.5,
            2.25,
            8.5,
            2.5
          ],
          "texture": "#0"
        },
        "up": {
          "uv": [
            2.75,
            8,
            2.5,
            6
          ],
          "texture": "#0"
        },
        "down": {
          "uv": [
            0.25,
            6.5,
            0,
            8.5
          ],
          "texture": "#0"
        }
      }
    },
    {
      "from": [
        3.55355,
        10.37782,
        3.5
      ],
      "to": [
        8.55355,
        10.37782,
        10.5
      ],
      "rotation": {
        "angle": 45,
        "axis": "z",
        "origin": [
          8,
          10.32426,
          3.75
        ]
      },
      "faces": {
        "north": {
          "uv": [
            2.75,
            5,
            3,
            5.25
          ],
          "texture": "#0"
        },
        "east": {
          "uv": [
            6.5,
            2,
            8.5,
            2.25
          ],
          "texture": "#0"
        },
        "south": {
          "uv": [
            0.5,
            5.5,
            0.75,
            5.75
          ],
          "texture": "#0"
        },
        "west": {
          "uv": [
            6.5,
            2.25,
            8.5,
            2.5
          ],
          "texture": "#0"
        },
        "up": {
          "uv": [
            1.25,
            11.5,
            0,
            9.75
          ],
          "texture": "#0"
        },
        "down": {
          "uv": [
            1.25,
            9.75,
            0,
            11.5
          ],
          "texture": "#0"
        }
      }
    },
    {
      "from": [
        7.45355,
        9.77782,
        5.4
      ],
      "to": [
        8.65355,
        10.97782,
        6.6
      ],
      "rotation": {
        "angle": 45,
        "axis": "z",
        "origin": [
          8,
          10.32426,
          3.75
        ]
      },
      "faces": {
        "north": {
          "uv": [
            2.5,
            8,
            2.75,
            8.25
          ],
          "texture": "#0"
        },
        "east": {
          "uv": [
            0.25,
            8.25,
            0.5,
            8.5
          ],
          "texture": "#0"
        },
        "south": {
          "uv": [
            8.5,
            0,
            8.75,
            0.25
          ],
          "texture": "#0"
        },
        "west": {
          "uv": [
            5.75,
            9.25,
            6,
            9.5
          ],
          "texture": "#0"
        },
        "up": {
          "uv": [
            9.5,
            6.25,
            9.25,
            6
          ],
          "texture": "#0"
        },
        "down": {
          "uv": [
            9.5,
            6.25,
            9.25,
            6.5
          ],
          "texture": "#0"
        }
      }
    },
    {
      "from": [
        7.5,
        14.09203,
        0.82807
      ],
      "to": [
        8.5,
        14.09203,
        2.82807
      ],
      "rotation": {
        "angle": 22.5,
        "axis": "x",
        "origin": [
          8,
          12.59203,
          1.82807
        ]
      },
      "faces": {
        "north": {
          "uv": [
            1,
            9.75,
            0.75,
            9
          ],
          "rotation": 180,
          "texture": "#0"
        },
        "east": {
          "uv": [
            6.75,
            5,
            7.5,
            5.5
          ],
          "rotation": 90,
          "texture": "#0"
        },
        "south": {
          "uv": [
            1.25,
            9,
            1,
            9.75
          ],
          "texture": "#0"
        },
        "west": {
          "uv": [
            6.75,
            5.5,
            7.5,
            6
          ],
          "rotation": 270,
          "texture": "#0"
        },
        "up": {
          "uv": [
            8.5,
            9,
            8.75,
            9.5
          ],
          "texture": "#0"
        },
        "down": {
          "uv": [
            8.5,
            9,
            8.75,
            9.5
          ],
          "rotation": 180,
          "texture": "#0"
        }
      }
    },
    {
      "from": [
        7.5,
        11.09203,
        0.82807
      ],
      "to": [
        8.5,
        14.09203,
        0.82807
      ],
      "rotation": {
        "angle": 22.5,
        "axis": "x",
        "origin": [
          8,
          12.59203,
          1.82807
        ]
      },
      "faces": {
        "north": {
          "uv": [
            1,
            9.75,
            0.75,
            9
          ],
          "rotation": 180,
          "texture": "#0"
        },
        "east": {
          "uv": [
            1,
            9.75,
            0.75,
            9
          ],
          "rotation": 90,
          "texture": "#0"
        },
        "south": {
          "uv": [
            0.75,
            9,
            1,
            9.75
          ],
          "texture": "#0"
        },
        "west": {
          "uv": [
            1,
            9.75,
            0.75,
            9
          ],
          "rotation": 270,
          "texture": "#0"
        },
        "up": {
          "uv": [
            1,
            9.75,
            0.75,
            9
          ],
          "texture": "#0"
        },
        "down": {
          "uv": [
            1,
            9.75,
            0.75,
            9
          ],
          "rotation": 180,
          "texture": "#0"
        }
      }
    },
    {
      "from": [
        7.5,
        11.09203,
        0.82807
      ],
      "to": [
        8.5,
        11.09203,
        2.82807
      ],
      "rotation": {
        "angle": 22.5,
        "axis": "x",
        "origin": [
          8,
          12.59203,
          1.82807
        ]
      },
      "faces": {
        "north": {
          "uv": [
            8.25,
            9,
            8.5,
            9.5
          ],
          "rotation": 180,
          "texture": "#0"
        },
        "east": {
          "uv": [
            8.25,
            9,
            8.5,
            9.5
          ],
          "rotation": 90,
          "texture": "#0"
        },
        "south": {
          "uv": [
            8.25,
            9,
            8.5,
            9.5
          ],
          "texture": "#0"
        },
        "west": {
          "uv": [
            8.25,
            9,
            8.5,
            9.5
          ],
          "rotation": 270,
          "texture": "#0"
        },
        "up": {
          "uv": [
            8.25,
            9,
            8.5,
            9.5
          ],
          "texture": "#0"
        },
        "down": {
          "uv": [
            8.25,
            9,
            8.5,
            9.5
          ],
          "rotation": 180,
          "texture": "#0"
        }
      }
    },
    {
      "from": [
        7.5,
        6.5565,
        0.82807
      ],
      "to": [
        8.5,
        6.5565,
        2.82807
      ],
      "rotation": {
        "angle": -22.5,
        "axis": "x",
        "origin": [
          8,
          8.0565,
          1.82807
        ]
      },
      "faces": {
        "north": {
          "uv": [
            1,
            9,
            0.75,
            9.75
          ],
          "rotation": 180,
          "texture": "#0"
        },
        "east": {
          "uv": [
            6.75,
            5.5,
            7.5,
            5
          ],
          "rotation": 270,
          "texture": "#0"
        },
        "south": {
          "uv": [
            1.25,
            9.75,
            1,
            9
          ],
          "texture": "#0"
        },
        "west": {
          "uv": [
            6.75,
            6,
            7.5,
            5.5
          ],
          "rotation": 90,
          "texture": "#0"
        },
        "up": {
          "uv": [
            8.5,
            9.5,
            8.75,
            9
          ],
          "rotation": 180,
          "texture": "#0"
        },
        "down": {
          "uv": [
            8.5,
            9.5,
            8.75,
            9
          ],
          "texture": "#0"
        }
      }
    },
    {
      "from": [
        7.5,
        6.5565,
        0.82807
      ],
      "to": [
        8.5,
        9.5565,
        0.82807
      ],
      "rotation": {
        "angle": -22.5,
        "axis": "x",
        "origin": [
          8,
          8.0565,
          1.82807
        ]
      },
      "faces": {
        "north": {
          "uv": [
            1,
            9,
            0.75,
            9.75
          ],
          "rotation": 180,
          "texture": "#0"
        },
        "east": {
          "uv": [
            1,
            9,
            0.75,
            9.75
          ],
          "rotation": 270,
          "texture": "#0"
        },
        "south": {
          "uv": [
            0.75,
            9.75,
            1,
            9
          ],
          "texture": "#0"
        },
        "west": {
          "uv": [
            1,
            9,
            0.75,
            9.75
          ],
          "rotation": 90,
          "texture": "#0"
        },
        "up": {
          "uv": [
            1,
            9,
            0.75,
            9.75
          ],
          "rotation": 180,
          "texture": "#0"
        },
        "down": {
          "uv": [
            1,
            9,
            0.75,
            9.75
          ],
          "texture": "#0"
        }
      }
    },
    {
      "from": [
        7.5,
        9.5565,
        0.82807
      ],
      "to": [
        8.5,
        9.5565,
        2.82807
      ],
      "rotation": {
        "angle": -22.5,
        "axis": "x",
        "origin": [
          8,
          8.0565,
          1.82807
        ]
      },
      "faces": {
        "north": {
          "uv": [
            8.25,
            9.5,
            8.5,
            9
          ],
          "rotation": 180,
          "texture": "#0"
        },
        "east": {
          "uv": [
            8.25,
            9.5,
            8.5,
            9
          ],
          "rotation": 270,
          "texture": "#0"
        },
        "south": {
          "uv": [
            8.25,
            9.5,
            8.5,
            9
          ],
          "texture": "#0"
        },
        "west": {
          "uv": [
            8.25,
            9.5,
            8.5,
            9
          ],
          "rotation": 90,
          "texture": "#0"
        },
        "up": {
          "uv": [
            8.25,
            9.5,
            8.5,
            9
          ],
          "rotation": 180,
          "texture": "#0"
        },
        "down": {
          "uv": [
            8.25,
            9.5,
            8.5,
            9
          ],
          "texture": "#0"
        }
      }
    },
    {
      "from": [
        8.76777,
        9.82426,
        0.82807
      ],
      "to": [
        8.76777,
        10.82426,
        2.82807
      ],
      "rotation": {
        "angle": -22.5,
        "axis": "y",
        "origin": [
          10.26777,
          10.32426,
          1.82807
        ]
      },
      "faces": {
        "north": {
          "uv": [
            8.25,
            9.5,
            8.5,
            9
          ],
          "rotation": 270,
          "texture": "#0"
        },
        "east": {
          "uv": [
            8.25,
            9.5,
            8.5,
            9
          ],
          "rotation": 270,
          "texture": "#0"
        },
        "south": {
          "uv": [
            8.25,
            9.5,
            8.5,
            9
          ],
          "rotation": 270,
          "texture": "#0"
        },
        "west": {
          "uv": [
            8.25,
            9.5,
            8.5,
            9
          ],
          "rotation": 90,
          "texture": "#0"
        },
        "up": {
          "uv": [
            8.25,
            9.5,
            8.5,
            9
          ],
          "rotation": 180,
          "texture": "#0"
        },
        "down": {
          "uv": [
            8.25,
            9.5,
            8.5,
            9
          ],
          "texture": "#0"
        }
      }
    },
    {
      "from": [
        8.76777,
        9.82426,
        0.82807
      ],
      "to": [
        11.76777,
        10.82426,
        0.82807
      ],
      "rotation": {
        "angle": -22.5,
        "axis": "y",
        "origin": [
          10.26777,
          10.32426,
          1.82807
        ]
      },
      "faces": {
        "north": {
          "uv": [
            1,
            9,
            0.75,
            9.75
          ],
          "rotation": 270,
          "texture": "#0"
        },
        "east": {
          "uv": [
            1,
            9,
            0.75,
            9.75
          ],
          "rotation": 270,
          "texture": "#0"
        },
        "south": {
          "uv": [
            0.75,
            9.75,
            1,
            9
          ],
          "rotation": 270,
          "texture": "#0"
        },
        "west": {
          "uv": [
            1,
            9,
            0.75,
            9.75
          ],
          "rotation": 90,
          "texture": "#0"
        },
        "up": {
          "uv": [
            1,
            9,
            0.75,
            9.75
          ],
          "rotation": 180,
          "texture": "#0"
        },
        "down": {
          "uv": [
            1,
            9,
            0.75,
            9.75
          ],
          "texture": "#0"
        }
      }
    },
    {
      "from": [
        11.76777,
        9.82426,
        0.82807
      ],
      "to": [
        11.76777,
        10.82426,
        2.82807
      ],
      "rotation": {
        "angle": -22.5,
        "axis": "y",
        "origin": [
          10.26777,
          10.32426,
          1.82807
        ]
      },
      "faces": {
        "north": {
          "uv": [
            1,
            9,
            0.75,
            9.75
          ],
          "rotation": 270,
          "texture": "#0"
        },
        "east": {
          "uv": [
            8.5,
            9.5,
            8.75,
            9
          ],
          "rotation": 270,
          "texture": "#0"
        },
        "south": {
          "uv": [
            1.25,
            9.75,
            1,
            9
          ],
          "rotation": 270,
          "texture": "#0"
        },
        "west": {
          "uv": [
            8.5,
            9.5,
            8.75,
            9
          ],
          "rotation": 90,
          "texture": "#0"
        },
        "up": {
          "uv": [
            6.75,
            5.5,
            7.5,
            5
          ],
          "rotation": 180,
          "texture": "#0"
        },
        "down": {
          "uv": [
            6.75,
            6,
            7.5,
            5.5
          ],
          "texture": "#0"
        }
      }
    },
    {
      "from": [
        7.23223,
        9.82426,
        0.82807
      ],
      "to": [
        7.23223,
        10.82426,
        2.82807
      ],
      "rotation": {
        "angle": 22.5,
        "axis": "y",
        "origin": [
          5.73223,
          10.32426,
          1.82807
        ]
      },
      "faces": {
        "north": {
          "uv": [
            8.25,
            9,
            8.5,
            9.5
          ],
          "rotation": 270,
          "texture": "#0"
        },
        "east": {
          "uv": [
            8.25,
            9,
            8.5,
            9.5
          ],
          "rotation": 90,
          "texture": "#0"
        },
        "south": {
          "uv": [
            8.25,
            9,
            8.5,
            9.5
          ],
          "rotation": 270,
          "texture": "#0"
        },
        "west": {
          "uv": [
            8.25,
            9,
            8.5,
            9.5
          ],
          "rotation": 270,
          "texture": "#0"
        },
        "up": {
          "uv": [
            8.25,
            9,
            8.5,
            9.5
          ],
          "texture": "#0"
        },
        "down": {
          "uv": [
            8.25,
            9,
            8.5,
            9.5
          ],
          "rotation": 180,
          "texture": "#0"
        }
      }
    },
    {
      "from": [
        4.23223,
        9.82426,
        0.82807
      ],
      "to": [
        7.23223,
        10.82426,
        0.82807
      ],
      "rotation": {
        "angle": 22.5,
        "axis": "y",
        "origin": [
          5.73223,
          10.32426,
          1.82807
        ]
      },
      "faces": {
        "north": {
          "uv": [
            1,
            9.75,
            0.75,
            9
          ],
          "rotation": 270,
          "texture": "#0"
        },
        "east": {
          "uv": [
            1,
            9.75,
            0.75,
            9
          ],
          "rotation": 90,
          "texture": "#0"
        },
        "south": {
          "uv": [
            0.75,
            9,
            1,
            9.75
          ],
          "rotation": 270,
          "texture": "#0"
        },
        "west": {
          "uv": [
            1,
            9.75,
            0.75,
            9
          ],
          "rotation": 270,
          "texture": "#0"
        },
        "up": {
          "uv": [
            1,
            9.75,
            0.75,
            9
          ],
          "texture": "#0"
        },
        "down": {
          "uv": [
            1,
            9.75,
            0.75,
            9
          ],
          "rotation": 180,
          "texture": "#0"
        }
      }
    },
    {
      "from": [
        4.23223,
        9.82426,
        0.82807
      ],
      "to": [
        4.23223,
        10.82426,
        2.82807
      ],
      "rotation": {
        "angle": 22.5,
        "axis": "y",
        "origin": [
          5.73223,
          10.32426,
          1.82807
        ]
      },
      "faces": {
        "north": {
          "uv": [
            1,
            9.75,
            0.75,
            9
          ],
          "rotation": 270,
          "texture": "#0"
        },
        "east": {
          "uv": [
            8.5,
            9,
            8.75,
            9.5
          ],
          "rotation": 90,
          "texture": "#0"
        },
        "south": {
          "uv": [
            1.25,
            9,
            1,
            9.75
          ],
          "rotation": 270,
          "texture": "#0"
        },
        "west": {
          "uv": [
            8.5,
            9,
            8.75,
            9.5
          ],
          "rotation": 270,
          "texture": "#0"
        },
        "up": {
          "uv": [
            6.75,
            5,
            7.5,
            5.5
          ],
          "texture": "#0"
        },
        "down": {
          "uv": [
            6.75,
            5.5,
            7.5,
            6
          ],
          "rotation": 180,
          "texture": "#0"
        }
      }
    },
    {
      "from": [
        6.37868,
        10.02132,
        6.5
      ],
      "to": [
        7.37868,
        13.02132,
        10.5
      ],
      "rotation": {
        "angle": -22.5,
        "axis": "z",
        "origin": [
          5.87868,
          12.52132,
          12.5
        ]
      },
      "faces": {
        "north": {
          "uv": [
            0.25,
            9,
            0.5,
            9.75
          ],
          "texture": "#0"
        },
        "east": {
          "uv": [
            2.5,
            0,
            3.5,
            0.75
          ],
          "texture": "#0"
        },
        "south": {
          "uv": [
            0.5,
            9,
            0.75,
            9.75
          ],
          "texture": "#0"
        },
        "west": {
          "uv": [
            2.5,
            0.75,
            3.5,
            1.5
          ],
          "texture": "#0"
        },
        "up": {
          "uv": [
            7,
            9.25,
            6.75,
            8.25
          ],
          "texture": "#0"
        },
        "down": {
          "uv": [
            8.75,
            5,
            8.5,
            6
          ],
          "texture": "#0"
        }
      }
    },
    {
      "from": [
        7.62132,
        8.77868,
        6.5
      ],
      "to": [
        10.62132,
        9.77868,
        10.5
      ],
      "rotation": {
        "angle": 22.5,
        "axis": "z",
        "origin": [
          10.12132,
          8.27868,
          12.5
        ]
      },
      "faces": {
        "north": {
          "uv": [
            3.5,
            1.25,
            4.25,
            1.5
          ],
          "texture": "#0"
        },
        "east": {
          "uv": [
            8.25,
            1.75,
            9.25,
            2
          ],
          "texture": "#0"
        },
        "south": {
          "uv": [
            8.75,
            1.5,
            9.5,
            1.75
          ],
          "texture": "#0"
        },
        "west": {
          "uv": [
            8.25,
            4.75,
            9.25,
            5
          ],
          "texture": "#0"
        },
        "up": {
          "uv": [
            2.25,
            2.5,
            1.5,
            1.5
          ],
          "texture": "#0"
        },
        "down": {
          "uv": [
            3,
            1.5,
            2.25,
            2.5
          ],
          "texture": "#0"
        }
      }
    },
    {
      "from": [
        2.5,
        9.4,
        12.5
      ],
      "to": [
        6.5,
        11.4,
        14.5
      ],
      "rotation": {
        "angle": 45,
        "axis": "z",
        "origin": [
          8,
          10.4,
          11.5
        ]
      },
      "faces": {
        "north": {
          "uv": [
            5.75,
            5,
            6.75,
            5.5
          ],
          "texture": "#0"
        },
        "east": {
          "uv": [
            5.25,
            8.25,
            5.75,
            8.75
          ],
          "texture": "#0"
        },
        "south": {
          "uv": [
            5.75,
            5.5,
            6.75,
            6
          ],
          "texture": "#0"
        },
        "west": {
          "uv": [
            5.75,
            8.25,
            6.25,
            8.75
          ],
          "texture": "#0"
        },
        "up": {
          "uv": [
            7,
            1,
            6,
            0.5
          ],
          "texture": "#0"
        },
        "down": {
          "uv": [
            7,
            1,
            6,
            1.5
          ],
          "texture": "#0"
        }
      }
    },
    {
      "from": [
        4.5,
        8.7,
        7.5
      ],
      "to": [
        6.5,
        11.7,
        9.5
      ],
      "rotation": {
        "angle": 45,
        "axis": "z",
        "origin": [
          8,
          10.4,
          11.5
        ]
      },
      "faces": {
        "north": {
          "uv": [
            2,
            7,
            2.5,
            7.75
          ],
          "texture": "#0"
        },
        "east": {
          "uv": [
            7,
            3.5,
            7.5,
            4.25
          ],
          "texture": "#0"
        },
        "south": {
          "uv": [
            5,
            7,
            5.5,
            7.75
          ],
          "texture": "#0"
        },
        "west": {
          "uv": [
            0.5,
            7.25,
            1,
            8
          ],
          "texture": "#0"
        },
        "up": {
          "uv": [
            9,
            2.5,
            8.5,
            2
          ],
          "texture": "#0"
        },
        "down": {
          "uv": [
            9,
            6,
            8.5,
            6.5
          ],
          "texture": "#0"
        }
      }
    },
    {
      "from": [
        4.3,
        11.5,
        7.3
      ],
      "to": [
        6.7,
        12.9,
        9.7
      ],
      "rotation": {
        "angle": 45,
        "axis": "z",
        "origin": [
          8,
          10.4,
          11.5
        ]
      },
      "faces": {
        "north": {
          "uv": [
            1.25,
            9.25,
            1.75,
            9.5
          ],
          "texture": "#0"
        },
        "east": {
          "uv": [
            9.25,
            1.25,
            9.75,
            1.5
          ],
          "texture": "#0"
        },
        "south": {
          "uv": [
            1.75,
            9.25,
            2.25,
            9.5
          ],
          "texture": "#0"
        },
        "west": {
          "uv": [
            9.25,
            1.75,
            9.75,
            2
          ],
          "texture": "#0"
        },
        "up": {
          "uv": [
            9,
            7,
            8.5,
            6.5
          ],
          "texture": "#0"
        },
        "down": {
          "uv": [
            7.5,
            8.5,
            7,
            9
          ],
          "texture": "#0"
        }
      }
    },
    {
      "from": [
        4.3,
        7.5,
        7.3
      ],
      "to": [
        6.7,
        8.9,
        9.7
      ],
      "rotation": {
        "angle": 45,
        "axis": "z",
        "origin": [
          8,
          10.4,
          11.5
        ]
      },
      "faces": {
        "north": {
          "uv": [
            9.25,
            2,
            9.75,
            2.25
          ],
          "texture": "#0"
        },
        "east": {
          "uv": [
            2.25,
            9.25,
            2.75,
            9.5
          ],
          "texture": "#0"
        },
        "south": {
          "uv": [
            9.25,
            2.25,
            9.75,
            2.5
          ],
          "texture": "#0"
        },
        "west": {
          "uv": [
            9.25,
            2.5,
            9.75,
            2.75
          ],
          "texture": "#0"
        },
        "up": {
          "uv": [
            9,
            7.5,
            8.5,
            7
          ],
          "texture": "#0"
        },
        "down": {
          "uv": [
            8,
            8.5,
            7.5,
            9
          ],
          "texture": "#0"
        }
      }
    },
    {
      "from": [
        2.5,
        10.4,
        10.5
      ],
      "to": [
        6.5,
        10.4,
        12.5
      ],
      "rotation": {
        "angle": 45,
        "axis": "z",
        "origin": [
          8,
          10.4,
          11.5
        ]
      },
      "faces": {
        "north": {
          "uv": [
            0,
            0,
            1,
            0
          ],
          "texture": "#0"
        },
        "east": {
          "uv": [
            0,
            0,
            0.5,
            0
          ],
          "texture": "#0"
        },
        "south": {
          "uv": [
            0,
            0,
            1,
            0
          ],
          "texture": "#0"
        },
        "west": {
          "uv": [
            0,
            0,
            0.5,
            0
          ],
          "texture": "#0"
        },
        "up": {
          "uv": [
            6.75,
            6.5,
            5.75,
            6
          ],
          "texture": "#0"
        },
        "down": {
          "uv": [
            2,
            6.25,
            1,
            6.75
          ],
          "texture": "#0"
        }
      }
    },
    {
      "from": [
        5.3,
        9.2,
        12.3
      ],
      "to": [
        6.7,
        11.6,
        14.7
      ],
      "rotation": {
        "angle": 45,
        "axis": "z",
        "origin": [
          8,
          10.4,
          11.5
        ]
      },
      "faces": {
        "north": {
          "uv": [
            2.25,
            3.75,
            2.5,
            4.25
          ],
          "texture": "#0"
        },
        "east": {
          "uv": [
            6.25,
            8.25,
            6.75,
            8.75
          ],
          "texture": "#0"
        },
        "south": {
          "uv": [
            1.25,
            4.75,
            1.5,
            5.25
          ],
          "texture": "#0"
        },
        "west": {
          "uv": [
            8.25,
            8,
            8.75,
            8.5
          ],
          "texture": "#0"
        },
        "up": {
          "uv": [
            5.25,
            7,
            5,
            6.5
          ],
          "texture": "#0"
        },
        "down": {
          "uv": [
            4,
            7.75,
            3.75,
            8.25
          ],
          "texture": "#0"
        }
      }
    },
    {
      "from": [
        5.38579,
        9.03579,
        20.05
      ],
      "to": [
        7.78579,
        12.43579,
        21.45
      ],
      "rotation": {
        "angle": -45,
        "axis": "z",
        "origin": [
          6.58579,
          8.98579,
          17.75
        ]
      },
      "faces": {
        "north": {
          "uv": [
            2.75,
            6.75,
            3.25,
            7.5
          ],
          "texture": "#0"
        },
        "east": {
          "uv": [
            6.5,
            8.75,
            6.75,
            9.5
          ],
          "texture": "#0"
        },
        "south": {
          "uv": [
            3.25,
            6.75,
            3.75,
            7.5
          ],
          "texture": "#0"
        },
        "west": {
          "uv": [
            0,
            9,
            0.25,
            9.75
          ],
          "texture": "#0"
        },
        "up": {
          "uv": [
            8.25,
            9.25,
            7.75,
            9
          ],
          "texture": "#0"
        },
        "down": {
          "uv": [
            9.5,
            7.75,
            9,
            8
          ],
          "texture": "#0"
        }
      }
    },
    {
      "from": [
        5.58579,
        10.23579,
        16.25
      ],
      "to": [
        7.58579,
        12.23579,
        20.25
      ],
      "rotation": {
        "angle": -45,
        "axis": "z",
        "origin": [
          6.58579,
          8.98579,
          17.75
        ]
      },
      "faces": {
        "north": {
          "uv": [
            1,
            8.5,
            1.5,
            9
          ],
          "texture": "#0"
        },
        "east": {
          "uv": [
            6,
            1.5,
            7,
            2
          ],
          "texture": "#0"
        },
        "south": {
          "uv": [
            1.5,
            8.5,
            2,
            9
          ],
          "texture": "#0"
        },
        "west": {
          "uv": [
            4.25,
            6,
            5.25,
            6.5
          ],
          "texture": "#0"
        },
        "up": {
          "uv": [
            2.5,
            7,
            2,
            6
          ],
          "texture": "#0"
        },
        "down": {
          "uv": [
            5.75,
            6,
            5.25,
            7
          ],
          "texture": "#0"
        }
      }
    },
    {
      "from": [
        5.38579,
        10.03579,
        16.05
      ],
      "to": [
        7.78579,
        12.43579,
        17.45
      ],
      "rotation": {
        "angle": -45,
        "axis": "z",
        "origin": [
          6.58579,
          8.98579,
          17.75
        ]
      },
      "faces": {
        "north": {
          "uv": [
            0,
            8.5,
            0.5,
            9
          ],
          "texture": "#0"
        },
        "east": {
          "uv": [
            7.25,
            9,
            7.5,
            9.5
          ],
          "texture": "#0"
        },
        "south": {
          "uv": [
            0.5,
            8.5,
            1,
            9
          ],
          "texture": "#0"
        },
        "west": {
          "uv": [
            7.5,
            9,
            7.75,
            9.5
          ],
          "texture": "#0"
        },
        "up": {
          "uv": [
            3.5,
            4.5,
            3,
            4.25
          ],
          "texture": "#0"
        },
        "down": {
          "uv": [
            9.5,
            7.5,
            9,
            7.75
          ],
          "texture": "#0"
        }
      }
    },
    {
      "from": [
        6.4,
        8.8,
        3.4
      ],
      "to": [
        9.6,
        12,
        6.6
      ],
      "rotation": {
        "angle": 0,
        "axis": "y",
        "origin": [
          7,
          12,
          8
        ]
      },
      "faces": {
        "north": {
          "uv": [
            3.5,
            0.5,
            4.25,
            1.25
          ],
          "texture": "#0"
        },
        "east": {
          "uv": [
            3.5,
            3,
            4.25,
            3.75
          ],
          "texture": "#0"
        },
        "south": {
          "uv": [
            1.5,
            3.75,
            2.25,
            4.5
          ],
          "texture": "#0"
        },
        "west": {
          "uv": [
            3.5,
            3.75,
            4.25,
            4.5
          ],
          "texture": "#0"
        },
        "up": {
          "uv": [
            0.75,
            4.75,
            0,
            4
          ],
          "texture": "#0"
        },
        "down": {
          "uv": [
            1.5,
            4,
            0.75,
            4.75
          ],
          "texture": "#0"
        }
      }
    }
  ],
  "gui_light": "front"
}