{
  "texture_size": [
    64,
    64
  ],
  "elements": [
    {
      "from": [
        2.75,
        5.5625,
        2.75
      ],
      "to": [
        13.25,
        9.3125,
        13.25
      ],
      "rotation": {
        "angle": 0,
        "axis": "y",
        "origin": [
          8,
          7.4375,
          8
        ]
      },
      "faces": {
        "north": {
          "uv": [
            6.75,
            4.5,
            10.25,
            5.75
          ],
          "texture": "#0"
        },
        "east": {
          "uv": [
            6.75,
            6,
            10.25,
            7.25
          ],
          "texture": "#0"
        },
        "south": {
          "uv": [
            6.75,
            7.5,
            10.25,
            8.75
          ],
          "texture": "#0"
        },
        "west": {
          "uv": [
            6.75,
            9,
            10.25,
            10.25
          ],
          "texture": "#0"
        },
        "down": {
          "uv": [
            3.5,
            0,
            0,
            3.5
          ],
          "texture": "#0"
        }
      }
    },
    {
      "from": [
        3.5,
        4.0625,
        3.5
      ],
      "to": [
        12.5,
        5.5625,
        12.5
      ],
      "rotation": {
        "angle": 0,
        "axis": "y",
        "origin": [
          8,
          5.5625,
          8
        ]
      },
      "faces": {
        "north": {
          "uv": [
            6.5,
            3,
            9.5,
            3.5
          ],
          "texture": "#0"
        },
        "east": {
          "uv": [
            6.5,
            3,
            9.5,
            3.5
          ],
          "texture": "#0"
        },
        "south": {
          "uv": [
            6.5,
            3,
            9.5,
            3.5
          ],
          "texture": "#0"
        },
        "west": {
          "uv": [
            6.5,
            3,
            9.5,
            3.5
          ],
          "texture": "#0"
        },
        "down": {
          "uv": [
            6.5,
            0,
            3.5,
            3
          ],
          "texture": "#0"
        }
      }
    },
    {
      "from": [
        4.25,
        3.3125,
        4.25
      ],
      "to": [
        11.75,
        4.0625,
        11.75
      ],
      "rotation": {
        "angle": 0,
        "axis": "y",
        "origin": [
          8,
          5.5625,
          8
        ]
      },
      "faces": {
        "north": {
          "uv": [
            3.5,
            3.25,
            6,
            3.5
          ],
          "texture": "#0"
        },
        "east": {
          "uv": [
            3.5,
            3.25,
            6,
            3.5
          ],
          "texture": "#0"
        },
        "south": {
          "uv": [
            3.5,
            3.25,
            6,
            3.5
          ],
          "texture": "#0"
        },
        "west": {
          "uv": [
            3.5,
            3.25,
            6,
            3.5
          ],
          "texture": "#0"
        },
        "down": {
          "uv": [
            2.5,
            6.5,
            0,
            9
          ],
          "texture": "#0",
          "cullface": "down"
        }
      }
    },
    {
      "name": "cube inverted",
      "from": [
        13.25,
        9.3125,
        13.25
      ],
      "to": [
        2.75,
        5.5625,
        2.75
      ],
      "rotation": {
        "angle": 0,
        "axis": "y",
        "origin": [
          8,
          7.4375,
          8
        ]
      },
      "faces": {
        "north": {
          "uv": [
            6.75,
            8.75,
            10.25,
            7.5
          ],
          "texture": "#0"
        },
        "east": {
          "uv": [
            6.75,
            10.25,
            10.25,
            9
          ],
          "texture": "#0"
        },
        "south": {
          "uv": [
            6.75,
            5.75,
            10.25,
            4.5
          ],
          "texture": "#0"
        },
        "west": {
          "uv": [
            6.75,
            7.25,
            10.25,
            6
          ],
          "texture": "#0"
        },
        "up": {
          "uv": [
            0,
            0,
            3.5,
            3.5
          ],
          "texture": "#0"
        }
      }
    },
    {
      "from": [
        2.75,
        10.5625,
        4.40747
      ],
      "to": [
        13.25,
        14.3125,
        14.90747
      ],
      "rotation": {
        "angle": 22.5,
        "axis": "x",
        "origin": [
          8,
          16.1875,
          9.65747
        ]
      },
      "faces": {
        "north": {
          "uv": [
            10.5,
            4.5,
            14,
            5.75
          ],
          "texture": "#0"
        },
        "east": {
          "uv": [
            10.5,
            6,
            14,
            7.25
          ],
          "texture": "#0"
        },
        "south": {
          "uv": [
            10.5,
            7.5,
            14,
            8.75
          ],
          "texture": "#0"
        },
        "west": {
          "uv": [
            10.5,
            9,
            14,
            10.25
          ],
          "texture": "#0"
        },
        "up": {
          "uv": [
            6.5,
            7,
            3,
            3.5
          ],
          "texture": "#0"
        }
      }
    },
    {
      "from": [
        6.5,
        19.5625,
        8.15747
      ],
      "to": [
        9.5,
        20.3125,
        11.15747
      ],
      "rotation": {
        "angle": 22.5,
        "axis": "x",
        "origin": [
          8,
          16.1875,
          9.65747
        ]
      },
      "faces": {
        "north": {
          "uv": [
            5,
            3,
            6,
            3.25
          ],
          "texture": "#0"
        },
        "east": {
          "uv": [
            5,
            3,
            6,
            3.25
          ],
          "texture": "#0"
        },
        "south": {
          "uv": [
            5,
            3,
            6,
            3.25
          ],
          "texture": "#0"
        },
        "west": {
          "uv": [
            5,
            3,
            6,
            3.25
          ],
          "texture": "#0"
        },
        "up": {
          "uv": [
            5.5,
            8.25,
            4.5,
            7.25
          ],
          "texture": "#0",
          "cullface": "up"
        }
      }
    },
    {
      "from": [
        5.75,
        18.8125,
        7.40747
      ],
      "to": [
        10.25,
        19.5625,
        11.90747
      ],
      "rotation": {
        "angle": 22.5,
        "axis": "x",
        "origin": [
          8,
          16.1875,
          9.65747
        ]
      },
      "faces": {
        "north": {
          "uv": [
            3.5,
            3,
            5,
            3.25
          ],
          "texture": "#0"
        },
        "east": {
          "uv": [
            3.5,
            3,
            5,
            3.25
          ],
          "texture": "#0"
        },
        "south": {
          "uv": [
            3.5,
            3,
            5,
            3.25
          ],
          "texture": "#0"
        },
        "west": {
          "uv": [
            3.5,
            3,
            5,
            3.25
          ],
          "texture": "#0"
        },
        "up": {
          "uv": [
            6,
            9.75,
            4.5,
            8.25
          ],
          "texture": "#0"
        }
      }
    },
    {
      "from": [
        5,
        18.0625,
        6.65747
      ],
      "to": [
        11,
        18.8125,
        12.65747
      ],
      "rotation": {
        "angle": 22.5,
        "axis": "x",
        "origin": [
          8,
          16.1875,
          9.65747
        ]
      },
      "faces": {
        "north": {
          "uv": [
            3,
            7,
            5,
            7.25
          ],
          "texture": "#0"
        },
        "east": {
          "uv": [
            3,
            7,
            5,
            7.25
          ],
          "texture": "#0"
        },
        "south": {
          "uv": [
            3,
            7,
            5,
            7.25
          ],
          "texture": "#0"
        },
        "west": {
          "uv": [
            3,
            7,
            5,
            7.25
          ],
          "texture": "#0"
        },
        "up": {
          "uv": [
            4.5,
            9.25,
            2.5,
            7.25
          ],
          "texture": "#0"
        }
      }
    },
    {
      "from": [
        4.25,
        16.5625,
        5.90747
      ],
      "to": [
        11.75,
        18.0625,
        13.40747
      ],
      "rotation": {
        "angle": 22.5,
        "axis": "x",
        "origin": [
          8,
          16.1875,
          9.65747
        ]
      },
      "faces": {
        "north": {
          "uv": [
            6.5,
            2.5,
            9,
            3
          ],
          "texture": "#0"
        },
        "east": {
          "uv": [
            6.5,
            2.5,
            9,
            3
          ],
          "texture": "#0"
        },
        "south": {
          "uv": [
            6.5,
            2.5,
            9,
            3
          ],
          "texture": "#0"
        },
        "west": {
          "uv": [
            6.5,
            2.5,
            9,
            3
          ],
          "texture": "#0"
        },
        "up": {
          "uv": [
            9,
            2.5,
            6.5,
            0
          ],
          "texture": "#0"
        }
      }
    },
    {
      "from": [
        3.5,
        14.3125,
        5.15747
      ],
      "to": [
        12.5,
        16.5625,
        14.15747
      ],
      "rotation": {
        "angle": 22.5,
        "axis": "x",
        "origin": [
          8,
          16.1875,
          9.65747
        ]
      },
      "faces": {
        "north": {
          "uv": [
            6.5,
            3.5,
            9.5,
            4.25
          ],
          "texture": "#0"
        },
        "east": {
          "uv": [
            6.5,
            3.5,
            9.5,
            4.25
          ],
          "texture": "#0"
        },
        "south": {
          "uv": [
            6.5,
            3.5,
            9.5,
            4.25
          ],
          "texture": "#0"
        },
        "west": {
          "uv": [
            6.5,
            3.5,
            9.5,
            4.25
          ],
          "texture": "#0"
        },
        "up": {
          "uv": [
            3,
            6.5,
            0,
            3.5
          ],
          "texture": "#0"
        }
      }
    },
    {
      "name": "cube inverted",
      "from": [
        13.25,
        14.3125,
        14.90747
      ],
      "to": [
        2.75,
        10.5625,
        4.40747
      ],
      "rotation": {
        "angle": 22.5,
        "axis": "x",
        "origin": [
          8,
          16.1875,
          9.65747
        ]
      },
      "faces": {
        "north": {
          "uv": [
            10.5,
            8.75,
            14,
            7.5
          ],
          "texture": "#0"
        },
        "east": {
          "uv": [
            10.5,
            10.25,
            14,
            9
          ],
          "texture": "#0"
        },
        "south": {
          "uv": [
            10.5,
            5.75,
            14,
            4.5
          ],
          "texture": "#0"
        },
        "west": {
          "uv": [
            10.5,
            7.25,
            14,
            6
          ],
          "texture": "#0"
        },
        "down": {
          "uv": [
            3,
            7,
            6.5,
            3.5
          ],
          "texture": "#0"
        }
      }
    }
  ],
  "gui_light": "front",
  "display": {
    "thirdperson_righthand": {
      "rotation": [
        65,
        10,
        0
      ],
      "translation": [
        0,
        2.5,
        0.5
      ],
      "scale": [
        0.6,
        0.6,
        0.6
      ]
    },
    "thirdperson_lefthand": {
      "rotation": [
        65,
        10,
        0
      ],
      "translation": [
        0,
        2.5,
        0.5
      ],
      "scale": [
        0.6,
        0.6,
        0.6
      ]
    },
    "firstperson_righthand": {
      "rotation": [
        0,
        10,
        0
      ],
      "translation": [
        2,
        0.5,
        0
      ],
      "scale": [
        0.5,
        0.5,
        0.5
      ]
    },
    "firstperson_lefthand": {
      "rotation": [
        0,
        10,
        0
      ],
      "translation": [
        2,
        0.5,
        0
      ],
      "scale": [
        0.5,
        0.5,
        0.5
      ]
    },
    "ground": {
      "translation": [
        0,
        2,
        0
      ],
      "scale": [
        0.65,
        0.65,
        0.65
      ]
    },
    "gui": {
      "rotation": [
        22.5,
        135,
        0
      ],
      "translation": [
        -0.25,
        -2.5,
        0
      ],
      "scale": [
        0.75,
        0.75,
        0.75
      ]
    },
    "head": {
      "rotation": [
        -3.25,
        0,
        0
      ],
      "translation": [
        0,
        -4.5,
        0.75
      ],
      "scale": [
        1.61,
        1.61,
        1.61
      ]
    },
    "fixed": {
      "rotation": [
        -90,
        0,
        0
      ],
      "translation": [
        0,
        0,
        -9.25
      ],
      "scale": [
        2,
        2,
        2
      ]
    }
  }
}