{
  "texture_size": [
    32,
    32
  ],
  "elements": [
    {
      "from": [
        3.5,
        0,
        3
      ],
      "to": [
        12.5,
        6,
        13
      ],
      "rotation": {
        "angle": 0,
        "axis": "y",
        "origin": [
          7,
          0,
          7
        ]
      },
      "faces": {
        "north": {
          "uv": [
            4.5,
            5,
            9,
            8
          ],
          "texture": "#0"
        },
        "east": {
          "uv": [
            5,
            8,
            0,
            11
          ],
          "texture": "#0"
        },
        "south": {
          "uv": [
            0,
            5,
            4.5,
            8
          ],
          "texture": "#0"
        },
        "west": {
          "uv": [
            0,
            8,
            5,
            11
          ],
          "texture": "#0"
        },
        "up": {
          "uv": [
            4.5,
            5,
            0,
            0
          ],
          "texture": "#0"
        },
        "down": {
          "uv": [
            9,
            0,
            4.5,
            5
          ],
          "texture": "#0"
        }
      }
    },
    {
      "from": [
        7,
        4.75,
        7
      ],
      "to": [
        9,
        6.75,
        9
      ],
      "rotation": {
        "angle": 0,
        "axis": "y",
        "origin": [
          7,
          0,
          7
        ]
      },
      "faces": {
        "north": {
          "uv": [
            5,
            8,
            6,
            9
          ],
          "texture": "#0"
        },
        "east": {
          "uv": [
            6,
            8,
            7,
            9
          ],
          "texture": "#0"
        },
        "south": {
          "uv": [
            7,
            8,
            8,
            9
          ],
          "texture": "#0"
        },
        "west": {
          "uv": [
            8,
            8,
            9,
            9
          ],
          "texture": "#0"
        },
        "up": {
          "uv": [
            6,
            10,
            5,
            9
          ],
          "texture": "#0"
        },
        "down": {
          "uv": [
            10,
            5.5,
            9,
            6.5
          ],
          "texture": "#0"
        }
      }
    },
    {
      "from": [
        3.5,
        0,
        0
      ],
      "to": [
        12.5,
        1,
        3
      ],
      "rotation": {
        "angle": 0,
        "axis": "y",
        "origin": [
          7,
          -2,
          -2.5
        ]
      },
      "faces": {
        "north": {
          "uv": [
            9,
            3.5,
            13.5,
            4
          ],
          "texture": "#0"
        },
        "east": {
          "uv": [
            9,
            7.5,
            10.5,
            8
          ],
          "texture": "#0"
        },
        "south": {
          "uv": [
            9,
            4,
            13.5,
            4.5
          ],
          "texture": "#0"
        },
        "west": {
          "uv": [
            9,
            8,
            10.5,
            8.5
          ],
          "texture": "#0"
        },
        "up": {
          "uv": [
            11.5,
            11,
            7,
            9.5
          ],
          "texture": "#0"
        },
        "down": {
          "uv": [
            13.5,
            0,
            9,
            1.5
          ],
          "texture": "#0"
        }
      }
    },
    {
      "from": [
        4.5,
        0,
        -1
      ],
      "to": [
        11.5,
        1,
        0
      ],
      "rotation": {
        "angle": 0,
        "axis": "y",
        "origin": [
          7,
          -2,
          -4.5
        ]
      },
      "faces": {
        "north": {
          "uv": [
            9,
            4.5,
            12.5,
            5
          ],
          "texture": "#0"
        },
        "east": {
          "uv": [
            9,
            8.5,
            9.5,
            9
          ],
          "texture": "#0"
        },
        "south": {
          "uv": [
            9,
            5,
            12.5,
            5.5
          ],
          "texture": "#0"
        },
        "west": {
          "uv": [
            9,
            9,
            9.5,
            9.5
          ],
          "texture": "#0"
        },
        "up": {
          "uv": [
            12.5,
            2,
            9,
            1.5
          ],
          "texture": "#0"
        },
        "down": {
          "uv": [
            12.5,
            2.5,
            9,
            3
          ],
          "texture": "#0"
        }
      }
    },
    {
      "from": [
        -0.35824,
        5.03105,
        5.5
      ],
      "to": [
        7.64176,
        8.03105,
        9.5
      ],
      "rotation": {
        "angle": 45,
        "axis": "z",
        "origin": [
          4.14176,
          7.28105,
          7.5
        ]
      },
      "faces": {
        "north": {
          "uv": [
            0,
            11,
            4,
            12.5
          ],
          "texture": "#0"
        },
        "east": {
          "uv": [
            8,
            11,
            10,
            12.5
          ],
          "texture": "#0"
        },
        "south": {
          "uv": [
            4,
            11,
            8,
            12.5
          ],
          "texture": "#0"
        },
        "west": {
          "uv": [
            10,
            11,
            12,
            12.5
          ],
          "texture": "#0"
        },
        "up": {
          "uv": [
            14,
            7.5,
            10,
            5.5
          ],
          "texture": "#0"
        },
        "down": {
          "uv": [
            14.5,
            7.5,
            10.5,
            9.5
          ],
          "texture": "#0"
        }
      }
    }
  ],
  "gui_light": "front",
  "display": {
    "thirdperson_righthand": {
      "rotation": [
        68,
        10,
        0
      ],
      "translation": [
        0,
        -0.25,
        1.75
      ],
      "scale": [
        0.7,
        0.7,
        0.7
      ]
    },
    "thirdperson_lefthand": {
      "rotation": [
        68,
        10,
        0
      ],
      "translation": [
        0,
        -0.25,
        1.75
      ],
      "scale": [
        0.7,
        0.7,
        0.7
      ]
    },
    "firstperson_righthand": {
      "rotation": [
        0,
        10,
        0
      ],
      "translation": [
        2,
        5.5,
        0
      ],
      "scale": [
        0.75,
        0.75,
        0.75
      ]
    },
    "firstperson_lefthand": {
      "rotation": [
        0,
        10,
        0
      ],
      "translation": [
        2,
        5.5,
        0
      ],
      "scale": [
        0.75,
        0.75,
        0.75
      ]
    },
    "ground": {
      "translation": [
        0,
        4.5,
        0
      ],
      "scale": [
        0.8,
        0.8,
        0.8
      ]
    },
    "gui": {
      "rotation": [
        22.5,
        135,
        0
      ],
      "translation": [
        0.75,
        4.75,
        0
      ],
      "scale": [
        0.9,
        0.9,
        0.9
      ]
    },
    "head": {
      "rotation": [
        5.25,
        0,
        0
      ],
      "translation": [
        0,
        12.75,
        0.75
      ],
      "scale": [
        1.61,
        1.61,
        1.61
      ]
    },
    "fixed": {
      "rotation": [
        -90,
        0,
        0
      ],
      "translation": [
        0,
        4,
        -16
      ],
      "scale": [
        2,
        2,
        2
      ]
    }
  }
}