{
  "texture_size": [
    32,
    32
  ],
  "elements": [
    {
      "name": "mask",
      "from": [
        3.5,
        5.9,
        7
      ],
      "to": [
        12.5,
        6.9,
        10
      ],
      "rotation": {
        "angle": 22.5,
        "axis": "x",
        "origin": [
          8,
          6.60566,
          3.33518
        ]
      },
      "faces": {
        "north": {
          "uv": [
            4.5,
            0,
            9,
            0.5
          ],
          "texture": "#0"
        },
        "east": {
          "uv": [
            6,
            1,
            7.5,
            1.5
          ],
          "texture": "#0"
        },
        "south": {
          "uv": [
            4.5,
            0.5,
            9,
            1
          ],
          "texture": "#0"
        },
        "west": {
          "uv": [
            4.5,
            1,
            6,
            1.5
          ],
          "texture": "#0"
        },
        "up": {
          "uv": [
            4.5,
            1.5,
            0,
            0
          ],
          "texture": "#0"
        },
        "down": {
          "uv": [
            4.5,
            1.5,
            0,
            3
          ],
          "texture": "#0"
        }
      }
    },
    {
      "name": "stickbase",
      "from": [
        7,
        7.85409,
        1.49421
      ],
      "to": [
        9,
        9.85409,
        10.49421
      ],
      "rotation": {
        "angle": 45,
        "axis": "x",
        "origin": [
          8,
          6.60566,
          3.33518
        ]
      },
      "faces": {
        "north": {
          "uv": [
            13,
            13,
            14,
            14
          ],
          "texture": "#0"
        },
        "east": {
          "uv": [
            16,
            15,
            11.5,
            16
          ],
          "texture": "#0"
        },
        "south": {
          "uv": [
            13,
            14,
            14,
            15
          ],
          "texture": "#0"
        },
        "west": {
          "uv": [
            11.5,
            15,
            16,
            16
          ],
          "texture": "#0"
        },
        "up": {
          "uv": [
            15,
            15,
            14,
            10.5
          ],
          "texture": "#0"
        },
        "down": {
          "uv": [
            16,
            10.5,
            15,
            15
          ],
          "texture": "#0"
        }
      }
    },
    {
      "name": "stickmid",
      "from": [
        7.25,
        8.56132,
        -1.12253
      ],
      "to": [
        8.75,
        10.06132,
        2.87747
      ],
      "rotation": {
        "angle": 22.5,
        "axis": "x",
        "origin": [
          8,
          6.60566,
          3.33518
        ]
      },
      "faces": {
        "north": {
          "uv": [
            13,
            9,
            13.5,
            9.5
          ],
          "texture": "#0"
        },
        "east": {
          "uv": [
            14,
            9.5,
            12,
            10
          ],
          "texture": "#0"
        },
        "south": {
          "uv": [
            13,
            8.5,
            13.5,
            9
          ],
          "texture": "#0"
        },
        "west": {
          "uv": [
            12,
            9.5,
            14,
            10
          ],
          "texture": "#0"
        },
        "up": {
          "uv": [
            12.5,
            9.5,
            12,
            7.5
          ],
          "texture": "#0"
        },
        "down": {
          "uv": [
            13,
            7.5,
            12.5,
            9.5
          ],
          "texture": "#0"
        }
      }
    },
    {
      "name": "sticktip",
      "from": [
        7.5,
        11.02448,
        -0.55015
      ],
      "to": [
        8.5,
        12.02448,
        2.44985
      ],
      "rotation": {
        "angle": -22.5,
        "axis": "x",
        "origin": [
          8,
          6.60566,
          3.33518
        ]
      },
      "faces": {
        "north": {
          "uv": [
            12,
            12,
            12.5,
            12.5
          ],
          "texture": "#0"
        },
        "east": {
          "uv": [
            13.5,
            11.5,
            12,
            12
          ],
          "texture": "#0"
        },
        "south": {
          "uv": [
            12.5,
            12,
            13,
            12.5
          ],
          "texture": "#0"
        },
        "west": {
          "uv": [
            12,
            11.5,
            13.5,
            12
          ],
          "texture": "#0"
        },
        "up": {
          "uv": [
            12,
            13,
            11.5,
            11.5
          ],
          "texture": "#0"
        },
        "down": {
          "uv": [
            11.5,
            11.5,
            11,
            13
          ],
          "texture": "#0"
        }
      }
    },
    {
      "name": "carrotbase",
      "from": [
        6.5,
        6.79711,
        -4.07964
      ],
      "to": [
        9.5,
        10.79711,
        -1.07964
      ],
      "rotation": {
        "angle": -22.5,
        "axis": "x",
        "origin": [
          8,
          7.04711,
          -2.57964
        ]
      },
      "faces": {
        "north": {
          "uv": [
            0,
            12,
            1.5,
            14
          ],
          "texture": "#0"
        },
        "east": {
          "uv": [
            3,
            14,
            1.5,
            16
          ],
          "texture": "#0"
        },
        "south": {
          "uv": [
            0,
            14,
            1.5,
            16
          ],
          "texture": "#0"
        },
        "west": {
          "uv": [
            1.5,
            14,
            3,
            16
          ],
          "texture": "#0"
        },
        "up": {
          "uv": [
            1.5,
            10.5,
            0,
            9
          ],
          "texture": "#0"
        },
        "down": {
          "uv": [
            1.5,
            10.5,
            0,
            12
          ],
          "texture": "#0"
        }
      }
    },
    {
      "name": "grass",
      "from": [
        8,
        9.79711,
        -6.72964
      ],
      "to": [
        8,
        14.79711,
        -1.72964
      ],
      "rotation": {
        "angle": -45,
        "axis": "y",
        "origin": [
          8,
          11.29711,
          -4.22964
        ]
      },
      "faces": {
        "east": {
          "uv": [
            7.5,
            13,
            10,
            15.5
          ],
          "texture": "#0"
        },
        "west": {
          "uv": [
            10,
            13,
            7.5,
            15.5
          ],
          "texture": "#0"
        },
        "up": {
          "uv": [
            0,
            2.5,
            0,
            0
          ],
          "texture": "#0"
        }
      }
    },
    {
      "name": "grass",
      "from": [
        5.5,
        9.79711,
        -4.22964
      ],
      "to": [
        10.5,
        14.79711,
        -4.22964
      ],
      "rotation": {
        "angle": -45,
        "axis": "y",
        "origin": [
          8,
          12.29711,
          -4.22964
        ]
      },
      "faces": {
        "north": {
          "uv": [
            10,
            13,
            7.5,
            15.5
          ],
          "texture": "#0"
        },
        "south": {
          "uv": [
            7.5,
            13,
            10,
            15.5
          ],
          "texture": "#0"
        },
        "up": {
          "uv": [
            0,
            2.5,
            0,
            0
          ],
          "rotation": 270,
          "texture": "#0"
        }
      }
    },
    {
      "name": "carrottip",
      "from": [
        7,
        3.79711,
        -3.57964
      ],
      "to": [
        9,
        6.79711,
        -1.57964
      ],
      "rotation": {
        "angle": -22.5,
        "axis": "x",
        "origin": [
          8,
          7.04711,
          -2.57964
        ]
      },
      "faces": {
        "north": {
          "uv": [
            5,
            14.5,
            6,
            16
          ],
          "texture": "#0"
        },
        "east": {
          "uv": [
            6,
            13,
            5,
            14.5
          ],
          "texture": "#0"
        },
        "south": {
          "uv": [
            6,
            14.5,
            7,
            16
          ],
          "texture": "#0"
        },
        "west": {
          "uv": [
            5,
            13,
            6,
            14.5
          ],
          "texture": "#0"
        },
        "up": {
          "uv": [
            7,
            14.5,
            6,
            13.5
          ],
          "texture": "#0"
        },
        "down": {
          "uv": [
            7,
            12.5,
            6,
            13.5
          ],
          "texture": "#0"
        }
      }
    },
    {
      "name": "mask",
      "from": [
        3.5,
        1.9,
        7
      ],
      "to": [
        4.5,
        5.9,
        10
      ],
      "rotation": {
        "angle": 22.5,
        "axis": "x",
        "origin": [
          8,
          6.60566,
          3.33518
        ]
      },
      "faces": {
        "north": {
          "uv": [
            2,
            5.5,
            1.5,
            7.5
          ],
          "texture": "#0"
        },
        "east": {
          "uv": [
            3,
            3.5,
            1.5,
            5.5
          ],
          "texture": "#0"
        },
        "south": {
          "uv": [
            1.5,
            5.5,
            1,
            7.5
          ],
          "texture": "#0"
        },
        "west": {
          "uv": [
            1.5,
            3.5,
            0,
            5.5
          ],
          "texture": "#0"
        },
        "up": {
          "uv": [
            0.5,
            7,
            1,
            5.5
          ],
          "texture": "#0"
        },
        "down": {
          "uv": [
            0,
            5.5,
            0.5,
            7
          ],
          "texture": "#0"
        }
      }
    },
    {
      "name": "mask",
      "from": [
        11.5,
        1.9,
        7
      ],
      "to": [
        12.5,
        5.9,
        10
      ],
      "rotation": {
        "angle": 22.5,
        "axis": "x",
        "origin": [
          8,
          6.60566,
          3.33518
        ]
      },
      "faces": {
        "north": {
          "uv": [
            1.5,
            5.5,
            2,
            7.5
          ],
          "texture": "#0"
        },
        "east": {
          "uv": [
            0,
            3.5,
            1.5,
            5.5
          ],
          "texture": "#0"
        },
        "south": {
          "uv": [
            1,
            5.5,
            1.5,
            7.5
          ],
          "texture": "#0"
        },
        "west": {
          "uv": [
            1.5,
            3.5,
            3,
            5.5
          ],
          "texture": "#0"
        },
        "up": {
          "uv": [
            1,
            7,
            0.5,
            5.5
          ],
          "texture": "#0"
        },
        "down": {
          "uv": [
            0.5,
            5.5,
            0,
            7
          ],
          "texture": "#0"
        }
      }
    }
  ],
  "gui_light": "front",
  "display": {
    "thirdperson_righthand": {
      "rotation": [
        68,
        10,
        0
      ],
      "translation": [
        0,
        0,
        1.5
      ],
      "scale": [
        0.6,
        0.6,
        0.6
      ]
    },
    "thirdperson_lefthand": {
      "rotation": [
        68,
        10,
        0
      ],
      "translation": [
        0,
        0,
        1.5
      ],
      "scale": [
        0.6,
        0.6,
        0.6
      ]
    },
    "firstperson_righthand": {
      "rotation": [
        0,
        10,
        0
      ],
      "translation": [
        2.5,
        3,
        0
      ],
      "scale": [
        0.6,
        0.6,
        0.6
      ]
    },
    "firstperson_lefthand": {
      "rotation": [
        0,
        10,
        0
      ],
      "translation": [
        2.5,
        3,
        0
      ],
      "scale": [
        0.6,
        0.6,
        0.6
      ]
    },
    "ground": {
      "translation": [
        0,
        3.5,
        1
      ],
      "scale": [
        0.6,
        0.6,
        0.6
      ]
    },
    "gui": {
      "rotation": [
        22.5,
        135,
        0
      ],
      "translation": [
        3,
        2.75,
        0
      ],
      "scale": [
        0.9,
        0.9,
        0.9
      ]
    },
    "head": {
      "rotation": [
        -22.5,
        0,
        0
      ],
      "translation": [
        0,
        12,
        -2.5
      ],
      "scale": [
        1.61,
        1.61,
        1.61
      ]
    },
    "fixed": {
      "rotation": [
        -55,
        0,
        0
      ],
      "translation": [
        0,
        8,
        -9
      ],
      "scale": [
        1.6,
        1.6,
        1.6
      ]
    }
  }
}