{
  "texture_size": [
    64,
    64
  ],
  "elements": [
    {
      "from": [
        3.5,
        1.58005,
        5.75
      ],
      "to": [
        12.5,
        4.58005,
        10.75
      ],
      "rotation": {
        "angle": -22.5,
        "axis": "x",
        "origin": [
          8,
          3.08005,
          7.75
        ]
      },
      "faces": {
        "north": {
          "uv": [
            6.5,
            5,
            8.75,
            5.75
          ],
          "texture": "#0"
        },
        "east": {
          "uv": [
            7.5,
            5.75,
            8.75,
            6.5
          ],
          "texture": "#0"
        },
        "south": {
          "uv": [
            2.5,
            7.5,
            4.75,
            8.25
          ],
          "texture": "#0"
        },
        "west": {
          "uv": [
            7.5,
            6.5,
            8.75,
            7.25
          ],
          "texture": "#0"
        },
        "up": {
          "uv": [
            8.75,
            1.25,
            6.5,
            0
          ],
          "texture": "#0"
        },
        "down": {
          "uv": [
            8.75,
            1.25,
            6.5,
            2.5
          ],
          "texture": "#0"
        }
      }
    },
    {
      "from": [
        4,
        2.58005,
        9.25
      ],
      "to": [
        12,
        3.58005,
        14.25
      ],
      "rotation": {
        "angle": 0,
        "axis": "y",
        "origin": [
          8,
          3.58005,
          7.75
        ]
      },
      "faces": {
        "north": {
          "uv": [
            7.75,
            8,
            9.75,
            8.25
          ],
          "texture": "#0"
        },
        "east": {
          "uv": [
            8.75,
            2.25,
            10,
            2.5
          ],
          "texture": "#0"
        },
        "south": {
          "uv": [
            2.25,
            8.25,
            4.25,
            8.5
          ],
          "texture": "#0"
        },
        "west": {
          "uv": [
            4.75,
            9,
            6,
            9.25
          ],
          "texture": "#0"
        },
        "up": {
          "uv": [
            8.5,
            3.75,
            6.5,
            2.5
          ],
          "texture": "#0"
        },
        "down": {
          "uv": [
            8.5,
            3.75,
            6.5,
            5
          ],
          "texture": "#0"
        }
      }
    },
    {
      "from": [
        7,
        4.88005,
        6.45
      ],
      "to": [
        9,
        10.88005,
        10.45
      ],
      "rotation": {
        "angle": 22.5,
        "axis": "x",
        "origin": [
          6.5,
          10.08005,
          6.25
        ]
      },
      "faces": {
        "north": {
          "uv": [
            6.75,
            7.5,
            7.25,
            9
          ],
          "texture": "#0"
        },
        "east": {
          "uv": [
            4.75,
            7.5,
            5.75,
            9
          ],
          "texture": "#0"
        },
        "south": {
          "uv": [
            7.25,
            7.5,
            7.75,
            9
          ],
          "texture": "#0"
        },
        "west": {
          "uv": [
            5.75,
            7.5,
            6.75,
            9
          ],
          "texture": "#0"
        },
        "up": {
          "uv": [
            4.75,
            9.25,
            4.25,
            8.25
          ],
          "texture": "#0"
        },
        "down": {
          "uv": [
            8.25,
            8.25,
            7.75,
            9.25
          ],
          "texture": "#0"
        }
      }
    },
    {
      "from": [
        3.5,
        7.48005,
        4.95
      ],
      "to": [
        7.5,
        9.48005,
        6.95
      ],
      "rotation": {
        "angle": -22.5,
        "axis": "x",
        "origin": [
          8,
          8.48005,
          5.95
        ]
      },
      "faces": {
        "north": {
          "uv": [
            8.25,
            8.25,
            9.25,
            8.75
          ],
          "texture": "#0"
        },
        "east": {
          "uv": [
            3.5,
            9,
            4,
            9.5
          ],
          "texture": "#0"
        },
        "south": {
          "uv": [
            2.25,
            8.5,
            3.25,
            9
          ],
          "texture": "#0"
        },
        "west": {
          "uv": [
            6,
            9,
            6.5,
            9.5
          ],
          "texture": "#0"
        },
        "up": {
          "uv": [
            9.5,
            3,
            8.5,
            2.5
          ],
          "texture": "#0"
        },
        "down": {
          "uv": [
            9.5,
            3,
            8.5,
            3.5
          ],
          "texture": "#0"
        }
      }
    },
    {
      "from": [
        8.5,
        7.48005,
        4.95
      ],
      "to": [
        12.5,
        9.48005,
        6.95
      ],
      "rotation": {
        "angle": -22.5,
        "axis": "x",
        "origin": [
          8,
          8.48005,
          5.95
        ]
      },
      "faces": {
        "north": {
          "uv": [
            3.25,
            8.5,
            4.25,
            9
          ],
          "texture": "#0"
        },
        "east": {
          "uv": [
            6.5,
            9,
            7,
            9.5
          ],
          "texture": "#0"
        },
        "south": {
          "uv": [
            8.5,
            3.5,
            9.5,
            4
          ],
          "texture": "#0"
        },
        "west": {
          "uv": [
            7,
            9,
            7.5,
            9.5
          ],
          "texture": "#0"
        },
        "up": {
          "uv": [
            9.5,
            4.5,
            8.5,
            4
          ],
          "texture": "#0"
        },
        "down": {
          "uv": [
            9.5,
            4.5,
            8.5,
            5
          ],
          "texture": "#0"
        }
      }
    },
    {
      "from": [
        3,
        8.58005,
        5.25
      ],
      "to": [
        13,
        14.58005,
        15.25
      ],
      "rotation": {
        "angle": 0,
        "axis": "y",
        "origin": [
          1,
          3.58005,
          7.25
        ]
      },
      "faces": {
        "north": {
          "uv": [
            0,
            5,
            2.5,
            6.5
          ],
          "texture": "#0"
        },
        "east": {
          "uv": [
            2.5,
            6,
            5,
            7.5
          ],
          "texture": "#0"
        },
        "south": {
          "uv": [
            5,
            6,
            7.5,
            7.5
          ],
          "texture": "#0"
        },
        "west": {
          "uv": [
            0,
            6.5,
            2.5,
            8
          ],
          "texture": "#0"
        },
        "up": {
          "uv": [
            2.5,
            2.5,
            0,
            0
          ],
          "texture": "#0"
        },
        "down": {
          "uv": [
            2.5,
            2.5,
            0,
            5
          ],
          "texture": "#0"
        }
      }
    },
    {
      "from": [
        2,
        5.58005,
        8.25
      ],
      "to": [
        4,
        8.58005,
        10.25
      ],
      "rotation": {
        "angle": 0,
        "axis": "y",
        "origin": [
          -1,
          9.08005,
          12.25
        ]
      },
      "faces": {
        "north": {
          "uv": [
            8.5,
            7.25,
            9,
            8
          ],
          "texture": "#0"
        },
        "east": {
          "uv": [
            0,
            8.75,
            0.5,
            9.5
          ],
          "texture": "#0"
        },
        "south": {
          "uv": [
            8.75,
            0,
            9.25,
            0.75
          ],
          "texture": "#0"
        },
        "west": {
          "uv": [
            0.5,
            8.75,
            1,
            9.5
          ],
          "texture": "#0"
        },
        "up": {
          "uv": [
            9.5,
            7.75,
            9,
            7.25
          ],
          "texture": "#0"
        },
        "down": {
          "uv": [
            9.75,
            0,
            9.25,
            0.5
          ],
          "texture": "#0"
        }
      }
    },
    {
      "from": [
        12,
        5.58005,
        8.25
      ],
      "to": [
        14,
        8.58005,
        10.25
      ],
      "rotation": {
        "angle": 0,
        "axis": "y",
        "origin": [
          -1,
          9.08005,
          12.25
        ]
      },
      "faces": {
        "north": {
          "uv": [
            8.75,
            8.75,
            9.25,
            9.5
          ],
          "texture": "#0"
        },
        "east": {
          "uv": [
            2,
            9,
            2.5,
            9.75
          ],
          "texture": "#0"
        },
        "south": {
          "uv": [
            2.5,
            9,
            3,
            9.75
          ],
          "texture": "#0"
        },
        "west": {
          "uv": [
            3,
            9,
            3.5,
            9.75
          ],
          "texture": "#0"
        },
        "up": {
          "uv": [
            9.75,
            8.75,
            9.25,
            8.25
          ],
          "texture": "#0"
        },
        "down": {
          "uv": [
            9.75,
            8.75,
            9.25,
            9.25
          ],
          "texture": "#0"
        }
      }
    },
    {
      "from": [
        0.5,
        8.58005,
        9.25
      ],
      "to": [
        2.5,
        11.58005,
        12.25
      ],
      "rotation": {
        "angle": 0,
        "axis": "y",
        "origin": [
          2.5,
          3.58005,
          6.25
        ]
      },
      "faces": {
        "north": {
          "uv": [
            8.75,
            0.75,
            9.25,
            1.5
          ],
          "texture": "#0"
        },
        "east": {
          "uv": [
            7.75,
            7.25,
            8.5,
            8
          ],
          "texture": "#0"
        },
        "south": {
          "uv": [
            1,
            8.75,
            1.5,
            9.5
          ],
          "texture": "#0"
        },
        "west": {
          "uv": [
            0,
            8,
            0.75,
            8.75
          ],
          "texture": "#0"
        },
        "up": {
          "uv": [
            2,
            9.5,
            1.5,
            8.75
          ],
          "texture": "#0"
        },
        "down": {
          "uv": [
            9.25,
            1.5,
            8.75,
            2.25
          ],
          "texture": "#0"
        }
      }
    },
    {
      "from": [
        13.5,
        8.58005,
        9.25
      ],
      "to": [
        15.5,
        11.58005,
        12.25
      ],
      "rotation": {
        "angle": 0,
        "axis": "y",
        "origin": [
          13.5,
          3.58005,
          6.25
        ]
      },
      "faces": {
        "north": {
          "uv": [
            8.75,
            5,
            9.25,
            5.75
          ],
          "texture": "#0"
        },
        "east": {
          "uv": [
            0.75,
            8,
            1.5,
            8.75
          ],
          "texture": "#0"
        },
        "south": {
          "uv": [
            8.75,
            5.75,
            9.25,
            6.5
          ],
          "texture": "#0"
        },
        "west": {
          "uv": [
            1.5,
            8,
            2.25,
            8.75
          ],
          "texture": "#0"
        },
        "up": {
          "uv": [
            9.25,
            7.25,
            8.75,
            6.5
          ],
          "texture": "#0"
        },
        "down": {
          "uv": [
            8.75,
            8.75,
            8.25,
            9.5
          ],
          "texture": "#0"
        }
      }
    },
    {
      "from": [
        11.5,
        9.08005,
        9.75
      ],
      "to": [
        13.5,
        11.08005,
        11.75
      ],
      "rotation": {
        "angle": 0,
        "axis": "y",
        "origin": [
          13.5,
          3.58005,
          6.25
        ]
      },
      "faces": {
        "north": {
          "uv": [
            9.25,
            0.5,
            9.75,
            1
          ],
          "texture": "#0"
        },
        "east": {
          "uv": [
            9.25,
            1,
            9.75,
            1.5
          ],
          "texture": "#0"
        },
        "south": {
          "uv": [
            9.25,
            1.5,
            9.75,
            2
          ],
          "texture": "#0"
        },
        "west": {
          "uv": [
            4,
            9.25,
            4.5,
            9.75
          ],
          "texture": "#0"
        },
        "up": {
          "uv": [
            5,
            9.75,
            4.5,
            9.25
          ],
          "texture": "#0"
        },
        "down": {
          "uv": [
            5.5,
            9.25,
            5,
            9.75
          ],
          "texture": "#0"
        }
      }
    },
    {
      "from": [
        2.5,
        9.08005,
        9.75
      ],
      "to": [
        4.5,
        11.08005,
        11.75
      ],
      "rotation": {
        "angle": 0,
        "axis": "y",
        "origin": [
          2.5,
          3.58005,
          6.25
        ]
      },
      "faces": {
        "north": {
          "uv": [
            9.25,
            5,
            9.75,
            5.5
          ],
          "texture": "#0"
        },
        "east": {
          "uv": [
            5.5,
            9.25,
            6,
            9.75
          ],
          "texture": "#0"
        },
        "south": {
          "uv": [
            9.25,
            5.5,
            9.75,
            6
          ],
          "texture": "#0"
        },
        "west": {
          "uv": [
            9.25,
            6,
            9.75,
            6.5
          ],
          "texture": "#0"
        },
        "up": {
          "uv": [
            9.75,
            7,
            9.25,
            6.5
          ],
          "texture": "#0"
        },
        "down": {
          "uv": [
            8,
            9.25,
            7.5,
            9.75
          ],
          "texture": "#0"
        }
      }
    },
    {
      "from": [
        4,
        3.58005,
        6.25
      ],
      "to": [
        12,
        11.58005,
        14.25
      ],
      "rotation": {
        "angle": 0,
        "axis": "y",
        "origin": [
          1,
          3.58005,
          7.25
        ]
      },
      "faces": {
        "north": {
          "uv": [
            2.5,
            0,
            4.5,
            2
          ],
          "texture": "#0"
        },
        "east": {
          "uv": [
            2.5,
            2,
            4.5,
            4
          ],
          "texture": "#0"
        },
        "south": {
          "uv": [
            2.5,
            4,
            4.5,
            6
          ],
          "texture": "#0"
        },
        "west": {
          "uv": [
            4.5,
            0,
            6.5,
            2
          ],
          "texture": "#0"
        },
        "up": {
          "uv": [
            6.5,
            4,
            4.5,
            2
          ],
          "texture": "#0"
        },
        "down": {
          "uv": [
            6.5,
            4,
            4.5,
            6
          ],
          "texture": "#0"
        }
      }
    }
  ],
  "gui_light": "front",
  "display": {
    "thirdperson_righthand": {
      "rotation": [
        0,
        20,
        0
      ],
      "translation": [
        0,
        4.25,
        -1
      ],
      "scale": [
        0.8,
        0.8,
        0.8
      ]
    },
    "thirdperson_lefthand": {
      "rotation": [
        0,
        20,
        0
      ],
      "translation": [
        0,
        4.25,
        -1
      ],
      "scale": [
        0.8,
        0.8,
        0.8
      ]
    },
    "firstperson_righthand": {
      "rotation": [
        0,
        11,
        0
      ],
      "translation": [
        2.5,
        3.75,
        -2
      ],
      "scale": [
        0.7,
        0.7,
        0.7
      ]
    },
    "firstperson_lefthand": {
      "rotation": [
        0,
        11,
        0
      ],
      "translation": [
        2.5,
        3.75,
        -2
      ],
      "scale": [
        0.7,
        0.7,
        0.7
      ]
    },
    "ground": {
      "rotation": [
        20,
        64,
        0
      ],
      "translation": [
        0,
        1.75,
        0.75
      ],
      "scale": [
        0.7,
        0.7,
        0.7
      ]
    },
    "gui": {
      "rotation": [
        22.5,
        135,
        0
      ],
      "translation": [
        -1.25,
        -0.75,
        0
      ],
      "scale": [
        0.88,
        0.88,
        0.88
      ]
    },
    "head": {
      "translation": [
        0,
        1.75,
        -4
      ],
      "scale": [
        1.84,
        1.84,
        1.84
      ]
    }
  }
}