{
  "texture_size": [
    32,
    32
  ],
  "elements": [
    {
      "from": [
        3,
        1,
        3
      ],
      "to": [
        13,
        7,
        13
      ],
      "rotation": {
        "angle": 0,
        "axis": "y",
        "origin": [
          7,
          0,
          7
        ]
      },
      "faces": {
        "north": {
          "uv": [
            5,
            0,
            10,
            3
          ],
          "texture": "#0"
        },
        "east": {
          "uv": [
            5,
            3,
            10,
            6
          ],
          "texture": "#0"
        },
        "south": {
          "uv": [
            5,
            6,
            10,
            9
          ],
          "texture": "#0"
        },
        "west": {
          "uv": [
            5,
            9,
            10,
            12
          ],
          "texture": "#0"
        },
        "up": {
          "uv": [
            5,
            5,
            0,
            0
          ],
          "texture": "#0"
        },
        "down": {
          "uv": [
            5,
            5,
            0,
            10
          ],
          "texture": "#0"
        }
      }
    },
    {
      "from": [
        3,
        -2,
        11
      ],
      "to": [
        13,
        1,
        13
      ],
      "rotation": {
        "angle": 0,
        "axis": "y",
        "origin": [
          7,
          -6,
          7
        ]
      },
      "faces": {
        "north": {
          "uv": [
            10,
            8,
            15,
            9.5
          ],
          "texture": "#0"
        },
        "east": {
          "uv": [
            10.5,
            13,
            11.5,
            14.5
          ],
          "texture": "#0"
        },
        "south": {
          "uv": [
            10,
            9.5,
            15,
            11
          ],
          "texture": "#0"
        },
        "west": {
          "uv": [
            11.5,
            13,
            12.5,
            14.5
          ],
          "texture": "#0"
        },
        "up": {
          "uv": [
            15,
            12,
            10,
            11
          ],
          "texture": "#0"
        },
        "down": {
          "uv": [
            9.5,
            12,
            4.5,
            13
          ],
          "texture": "#0"
        }
      }
    },
    {
      "from": [
        3.5,
        1.19238,
        1.96717
      ],
      "to": [
        12.5,
        7.19238,
        3.96717
      ],
      "rotation": {
        "angle": -22.5,
        "axis": "x",
        "origin": [
          8,
          3.69238,
          2.96717
        ]
      },
      "faces": {
        "north": {
          "uv": [
            0,
            10,
            4.5,
            13
          ],
          "texture": "#0"
        },
        "east": {
          "uv": [
            7.5,
            13,
            6.5,
            16
          ],
          "texture": "#0"
        },
        "south": {
          "uv": [
            10,
            0,
            14.5,
            3
          ],
          "texture": "#0"
        },
        "west": {
          "uv": [
            6.5,
            13,
            7.5,
            16
          ],
          "texture": "#0"
        },
        "up": {
          "uv": [
            14,
            13,
            9.5,
            12
          ],
          "texture": "#0"
        },
        "down": {
          "uv": [
            4.5,
            13,
            0,
            14
          ],
          "texture": "#0"
        }
      }
    },
    {
      "from": [
        3,
        -4,
        5
      ],
      "to": [
        5,
        1,
        11
      ],
      "rotation": {
        "angle": 0,
        "axis": "y",
        "origin": [
          7,
          -5,
          7
        ]
      },
      "faces": {
        "north": {
          "uv": [
            7.5,
            13,
            8.5,
            15.5
          ],
          "texture": "#0"
        },
        "east": {
          "uv": [
            10,
            3,
            13,
            5.5
          ],
          "texture": "#0"
        },
        "south": {
          "uv": [
            8.5,
            13,
            9.5,
            15.5
          ],
          "texture": "#0"
        },
        "west": {
          "uv": [
            10,
            5.5,
            13,
            8
          ],
          "texture": "#0"
        },
        "up": {
          "uv": [
            14,
            6,
            13,
            3
          ],
          "texture": "#0"
        },
        "down": {
          "uv": [
            4.5,
            13,
            5.5,
            16
          ],
          "texture": "#0"
        }
      }
    },
    {
      "from": [
        3,
        -5,
        6
      ],
      "to": [
        5,
        -4,
        10
      ],
      "rotation": {
        "angle": 0,
        "axis": "y",
        "origin": [
          7,
          -5,
          7
        ]
      },
      "faces": {
        "north": {
          "uv": [
            0,
            14,
            1,
            14.5
          ],
          "texture": "#0"
        },
        "east": {
          "uv": [
            12.5,
            13,
            14.5,
            13.5
          ],
          "texture": "#0"
        },
        "south": {
          "uv": [
            1,
            14,
            2,
            14.5
          ],
          "texture": "#0"
        },
        "west": {
          "uv": [
            12.5,
            13.5,
            14.5,
            14
          ],
          "texture": "#0"
        },
        "up": {
          "uv": [
            14,
            8,
            13,
            6
          ],
          "texture": "#0"
        },
        "down": {
          "uv": [
            10.5,
            13,
            9.5,
            15
          ],
          "texture": "#0"
        }
      }
    },
    {
      "from": [
        11,
        -4,
        5
      ],
      "to": [
        13,
        1,
        11
      ],
      "rotation": {
        "angle": 0,
        "axis": "y",
        "origin": [
          9,
          -5,
          7
        ]
      },
      "faces": {
        "north": {
          "uv": [
            8.5,
            13,
            7.5,
            15.5
          ],
          "texture": "#0"
        },
        "east": {
          "uv": [
            13,
            5.5,
            10,
            8
          ],
          "texture": "#0"
        },
        "south": {
          "uv": [
            9.5,
            13,
            8.5,
            15.5
          ],
          "texture": "#0"
        },
        "west": {
          "uv": [
            13,
            3,
            10,
            5.5
          ],
          "texture": "#0"
        },
        "up": {
          "uv": [
            13,
            6,
            14,
            3
          ],
          "texture": "#0"
        },
        "down": {
          "uv": [
            5.5,
            13,
            4.5,
            16
          ],
          "texture": "#0"
        }
      }
    },
    {
      "from": [
        11,
        -5,
        6
      ],
      "to": [
        13,
        -4,
        10
      ],
      "rotation": {
        "angle": 0,
        "axis": "y",
        "origin": [
          9,
          -5,
          7
        ]
      },
      "faces": {
        "north": {
          "uv": [
            1,
            14,
            0,
            14.5
          ],
          "texture": "#0"
        },
        "east": {
          "uv": [
            14.5,
            13.5,
            12.5,
            14
          ],
          "texture": "#0"
        },
        "south": {
          "uv": [
            2,
            14,
            1,
            14.5
          ],
          "texture": "#0"
        },
        "west": {
          "uv": [
            14.5,
            13,
            12.5,
            13.5
          ],
          "texture": "#0"
        },
        "up": {
          "uv": [
            13,
            8,
            14,
            6
          ],
          "texture": "#0"
        },
        "down": {
          "uv": [
            9.5,
            13,
            10.5,
            15
          ],
          "texture": "#0"
        }
      }
    }
  ],
  "gui_light": "front",
  "display": {
    "thirdperson_righthand": {
      "rotation": [
        68,
        10,
        0
      ],
      "translation": [
        0,
        3,
        3.5
      ],
      "scale": [
        0.65,
        0.65,
        0.65
      ]
    },
    "thirdperson_lefthand": {
      "rotation": [
        68,
        10,
        0
      ],
      "translation": [
        0,
        3,
        3.5
      ],
      "scale": [
        0.65,
        0.65,
        0.65
      ]
    },
    "firstperson_righthand": {
      "rotation": [
        0,
        10,
        0
      ],
      "translation": [
        1.5,
        5.5,
        0
      ],
      "scale": [
        0.5,
        0.5,
        0.5
      ]
    },
    "firstperson_lefthand": {
      "rotation": [
        0,
        10,
        0
      ],
      "translation": [
        1.5,
        5.5,
        0
      ],
      "scale": [
        0.5,
        0.5,
        0.5
      ]
    },
    "ground": {
      "translation": [
        0,
        5,
        0
      ],
      "scale": [
        0.6,
        0.6,
        0.6
      ]
    },
    "gui": {
      "rotation": [
        22.5,
        135,
        0
      ],
      "translation": [
        0.25,
        5.5,
        0
      ],
      "scale": [
        0.9,
        0.9,
        0.9
      ]
    },
    "head": {
      "translation": [
        0,
        10.75,
        0
      ],
      "scale": [
        1.61,
        1.61,
        1.61
      ]
    },
    "fixed": {
      "rotation": [
        -90,
        0,
        0
      ],
      "translation": [
        0,
        0,
        -23
      ],
      "scale": [
        1.8,
        1.8,
        1.8
      ]
    }
  }
}