{
  "elements": [
    {
      "from": [
        3,
        -0.75,
        2.75
      ],
      "to": [
        13,
        9.25,
        12.75
      ],
      "rotation": {
        "angle": 0,
        "axis": "y",
        "origin": [
          7,
          8.25,
          2.75
        ]
      },
      "faces": {
        "north": {
          "uv": [
            4,
            4.5,
            8,
            8.5
          ],
          "texture": "#0"
        },
        "east": {
          "uv": [
            0,
            8.5,
            4,
            12.5
          ],
          "texture": "#0"
        },
        "south": {
          "uv": [
            8,
            4.5,
            12,
            8.5
          ],
          "texture": "#0"
        },
        "west": {
          "uv": [
            4,
            4.5,
            0,
            8.5
          ],
          "texture": "#0"
        },
        "up": {
          "uv": [
            8,
            4.5,
            4,
            0.5
          ],
          "texture": "#0"
        },
        "down": {
          "uv": [
            8,
            8.5,
            4,
            12.5
          ],
          "texture": "#0"
        }
      }
    },
    {
      "from": [
        8.75,
        6.25,
        4
      ],
      "to": [
        13.75,
        11.25,
        9
      ],
      "rotation": {
        "angle": -22.5,
        "axis": "z",
        "origin": [
          11.25,
          7.75,
          6.5
        ]
      },
      "faces": {
        "north": {
          "uv": [
            0,
            0,
            2.5,
            2.5
          ],
          "texture": "#0"
        },
        "east": {
          "uv": [
            8,
            0,
            10.5,
            2.5
          ],
          "texture": "#0"
        },
        "south": {
          "uv": [
            8,
            8.5,
            10.5,
            11
          ],
          "texture": "#0"
        },
        "west": {
          "uv": [
            10.5,
            0,
            13,
            2.5
          ],
          "texture": "#0"
        },
        "up": {
          "uv": [
            13,
            11,
            10.5,
            8.5
          ],
          "texture": "#0"
        },
        "down": {
          "uv": [
            10.5,
            11,
            8,
            13.5
          ],
          "texture": "#0"
        }
      }
    },
    {
      "from": [
        10,
        1.25,
        5
      ],
      "to": [
        15,
        6.25,
        10
      ],
      "rotation": {
        "angle": -22.5,
        "axis": "x",
        "origin": [
          12.5,
          2.75,
          7.5
        ]
      },
      "faces": {
        "north": {
          "uv": [
            0,
            0,
            2.5,
            2.5
          ],
          "texture": "#0"
        },
        "east": {
          "uv": [
            8,
            0,
            10.5,
            2.5
          ],
          "texture": "#0"
        },
        "south": {
          "uv": [
            8,
            8.5,
            10.5,
            11
          ],
          "texture": "#0"
        },
        "west": {
          "uv": [
            10.5,
            0,
            13,
            2.5
          ],
          "texture": "#0"
        },
        "up": {
          "uv": [
            13,
            11,
            10.5,
            8.5
          ],
          "texture": "#0"
        },
        "down": {
          "uv": [
            10.5,
            11,
            8,
            13.5
          ],
          "texture": "#0"
        }
      }
    },
    {
      "from": [
        10.75,
        5.25,
        8
      ],
      "to": [
        15.75,
        10.25,
        13
      ],
      "rotation": {
        "angle": 22.5,
        "axis": "x",
        "origin": [
          13.25,
          6.75,
          10.5
        ]
      },
      "faces": {
        "north": {
          "uv": [
            0,
            0,
            2.5,
            2.5
          ],
          "texture": "#0"
        },
        "east": {
          "uv": [
            8,
            0,
            10.5,
            2.5
          ],
          "texture": "#0"
        },
        "south": {
          "uv": [
            8,
            8.5,
            10.5,
            11
          ],
          "texture": "#0"
        },
        "west": {
          "uv": [
            10.5,
            0,
            13,
            2.5
          ],
          "texture": "#0"
        },
        "up": {
          "uv": [
            13,
            11,
            10.5,
            8.5
          ],
          "texture": "#0"
        },
        "down": {
          "uv": [
            10.5,
            11,
            8,
            13.5
          ],
          "texture": "#0"
        }
      }
    },
    {
      "from": [
        11.08163,
        1.62906,
        6.5
      ],
      "to": [
        19.08163,
        9.62906,
        6.5
      ],
      "rotation": {
        "angle": 22.5,
        "axis": "z",
        "origin": [
          17.08163,
          11.87906,
          12.5
        ]
      },
      "faces": {
        "north": {
          "uv": [
            0,
            8,
            8,
            16
          ],
          "rotation": 270,
          "texture": "#1"
        },
        "east": {
          "uv": [
            5,
            0,
            0,
            0
          ],
          "rotation": 90,
          "texture": "#1"
        },
        "south": {
          "uv": [
            8,
            8,
            0,
            16
          ],
          "rotation": 90,
          "texture": "#1"
        },
        "west": {
          "uv": [
            5,
            0,
            0,
            0
          ],
          "rotation": 90,
          "texture": "#1"
        },
        "up": {
          "uv": [
            0,
            0,
            0,
            5
          ],
          "rotation": 90,
          "texture": "#1"
        },
        "down": {
          "uv": [
            0,
            0,
            0,
            5
          ],
          "rotation": 90,
          "texture": "#1"
        }
      }
    },
    {
      "from": [
        13.0461,
        10.79328,
        6.5
      ],
      "to": [
        21.0461,
        18.79328,
        6.5
      ],
      "rotation": {
        "angle": -45,
        "axis": "z",
        "origin": [
          13.5461,
          13.29328,
          6.5
        ]
      },
      "faces": {
        "north": {
          "uv": [
            0,
            0,
            8,
            8
          ],
          "texture": "#1"
        },
        "east": {
          "uv": [
            0,
            0,
            0,
            5
          ],
          "texture": "#1"
        },
        "south": {
          "uv": [
            8,
            0,
            0,
            8
          ],
          "texture": "#1"
        },
        "west": {
          "uv": [
            0,
            0,
            0,
            5
          ],
          "texture": "#1"
        },
        "up": {
          "uv": [
            5,
            0,
            0,
            0
          ],
          "texture": "#1"
        },
        "down": {
          "uv": [
            5,
            0,
            0,
            0
          ],
          "texture": "#1"
        }
      }
    },
    {
      "from": [
        5.08163,
        9.12906,
        11.5
      ],
      "to": [
        13.08163,
        17.12906,
        11.5
      ],
      "rotation": {
        "angle": 22.5,
        "axis": "z",
        "origin": [
          10.33163,
          13.87906,
          11.5
        ]
      },
      "faces": {
        "north": {
          "uv": [
            8,
            8,
            0,
            16
          ],
          "texture": "#1"
        },
        "east": {
          "uv": [
            0,
            0,
            0,
            5
          ],
          "texture": "#1"
        },
        "south": {
          "uv": [
            0,
            8,
            8,
            16
          ],
          "texture": "#1"
        },
        "west": {
          "uv": [
            0,
            0,
            0,
            5
          ],
          "texture": "#1"
        },
        "up": {
          "uv": [
            5,
            0,
            0,
            0
          ],
          "texture": "#1"
        },
        "down": {
          "uv": [
            5,
            0,
            0,
            0
          ],
          "texture": "#1"
        }
      }
    }
  ],
  "gui_light": "front",
  "display": {
    "thirdperson_righthand": {
      "rotation": [
        50,
        0,
        0
      ],
      "translation": [
        0,
        3,
        2
      ],
      "scale": [
        0.7,
        0.7,
        0.7
      ]
    },
    "thirdperson_lefthand": {
      "rotation": [
        50,
        0,
        0
      ],
      "translation": [
        0,
        3,
        2
      ],
      "scale": [
        0.7,
        0.7,
        0.7
      ]
    },
    "firstperson_righthand": {
      "translation": [
        0,
        4.5,
        0
      ],
      "scale": [
        0.6,
        0.6,
        0.6
      ]
    },
    "firstperson_lefthand": {
      "translation": [
        0,
        4.5,
        0
      ],
      "scale": [
        0.6,
        0.6,
        0.6
      ]
    },
    "ground": {
      "translation": [
        0,
        4.5,
        0
      ],
      "scale": [
        0.7,
        0.7,
        0.7
      ]
    },
    "gui": {
      "rotation": [
        22.5,
        135,
        0
      ],
      "translation": [
        1,
        1.25,
        0
      ],
      "scale": [
        0.78,
        0.78,
        0.78
      ]
    },
    "head": {
      "translation": [
        0,
        5.6,
        0
      ],
      "scale": [
        1.61,
        1.61,
        1.61
      ]
    },
    "fixed": {
      "rotation": [
        -90,
        0,
        0
      ],
      "translation": [
        0,
        0.5,
        -21
      ],
      "scale": [
        2.4,
        2.4,
        2.4
      ]
    }
  }
}