{
  "display": {
    "thirdperson_righthand": {
      "rotation": [
        0,
        -3,
        0
      ],
      "translation": [
        0,
        4.5,
        0
      ],
      "scale": [
        0.75,
        0.75,
        0.75
      ]
    },
    "thirdperson_lefthand": {
      "rotation": [
        0,
        -3,
        0
      ],
      "translation": [
        0,
        4.5,
        0
      ],
      "scale": [
        0.75,
        0.75,
        0.75
      ]
    },
    "firstperson_righthand": {
      "rotation": [
        2,
        0,
        0
      ],
      "translation": [
        2.5,
        5,
        -0.75
      ],
      "scale": [
        0.75,
        0.75,
        0.75
      ]
    },
    "firstperson_lefthand": {
      "rotation": [
        2,
        0,
        0
      ],
      "translation": [
        2.5,
        5,
        -0.75
      ],
      "scale": [
        0.75,
        0.75,
        0.75
      ]
    },
    "ground": {
      "rotation": [
        10,
        0,
        20
      ],
      "translation": [
        -0.5,
        4,
        0
      ],
      "scale": [
        0.5,
        0.5,
        0.5
      ]
    },
    "gui": {
      "rotation": [
        -90,
        135,
        180
      ],
      "translation": [
        1.75,
        -1.5,
        0
      ],
      "scale": [
        0.6,
        0.6,
        0.6
      ]
    },
    "head": {
      "translation": [
        0,
        -3,
        0
      ],
      "scale": [
        1.2,
        1.2,
        1.2
      ]
    },
    "fixed": {
      "rotation": [
        90,
        -45,
        180
      ],
      "translation": [
        -2,
        -1.5,
        -4.5
      ],
      "scale": [
        0.7,
        0.7,
        0.7
      ]
    }
  },
  "textures": {
    "0": "civilization:item/tools/frog_crossbow/default",
    "particle": "civilization:item/tools/frog_crossbow/default"
  },
  "elements": [
    {
      "name": "body",
      "from": [
        7.5,
        2.5,
        6.5
      ],
      "to": [
        8.5,
        3.5,
        9.5
      ],
      "rotation": {
        "angle": 0,
        "axis": "y",
        "origin": [
          8,
          3.52402,
          14.47704
        ]
      },
      "faces": {
        "north": {
          "uv": [
            10,
            6,
            10.25,
            6.25
          ],
          "texture": "#0"
        },
        "east": {
          "uv": [
            10,
            1.25,
            10.75,
            1.5
          ],
          "texture": "#0"
        },
        "south": {
          "uv": [
            10.25,
            3,
            10.5,
            3.25
          ],
          "texture": "#0"
        },
        "west": {
          "uv": [
            12,
            8,
            12.75,
            8.25
          ],
          "texture": "#0"
        },
        "up": {
          "uv": [
            7,
            13,
            6.75,
            12.25
          ],
          "texture": "#0"
        },
        "down": {
          "uv": [
            7.5,
            12.25,
            7.25,
            13
          ],
          "texture": "#0"
        }
      }
    }
  ],
  "gui_light": "front"
}