{
  "display": {
    "thirdperson_righthand": {
      "translation": [
        0,
        -1.75,
        4.75
      ]
    },
    "thirdperson_lefthand": {
      "translation": [
        0,
        -1.75,
        4.75
      ]
    },
    "firstperson_righthand": {
      "rotation": [
        19,
        6,
        0
      ],
      "translation": [
        3.75,
        4,
        -3
      ],
      "scale": [
        0.6,
        0.6,
        0.6
      ]
    },
    "firstperson_lefthand": {
      "rotation": [
        19,
        6,
        0
      ],
      "translation": [
        3.75,
        4,
        -3
      ],
      "scale": [
        0.6,
        0.6,
        0.6
      ]
    },
    "ground": {
      "rotation": [
        48,
        0,
        0
      ],
      "translation": [
        0,
        8.75,
        0
      ],
      "scale": [
        0.5,
        0.5,
        0.5
      ]
    },
    "gui": {
      "rotation": [
        90,
        45,
        -90
      ],
      "translation": [
        -1.75,
        1.75,
        0
      ],
      "scale": [
        0.6,
        0.6,
        0.6
      ]
    },
    "fixed": {
      "rotation": [
        0,
        90,
        0
      ],
      "translation": [
        -0.5,
        -0.75,
        -0.25
      ],
      "scale": [
        0.6,
        0.6,
        0.6
      ]
    }
  },
  "textures": {
    "0": "civilization:item/tools/valentine_bow/default",
    "1": "civilization:item/tools/valentine_bow/outline_0",
    "2": "civilization:item/tools/valentine_bow/outline_1",
    "3": "civilization:item/tools/valentine_bow/heartbeat_anim",
    "particle": "civilization:item/tools/valentine_bow/default"
  },
  "elements": [
    {
      "from": [
        7.975,
        6.5,
        2.75
      ],
      "to": [
        8.025,
        9.5,
        16.75
      ],
      "rotation": {
        "angle": 0,
        "axis": "y",
        "origin": [
          7.9875,
          7.99638,
          7.65165
        ]
      },
      "faces": {
        "north": {
          "uv": [
            7.5,
            4.25,
            7.5,
            5
          ],
          "texture": "#0"
        },
        "east": {
          "uv": [
            0,
            4.25,
            3.5,
            5
          ],
          "texture": "#0"
        },
        "south": {
          "uv": [
            7.75,
            0,
            7.75,
            0.75
          ],
          "texture": "#0"
        },
        "west": {
          "uv": [
            3.75,
            4.25,
            7.25,
            5
          ],
          "texture": "#0"
        },
        "up": {
          "uv": [
            0.5,
            11.25,
            0.5,
            7.75
          ],
          "texture": "#0"
        },
        "down": {
          "uv": [
            0.75,
            7.75,
            0.75,
            11.25
          ],
          "texture": "#0"
        }
      }
    },
    {
      "name": "anim",
      "from": [
        7.95,
        1.49526,
        -1.81699
      ],
      "to": [
        8,
        17.49526,
        14.18301
      ],
      "rotation": {
        "angle": -45,
        "axis": "x",
        "origin": [
          7.9875,
          7.99638,
          7.65165
        ]
      },
      "faces": {
        "north": {
          "uv": [
            0,
            0,
            0,
            16
          ],
          "rotation": 180,
          "texture": "#3"
        },
        "east": {
          "uv": [
            16,
            0,
            0,
            16
          ],
          "rotation": 270,
          "texture": "#3"
        },
        "south": {
          "uv": [
            0,
            0,
            0,
            16
          ],
          "texture": "#3"
        },
        "west": {
          "uv": [
            0,
            0,
            16,
            16
          ],
          "rotation": 90,
          "texture": "#3"
        },
        "up": {
          "uv": [
            0,
            0,
            0,
            16
          ],
          "rotation": 180,
          "texture": "#3"
        },
        "down": {
          "uv": [
            0,
            0,
            0,
            16
          ],
          "texture": "#3"
        }
      }
    },
    {
      "from": [
        6.5,
        8,
        2.75
      ],
      "to": [
        9.5,
        8,
        16.75
      ],
      "rotation": {
        "angle": 0,
        "axis": "y",
        "origin": [
          7.9875,
          7.99638,
          7.65165
        ]
      },
      "faces": {
        "north": {
          "uv": [
            7.5,
            4.25,
            7.5,
            5
          ],
          "rotation": 90,
          "texture": "#0"
        },
        "east": {
          "uv": [
            0.75,
            7.75,
            0.75,
            11.25
          ],
          "rotation": 270,
          "texture": "#0"
        },
        "south": {
          "uv": [
            7.75,
            0,
            7.75,
            0.75
          ],
          "rotation": 270,
          "texture": "#0"
        },
        "west": {
          "uv": [
            0.5,
            11.25,
            0.5,
            7.75
          ],
          "rotation": 270,
          "texture": "#0"
        },
        "up": {
          "uv": [
            0,
            4.25,
            3.5,
            5
          ],
          "rotation": 270,
          "texture": "#0"
        },
        "down": {
          "uv": [
            3.75,
            4.25,
            7.25,
            5
          ],
          "rotation": 270,
          "texture": "#0"
        }
      }
    },
    {
      "name": "anim",
      "from": [
        -1.49998,
        7.925,
        -1.82838
      ],
      "to": [
        14.50002,
        8.025,
        14.17162
      ],
      "rotation": {
        "angle": -45,
        "axis": "y",
        "origin": [
          7.9875,
          7.99638,
          7.65165
        ]
      },
      "faces": {
        "north": {
          "uv": [
            0,
            0,
            0,
            16
          ],
          "rotation": 270,
          "texture": "#3"
        },
        "east": {
          "uv": [
            0,
            0,
            0,
            16
          ],
          "rotation": 270,
          "texture": "#3"
        },
        "south": {
          "uv": [
            0,
            0,
            0,
            16
          ],
          "rotation": 270,
          "texture": "#3"
        },
        "west": {
          "uv": [
            0,
            0,
            0,
            16
          ],
          "rotation": 90,
          "texture": "#3"
        },
        "up": {
          "uv": [
            16,
            0,
            0,
            16
          ],
          "rotation": 180,
          "texture": "#3"
        },
        "down": {
          "uv": [
            0,
            0,
            16,
            16
          ],
          "texture": "#3"
        }
      }
    },
    {
      "from": [
        7.5,
        5,
        4
      ],
      "to": [
        8.5,
        11,
        5
      ],
      "rotation": {
        "angle": 0,
        "axis": "y",
        "origin": [
          7,
          7,
          4
        ]
      },
      "faces": {
        "north": {
          "uv": [
            5.5,
            2.25,
            5.75,
            3.75
          ],
          "texture": "#0"
        },
        "east": {
          "uv": [
            5.5,
            5.25,
            5.75,
            6.75
          ],
          "texture": "#0"
        },
        "south": {
          "uv": [
            5.5,
            2.25,
            5.75,
            3.75
          ],
          "texture": "#0"
        },
        "west": {
          "uv": [
            6,
            1.75,
            6.25,
            3.25
          ],
          "texture": "#0"
        },
        "up": {
          "uv": [
            1.5,
            7.5,
            1.25,
            7.25
          ],
          "texture": "#0"
        },
        "down": {
          "uv": [
            7.5,
            1.25,
            7.25,
            1.5
          ],
          "texture": "#0"
        }
      }
    },
    {
      "name": "cube inverted",
      "from": [
        8.75,
        11,
        5.25
      ],
      "to": [
        7.25,
        5,
        3.75
      ],
      "rotation": {
        "angle": 0,
        "axis": "y",
        "origin": [
          7,
          7,
          4
        ]
      },
      "faces": {
        "north": {
          "uv": [
            0,
            6,
            2,
            0
          ],
          "texture": "#2"
        },
        "east": {
          "uv": [
            6,
            6,
            8,
            0
          ],
          "texture": "#2"
        },
        "south": {
          "uv": [
            0,
            6,
            2,
            0
          ],
          "texture": "#2"
        },
        "west": {
          "uv": [
            3,
            6,
            5,
            0
          ],
          "texture": "#2"
        },
        "up": {
          "uv": [
            3,
            7,
            5,
            9
          ],
          "texture": "#2"
        },
        "down": {
          "uv": [
            0,
            9,
            2,
            7
          ],
          "texture": "#2"
        }
      }
    },
    {
      "from": [
        7,
        4,
        4
      ],
      "to": [
        9,
        6,
        7
      ],
      "rotation": {
        "angle": -22.5,
        "axis": "x",
        "origin": [
          8,
          4,
          5.5
        ]
      },
      "faces": {
        "north": {
          "uv": [
            6.5,
            1,
            7,
            1.5
          ],
          "texture": "#0"
        },
        "east": {
          "uv": [
            6,
            3.5,
            6.75,
            4
          ],
          "texture": "#0"
        },
        "south": {
          "uv": [
            6.5,
            1.75,
            7,
            2.25
          ],
          "texture": "#0"
        },
        "west": {
          "uv": [
            6,
            5.25,
            6.75,
            5.75
          ],
          "texture": "#0"
        },
        "up": {
          "uv": [
            6.5,
            6.75,
            6,
            6
          ],
          "texture": "#0"
        },
        "down": {
          "uv": [
            7,
            0,
            6.5,
            0.75
          ],
          "texture": "#0"
        }
      }
    },
    {
      "from": [
        7,
        3,
        4
      ],
      "to": [
        9,
        4,
        6
      ],
      "rotation": {
        "angle": -22.5,
        "axis": "x",
        "origin": [
          8,
          4,
          5.5
        ]
      },
      "faces": {
        "north": {
          "uv": [
            7,
            3.25,
            7.5,
            3.5
          ],
          "texture": "#0"
        },
        "east": {
          "uv": [
            7,
            3.75,
            7.5,
            4
          ],
          "texture": "#0"
        },
        "south": {
          "uv": [
            7,
            5.25,
            7.5,
            5.5
          ],
          "texture": "#0"
        },
        "west": {
          "uv": [
            0.5,
            7.25,
            1,
            7.5
          ],
          "texture": "#0"
        },
        "up": {
          "uv": [
            3,
            7,
            2.5,
            6.5
          ],
          "texture": "#0"
        },
        "down": {
          "uv": [
            7,
            2.5,
            6.5,
            3
          ],
          "texture": "#0"
        }
      }
    },
    {
      "name": "string",
      "from": [
        8,
        -2,
        10.875
      ],
      "to": [
        8,
        9,
        11.875
      ],
      "rotation": {
        "angle": 22.5,
        "axis": "x",
        "origin": [
          8,
          -2,
          11.5
        ]
      },
      "faces": {
        "north": {
          "uv": [
            5.25,
            7.5,
            5.25,
            9.5
          ],
          "texture": "#0"
        },
        "east": {
          "uv": [
            5,
            5.25,
            5.25,
            7.25
          ],
          "texture": "#0"
        },
        "south": {
          "uv": [
            7.5,
            5.75,
            7.5,
            7.75
          ],
          "texture": "#0"
        },
        "west": {
          "uv": [
            5.5,
            0,
            5.75,
            2
          ],
          "texture": "#0"
        },
        "up": {
          "uv": [
            7.25,
            3,
            7.25,
            2.75
          ],
          "texture": "#0"
        },
        "down": {
          "uv": [
            7.5,
            2.75,
            7.5,
            3
          ],
          "texture": "#0"
        }
      }
    },
    {
      "from": [
        7.5,
        -1.30833,
        4.95067
      ],
      "to": [
        8.5,
        2.69167,
        5.95067
      ],
      "rotation": {
        "angle": -22.5,
        "axis": "x",
        "origin": [
          8,
          2.71299,
          4.95029
        ]
      },
      "faces": {
        "north": {
          "uv": [
            3.25,
            6.5,
            3.5,
            7.5
          ],
          "texture": "#0"
        },
        "east": {
          "uv": [
            3.75,
            6.5,
            4,
            7.5
          ],
          "texture": "#0"
        },
        "south": {
          "uv": [
            4.25,
            6.5,
            4.5,
            7.5
          ],
          "texture": "#0"
        },
        "west": {
          "uv": [
            6.75,
            6,
            7,
            7
          ],
          "texture": "#0"
        },
        "up": {
          "uv": [
            2,
            7.5,
            1.75,
            7.25
          ],
          "texture": "#0"
        },
        "down": {
          "uv": [
            7.5,
            1.75,
            7.25,
            2
          ],
          "texture": "#0"
        }
      }
    },
    {
      "name": "flat",
      "from": [
        7.975,
        -3.30833,
        5.95067
      ],
      "to": [
        8.025,
        3.69167,
        9.95067
      ],
      "rotation": {
        "angle": -22.5,
        "axis": "x",
        "origin": [
          8,
          2.71299,
          4.95029
        ]
      },
      "faces": {
        "north": {
          "uv": [
            7.25,
            5.75,
            7.25,
            7.5
          ],
          "texture": "#0"
        },
        "east": {
          "uv": [
            0,
            5.25,
            1,
            7
          ],
          "texture": "#0"
        },
        "south": {
          "uv": [
            6.75,
            7.25,
            6.75,
            9
          ],
          "texture": "#0"
        },
        "west": {
          "uv": [
            1.25,
            5.25,
            2.25,
            7
          ],
          "texture": "#0"
        },
        "up": {
          "uv": [
            7,
            8.25,
            7,
            7.25
          ],
          "texture": "#0"
        },
        "down": {
          "uv": [
            5,
            7.5,
            5,
            8.5
          ],
          "texture": "#0"
        }
      }
    },
    {
      "from": [
        7.525,
        -1.15815,
        6.48508
      ],
      "to": [
        8.475,
        -0.15815,
        10.48508
      ],
      "rotation": {
        "angle": 22.5,
        "axis": "x",
        "origin": [
          8,
          -1.09133,
          6.87961
        ]
      },
      "faces": {
        "north": {
          "uv": [
            2.5,
            7.5,
            2.25,
            7.25
          ],
          "rotation": 180,
          "texture": "#0"
        },
        "east": {
          "uv": [
            6,
            7,
            6.25,
            8
          ],
          "rotation": 90,
          "texture": "#0"
        },
        "south": {
          "uv": [
            7.5,
            2.25,
            7.25,
            2.5
          ],
          "texture": "#0"
        },
        "west": {
          "uv": [
            7.25,
            0,
            7.5,
            1
          ],
          "rotation": 270,
          "texture": "#0"
        },
        "up": {
          "uv": [
            0,
            7.25,
            0.25,
            8.25
          ],
          "texture": "#0"
        },
        "down": {
          "uv": [
            5.5,
            7,
            5.75,
            8
          ],
          "rotation": 180,
          "texture": "#0"
        }
      }
    },
    {
      "name": "flat",
      "from": [
        7.95,
        -3.15815,
        5.3897
      ],
      "to": [
        8.05,
        6.84185,
        21.3897
      ],
      "rotation": {
        "angle": 22.5,
        "axis": "x",
        "origin": [
          8,
          -1.09133,
          6.87961
        ]
      },
      "faces": {
        "north": {
          "uv": [
            2.75,
            9.75,
            2.75,
            7.25
          ],
          "rotation": 180,
          "texture": "#0"
        },
        "east": {
          "uv": [
            0,
            0,
            2.5,
            4
          ],
          "rotation": 90,
          "texture": "#0"
        },
        "south": {
          "uv": [
            3,
            7.25,
            3,
            9.75
          ],
          "texture": "#0"
        },
        "west": {
          "uv": [
            2.75,
            0,
            5.25,
            4
          ],
          "rotation": 270,
          "texture": "#0"
        },
        "up": {
          "uv": [
            6.5,
            7,
            6.5,
            11
          ],
          "texture": "#0"
        },
        "down": {
          "uv": [
            4.75,
            6.5,
            4.75,
            10.5
          ],
          "rotation": 180,
          "texture": "#0"
        }
      }
    },
    {
      "name": "outline inverted",
      "from": [
        9.25,
        6.25,
        7.25
      ],
      "to": [
        6.75,
        3.75,
        3.75
      ],
      "rotation": {
        "angle": -22.5,
        "axis": "x",
        "origin": [
          8,
          4,
          5.5
        ]
      },
      "faces": {
        "north": {
          "uv": [
            9,
            3,
            12,
            0
          ],
          "texture": "#1"
        },
        "east": {
          "uv": [
            0,
            7,
            4,
            4
          ],
          "texture": "#1"
        },
        "south": {
          "uv": [
            0,
            11,
            3,
            8
          ],
          "texture": "#1"
        },
        "west": {
          "uv": [
            0,
            3,
            4,
            0
          ],
          "texture": "#1"
        },
        "up": {
          "uv": [
            5,
            5,
            8,
            9
          ],
          "texture": "#1"
        },
        "down": {
          "uv": [
            5,
            4,
            8,
            0
          ],
          "texture": "#1"
        }
      }
    },
    {
      "name": "outline inverted",
      "from": [
        9.25,
        4,
        6.25
      ],
      "to": [
        6.75,
        2.75,
        3.75
      ],
      "rotation": {
        "angle": -22.5,
        "axis": "x",
        "origin": [
          8,
          4,
          5.5
        ]
      },
      "faces": {
        "north": {
          "uv": [
            4,
            13,
            7,
            12
          ],
          "texture": "#1"
        },
        "east": {
          "uv": [
            8,
            13,
            11,
            12
          ],
          "texture": "#1"
        },
        "south": {
          "uv": [
            4,
            11,
            7,
            10
          ],
          "texture": "#1"
        },
        "west": {
          "uv": [
            0,
            13,
            3,
            12
          ],
          "texture": "#1"
        },
        "up": {
          "uv": [
            9,
            8,
            12,
            11
          ],
          "texture": "#1"
        },
        "down": {
          "uv": [
            9,
            7,
            12,
            4
          ],
          "texture": "#1"
        }
      }
    },
    {
      "from": [
        7,
        10,
        4
      ],
      "to": [
        9,
        12,
        7
      ],
      "rotation": {
        "angle": 22.5,
        "axis": "x",
        "origin": [
          8,
          12,
          5.5
        ]
      },
      "faces": {
        "north": {
          "uv": [
            6.5,
            1.5,
            7,
            1
          ],
          "texture": "#0"
        },
        "east": {
          "uv": [
            6,
            4,
            6.75,
            3.5
          ],
          "texture": "#0"
        },
        "south": {
          "uv": [
            6.5,
            2.25,
            7,
            1.75
          ],
          "texture": "#0"
        },
        "west": {
          "uv": [
            6,
            5.75,
            6.75,
            5.25
          ],
          "texture": "#0"
        },
        "up": {
          "uv": [
            7,
            0.75,
            6.5,
            0
          ],
          "texture": "#0"
        },
        "down": {
          "uv": [
            6.5,
            6,
            6,
            6.75
          ],
          "texture": "#0"
        }
      }
    },
    {
      "from": [
        7,
        12,
        4
      ],
      "to": [
        9,
        13,
        6
      ],
      "rotation": {
        "angle": 22.5,
        "axis": "x",
        "origin": [
          8,
          12,
          5.5
        ]
      },
      "faces": {
        "north": {
          "uv": [
            7,
            3.5,
            7.5,
            3.25
          ],
          "texture": "#0"
        },
        "east": {
          "uv": [
            7,
            4,
            7.5,
            3.75
          ],
          "texture": "#0"
        },
        "south": {
          "uv": [
            7,
            5.5,
            7.5,
            5.25
          ],
          "texture": "#0"
        },
        "west": {
          "uv": [
            0.5,
            7.5,
            1,
            7.25
          ],
          "texture": "#0"
        },
        "up": {
          "uv": [
            7,
            3,
            6.5,
            2.5
          ],
          "texture": "#0"
        },
        "down": {
          "uv": [
            3,
            6.5,
            2.5,
            7
          ],
          "texture": "#0"
        }
      }
    },
    {
      "name": "string",
      "from": [
        8,
        7,
        10.875
      ],
      "to": [
        8,
        18,
        11.875
      ],
      "rotation": {
        "angle": -22.5,
        "axis": "x",
        "origin": [
          8,
          18,
          11.5
        ]
      },
      "faces": {
        "north": {
          "uv": [
            5.25,
            9.5,
            5.25,
            7.5
          ],
          "texture": "#0"
        },
        "east": {
          "uv": [
            5,
            7.25,
            5.25,
            5.25
          ],
          "texture": "#0"
        },
        "south": {
          "uv": [
            7.5,
            7.75,
            7.5,
            5.75
          ],
          "texture": "#0"
        },
        "west": {
          "uv": [
            5.5,
            2,
            5.75,
            0
          ],
          "texture": "#0"
        },
        "up": {
          "uv": [
            7.5,
            3,
            7.5,
            2.75
          ],
          "texture": "#0"
        },
        "down": {
          "uv": [
            7.25,
            2.75,
            7.25,
            3
          ],
          "texture": "#0"
        }
      }
    },
    {
      "from": [
        7.5,
        13.30833,
        4.95067
      ],
      "to": [
        8.5,
        17.30833,
        5.95067
      ],
      "rotation": {
        "angle": 22.5,
        "axis": "x",
        "origin": [
          8,
          13.28701,
          4.95029
        ]
      },
      "faces": {
        "north": {
          "uv": [
            3.25,
            7.5,
            3.5,
            6.5
          ],
          "texture": "#0"
        },
        "east": {
          "uv": [
            3.75,
            7.5,
            4,
            6.5
          ],
          "texture": "#0"
        },
        "south": {
          "uv": [
            4.25,
            7.5,
            4.5,
            6.5
          ],
          "texture": "#0"
        },
        "west": {
          "uv": [
            6.75,
            7,
            7,
            6
          ],
          "texture": "#0"
        },
        "up": {
          "uv": [
            7.5,
            2,
            7.25,
            1.75
          ],
          "texture": "#0"
        },
        "down": {
          "uv": [
            2,
            7.25,
            1.75,
            7.5
          ],
          "texture": "#0"
        }
      }
    },
    {
      "name": "flat",
      "from": [
        7.975,
        12.30833,
        5.95067
      ],
      "to": [
        8.025,
        19.30833,
        9.95067
      ],
      "rotation": {
        "angle": 22.5,
        "axis": "x",
        "origin": [
          8,
          13.28701,
          4.95029
        ]
      },
      "faces": {
        "north": {
          "uv": [
            7.25,
            7.5,
            7.25,
            5.75
          ],
          "texture": "#0"
        },
        "east": {
          "uv": [
            0,
            7,
            1,
            5.25
          ],
          "texture": "#0"
        },
        "south": {
          "uv": [
            6.75,
            9,
            6.75,
            7.25
          ],
          "texture": "#0"
        },
        "west": {
          "uv": [
            1.25,
            7,
            2.25,
            5.25
          ],
          "texture": "#0"
        },
        "up": {
          "uv": [
            5,
            8.5,
            5,
            7.5
          ],
          "texture": "#0"
        },
        "down": {
          "uv": [
            7,
            7.25,
            7,
            8.25
          ],
          "texture": "#0"
        }
      }
    },
    {
      "from": [
        7.525,
        16.15815,
        6.48508
      ],
      "to": [
        8.475,
        17.15815,
        10.48508
      ],
      "rotation": {
        "angle": -22.5,
        "axis": "x",
        "origin": [
          8,
          17.09133,
          6.87961
        ]
      },
      "faces": {
        "north": {
          "uv": [
            2.5,
            7.25,
            2.25,
            7.5
          ],
          "rotation": 180,
          "texture": "#0"
        },
        "east": {
          "uv": [
            6.25,
            7,
            6,
            8
          ],
          "rotation": 90,
          "texture": "#0"
        },
        "south": {
          "uv": [
            7.5,
            2.5,
            7.25,
            2.25
          ],
          "texture": "#0"
        },
        "west": {
          "uv": [
            7.5,
            0,
            7.25,
            1
          ],
          "rotation": 270,
          "texture": "#0"
        },
        "up": {
          "uv": [
            5.5,
            8,
            5.75,
            7
          ],
          "rotation": 180,
          "texture": "#0"
        },
        "down": {
          "uv": [
            0,
            8.25,
            0.25,
            7.25
          ],
          "texture": "#0"
        }
      }
    },
    {
      "name": "flat",
      "from": [
        7.95,
        9.15815,
        5.3897
      ],
      "to": [
        8.05,
        19.15815,
        21.3897
      ],
      "rotation": {
        "angle": -22.5,
        "axis": "x",
        "origin": [
          8,
          17.09133,
          6.87961
        ]
      },
      "faces": {
        "north": {
          "uv": [
            2.75,
            7.25,
            2.75,
            9.75
          ],
          "rotation": 180,
          "texture": "#0"
        },
        "east": {
          "uv": [
            2.5,
            0,
            0,
            4
          ],
          "rotation": 90,
          "texture": "#0"
        },
        "south": {
          "uv": [
            3,
            9.75,
            3,
            7.25
          ],
          "texture": "#0"
        },
        "west": {
          "uv": [
            5.25,
            0,
            2.75,
            4
          ],
          "rotation": 270,
          "texture": "#0"
        },
        "up": {
          "uv": [
            4.75,
            10.5,
            4.75,
            6.5
          ],
          "rotation": 180,
          "texture": "#0"
        },
        "down": {
          "uv": [
            6.5,
            11,
            6.5,
            7
          ],
          "texture": "#0"
        }
      }
    },
    {
      "name": "outline inverted",
      "from": [
        9.25,
        12.25,
        7.25
      ],
      "to": [
        6.75,
        9.75,
        3.75
      ],
      "rotation": {
        "angle": 22.5,
        "axis": "x",
        "origin": [
          8,
          12,
          5.5
        ]
      },
      "faces": {
        "north": {
          "uv": [
            9,
            0,
            12,
            3
          ],
          "texture": "#1"
        },
        "east": {
          "uv": [
            0,
            4,
            4,
            7
          ],
          "texture": "#1"
        },
        "south": {
          "uv": [
            0,
            8,
            3,
            11
          ],
          "texture": "#1"
        },
        "west": {
          "uv": [
            0,
            0,
            4,
            3
          ],
          "texture": "#1"
        },
        "up": {
          "uv": [
            5,
            0,
            8,
            4
          ],
          "texture": "#1"
        },
        "down": {
          "uv": [
            5,
            9,
            8,
            5
          ],
          "texture": "#1"
        }
      }
    },
    {
      "name": "outline inverted",
      "from": [
        9.25,
        13.25,
        6.25
      ],
      "to": [
        6.75,
        12,
        3.75
      ],
      "rotation": {
        "angle": 22.5,
        "axis": "x",
        "origin": [
          8,
          12,
          5.5
        ]
      },
      "faces": {
        "north": {
          "uv": [
            4,
            12,
            7,
            13
          ],
          "texture": "#1"
        },
        "east": {
          "uv": [
            8,
            12,
            11,
            13
          ],
          "texture": "#1"
        },
        "south": {
          "uv": [
            4,
            10,
            7,
            11
          ],
          "texture": "#1"
        },
        "west": {
          "uv": [
            0,
            12,
            3,
            13
          ],
          "texture": "#1"
        },
        "up": {
          "uv": [
            9,
            4,
            12,
            7
          ],
          "texture": "#1"
        },
        "down": {
          "uv": [
            9,
            11,
            12,
            8
          ],
          "texture": "#1"
        }
      }
    }
  ],
  "gui_light": "front"
}