{
  "display": {
    "gui": {
      "rotation": [
        -155.5,
        39.25,
        -180
      ],
      "translation": [
        1.25,
        4.5,
        0
      ]
    },
    "head": {
      "translation": [
        0,
        14,
        0
      ],
      "scale": [
        1.61,
        1.61,
        1.61
      ]
    }
  },
  "texture_size": [
    32,
    32
  ],
  "elements": [
    {
      "from": [
        3.5,
        0,
        3.5
      ],
      "to": [
        12.5,
        5,
        12.5
      ],
      "rotation": {
        "angle": 0,
        "axis": "y",
        "origin": [
          7,
          0,
          7
        ]
      },
      "faces": {
        "north": {
          "uv": [
            4.5,
            0,
            9,
            2.5
          ],
          "texture": "#0"
        },
        "east": {
          "uv": [
            9,
            7.5,
            4.5,
            10
          ],
          "texture": "#0"
        },
        "south": {
          "uv": [
            4.5,
            5,
            9,
            7.5
          ],
          "texture": "#0"
        },
        "west": {
          "uv": [
            4.5,
            7.5,
            9,
            10
          ],
          "texture": "#0"
        },
        "up": {
          "uv": [
            4.5,
            4.5,
            0,
            0
          ],
          "texture": "#0"
        },
        "down": {
          "uv": [
            4.5,
            4.5,
            0,
            9
          ],
          "texture": "#0"
        }
      }
    },
    {
      "from": [
        5.75772,
        1.12218,
        3.25
      ],
      "to": [
        10.75772,
        1.92218,
        3.25
      ],
      "rotation": {
        "angle": 0,
        "axis": "y",
        "origin": [
          8.25772,
          2.52218,
          3.25
        ]
      },
      "faces": {
        "north": {
          "uv": [
            4.5,
            4.5,
            7,
            5
          ],
          "texture": "#0"
        },
        "east": {
          "uv": [
            0,
            0,
            0,
            0.5
          ],
          "texture": "#0"
        },
        "south": {
          "uv": [
            5,
            2.5,
            7.5,
            3
          ],
          "texture": "#0"
        },
        "west": {
          "uv": [
            0,
            0,
            0,
            0.5
          ],
          "texture": "#0"
        },
        "up": {
          "uv": [
            2.5,
            0,
            0,
            0
          ],
          "texture": "#0"
        },
        "down": {
          "uv": [
            2.5,
            0,
            0,
            0
          ],
          "texture": "#0"
        }
      }
    },
    {
      "from": [
        8.6,
        0.2,
        3.25
      ],
      "to": [
        9.4,
        4.2,
        3.25
      ],
      "rotation": {
        "angle": 45,
        "axis": "z",
        "origin": [
          8,
          2.7,
          3.25
        ]
      },
      "faces": {
        "north": {
          "uv": [
            7,
            3,
            7.5,
            5
          ],
          "texture": "#0"
        },
        "east": {
          "uv": [
            0,
            0,
            0,
            2
          ],
          "texture": "#0"
        },
        "south": {
          "uv": [
            7.5,
            2.5,
            8,
            4.5
          ],
          "texture": "#0"
        },
        "west": {
          "uv": [
            0,
            0,
            0,
            2
          ],
          "texture": "#0"
        },
        "up": {
          "uv": [
            0.5,
            0,
            0,
            0
          ],
          "texture": "#0"
        },
        "down": {
          "uv": [
            0.5,
            0,
            0,
            0
          ],
          "texture": "#0"
        }
      }
    },
    {
      "from": [
        7,
        3.44142,
        3.25
      ],
      "to": [
        8.5,
        4.24142,
        3.25
      ],
      "rotation": {
        "angle": 45,
        "axis": "z",
        "origin": [
          8,
          2.84142,
          3.25
        ]
      },
      "faces": {
        "north": {
          "uv": [
            5,
            3,
            6,
            3.5
          ],
          "texture": "#0"
        },
        "east": {
          "uv": [
            0,
            0,
            0,
            0.5
          ],
          "texture": "#0"
        },
        "south": {
          "uv": [
            5,
            3.5,
            6,
            4
          ],
          "texture": "#0"
        },
        "west": {
          "uv": [
            0,
            0,
            0,
            0.5
          ],
          "texture": "#0"
        },
        "up": {
          "uv": [
            1,
            0,
            0,
            0
          ],
          "texture": "#0"
        },
        "down": {
          "uv": [
            1,
            0,
            0,
            0
          ],
          "texture": "#0"
        }
      }
    },
    {
      "from": [
        7,
        4.5,
        7
      ],
      "to": [
        9,
        5.5,
        9
      ],
      "rotation": {
        "angle": 0,
        "axis": "y",
        "origin": [
          7,
          0.5,
          7
        ]
      },
      "faces": {
        "north": {
          "uv": [
            9,
            9.5,
            10,
            10
          ],
          "texture": "#0"
        },
        "east": {
          "uv": [
            4.5,
            10,
            5.5,
            10.5
          ],
          "texture": "#0"
        },
        "south": {
          "uv": [
            5.5,
            10,
            6.5,
            10.5
          ],
          "texture": "#0"
        },
        "west": {
          "uv": [
            10,
            5.5,
            11,
            6
          ],
          "texture": "#0"
        },
        "up": {
          "uv": [
            10,
            6.5,
            9,
            5.5
          ],
          "texture": "#0"
        },
        "down": {
          "uv": [
            10,
            6.5,
            9,
            7.5
          ],
          "texture": "#0"
        }
      }
    },
    {
      "from": [
        3.5,
        0,
        0.5
      ],
      "to": [
        12.5,
        1,
        3.5
      ],
      "rotation": {
        "angle": 0,
        "axis": "y",
        "origin": [
          7,
          -2,
          -2
        ]
      },
      "faces": {
        "north": {
          "uv": [
            9,
            3.5,
            13.5,
            4
          ],
          "texture": "#0"
        },
        "east": {
          "uv": [
            9,
            7.5,
            10.5,
            8
          ],
          "texture": "#0"
        },
        "south": {
          "uv": [
            9,
            4,
            13.5,
            4.5
          ],
          "texture": "#0"
        },
        "west": {
          "uv": [
            9,
            8,
            10.5,
            8.5
          ],
          "texture": "#0"
        },
        "up": {
          "uv": [
            4.5,
            10.5,
            0,
            9
          ],
          "texture": "#0"
        },
        "down": {
          "uv": [
            13.5,
            0,
            9,
            1.5
          ],
          "texture": "#0"
        }
      }
    },
    {
      "from": [
        4.5,
        0,
        -1.5
      ],
      "to": [
        11.5,
        1,
        0.5
      ],
      "rotation": {
        "angle": 0,
        "axis": "y",
        "origin": [
          7,
          -2,
          -4
        ]
      },
      "faces": {
        "north": {
          "uv": [
            9,
            4.5,
            12.5,
            5
          ],
          "texture": "#0"
        },
        "east": {
          "uv": [
            9,
            8.5,
            10,
            9
          ],
          "texture": "#0"
        },
        "south": {
          "uv": [
            9,
            5,
            12.5,
            5.5
          ],
          "texture": "#0"
        },
        "west": {
          "uv": [
            9,
            9,
            10,
            9.5
          ],
          "texture": "#0"
        },
        "up": {
          "uv": [
            12.5,
            2.5,
            9,
            1.5
          ],
          "texture": "#0"
        },
        "down": {
          "uv": [
            12.5,
            2.5,
            9,
            3.5
          ],
          "texture": "#0"
        }
      }
    }
  ],
  "gui_light": "front"
}