{
  "texture_size": [
    64,
    64
  ],
  "elements": [
    {
      "from": [
        4,
        0,
        4
      ],
      "to": [
        12,
        4,
        12
      ],
      "rotation": {
        "angle": 0,
        "axis": "y",
        "origin": [
          8,
          1,
          5
        ]
      },
      "faces": {
        "north": {
          "uv": [
            1,
            5,
            3,
            6
          ],
          "texture": "#0"
        },
        "east": {
          "uv": [
            5.5,
            4,
            7.5,
            5
          ],
          "texture": "#0"
        },
        "south": {
          "uv": [
            5.5,
            5,
            7.5,
            6
          ],
          "texture": "#0"
        },
        "west": {
          "uv": [
            5.75,
            0,
            7.75,
            1
          ],
          "texture": "#0"
        },
        "up": {
          "uv": [
            2,
            2,
            0,
            0
          ],
          "texture": "#0"
        },
        "down": {
          "uv": [
            2,
            2,
            0,
            4
          ],
          "texture": "#0"
        }
      }
    },
    {
      "from": [
        3.9,
        0.4,
        3.9
      ],
      "to": [
        12.1,
        2.6,
        12.1
      ],
      "rotation": {
        "angle": 0,
        "axis": "y",
        "origin": [
          8,
          1,
          5
        ]
      },
      "faces": {
        "north": {
          "uv": [
            6.5,
            6,
            8.5,
            6.5
          ],
          "texture": "#0"
        },
        "east": {
          "uv": [
            6.5,
            6.5,
            8.5,
            7
          ],
          "texture": "#0"
        },
        "south": {
          "uv": [
            6.75,
            1,
            8.75,
            1.5
          ],
          "texture": "#0"
        },
        "west": {
          "uv": [
            6.75,
            1.5,
            8.75,
            2
          ],
          "texture": "#0"
        },
        "up": {
          "uv": [
            4,
            2,
            2,
            0
          ],
          "texture": "#0"
        },
        "down": {
          "uv": [
            4,
            2,
            2,
            4
          ],
          "texture": "#0"
        }
      }
    },
    {
      "from": [
        3.56743,
        0.92878,
        1
      ],
      "to": [
        6.56743,
        1.92878,
        13
      ],
      "rotation": {
        "angle": 22.5,
        "axis": "z",
        "origin": [
          7.84776,
          0.19134,
          8
        ]
      },
      "faces": {
        "north": {
          "uv": [
            7.5,
            4.25,
            8.25,
            4.5
          ],
          "texture": "#0"
        },
        "east": {
          "uv": [
            2.5,
            7,
            5.5,
            7.25
          ],
          "texture": "#0"
        },
        "south": {
          "uv": [
            4.5,
            7.5,
            5.25,
            7.75
          ],
          "texture": "#0"
        },
        "west": {
          "uv": [
            5.5,
            7,
            8.5,
            7.25
          ],
          "texture": "#0"
        },
        "up": {
          "uv": [
            4,
            7,
            3.25,
            4
          ],
          "texture": "#0"
        },
        "down": {
          "uv": [
            4.75,
            4,
            4,
            7
          ],
          "texture": "#0"
        }
      }
    },
    {
      "from": [
        9.43257,
        0.92878,
        1
      ],
      "to": [
        12.43257,
        1.92878,
        13
      ],
      "rotation": {
        "angle": -22.5,
        "axis": "z",
        "origin": [
          8.15224,
          0.19134,
          8
        ]
      },
      "faces": {
        "north": {
          "uv": [
            7.5,
            4.5,
            8.25,
            4.75
          ],
          "texture": "#0"
        },
        "east": {
          "uv": [
            2.5,
            7.25,
            5.5,
            7.5
          ],
          "texture": "#0"
        },
        "south": {
          "uv": [
            7.5,
            4.75,
            8.25,
            5
          ],
          "texture": "#0"
        },
        "west": {
          "uv": [
            7.25,
            3,
            10.25,
            3.25
          ],
          "texture": "#0"
        },
        "up": {
          "uv": [
            5.5,
            7,
            4.75,
            4
          ],
          "texture": "#0"
        },
        "down": {
          "uv": [
            5.75,
            0,
            5,
            3
          ],
          "texture": "#0"
        }
      }
    },
    {
      "from": [
        6,
        0.30656,
        1
      ],
      "to": [
        10,
        1.30656,
        13
      ],
      "rotation": {
        "angle": 0,
        "axis": "z",
        "origin": [
          7.5,
          0.30656,
          7
        ]
      },
      "faces": {
        "north": {
          "uv": [
            3.5,
            7.5,
            4.5,
            7.75
          ],
          "texture": "#0"
        },
        "east": {
          "uv": [
            7.25,
            3.25,
            10.25,
            3.5
          ],
          "texture": "#0"
        },
        "south": {
          "uv": [
            7.5,
            4,
            8.5,
            4.25
          ],
          "texture": "#0"
        },
        "west": {
          "uv": [
            7.25,
            3.5,
            10.25,
            3.75
          ],
          "texture": "#0"
        },
        "up": {
          "uv": [
            1,
            7,
            0,
            4
          ],
          "texture": "#0"
        },
        "down": {
          "uv": [
            5,
            0,
            4,
            3
          ],
          "texture": "#0"
        }
      }
    },
    {
      "from": [
        6.5,
        0.5,
        3.5
      ],
      "to": [
        9.5,
        4.5,
        12.5
      ],
      "rotation": {
        "angle": 0,
        "axis": "y",
        "origin": [
          8,
          1,
          5
        ]
      },
      "faces": {
        "north": {
          "uv": [
            2.5,
            6,
            3.25,
            7
          ],
          "texture": "#0"
        },
        "east": {
          "uv": [
            1,
            4,
            3.25,
            5
          ],
          "texture": "#0"
        },
        "south": {
          "uv": [
            6.75,
            2,
            7.5,
            3
          ],
          "texture": "#0"
        },
        "west": {
          "uv": [
            4,
            3,
            6.25,
            4
          ],
          "texture": "#0"
        },
        "up": {
          "uv": [
            1.75,
            8.25,
            1,
            6
          ],
          "texture": "#0"
        },
        "down": {
          "uv": [
            2.5,
            6,
            1.75,
            8.25
          ],
          "texture": "#0"
        }
      }
    },
    {
      "from": [
        6,
        1,
        3
      ],
      "to": [
        10,
        5,
        4
      ],
      "rotation": {
        "angle": 0,
        "axis": "y",
        "origin": [
          8,
          1,
          5
        ]
      },
      "faces": {
        "north": {
          "uv": [
            5.75,
            1,
            6.75,
            2
          ],
          "texture": "#0"
        },
        "east": {
          "uv": [
            3,
            5,
            3.25,
            6
          ],
          "texture": "#0"
        },
        "south": {
          "uv": [
            5.75,
            2,
            6.75,
            3
          ],
          "texture": "#0"
        },
        "west": {
          "uv": [
            7.5,
            2,
            7.75,
            3
          ],
          "texture": "#0"
        },
        "up": {
          "uv": [
            8.25,
            4,
            7.25,
            3.75
          ],
          "texture": "#0"
        },
        "down": {
          "uv": [
            3.5,
            7.5,
            2.5,
            7.75
          ],
          "texture": "#0"
        }
      }
    },
    {
      "from": [
        5.95,
        0.95,
        2.95
      ],
      "to": [
        10.05,
        5.05,
        5.05
      ],
      "rotation": {
        "angle": 0,
        "axis": "y",
        "origin": [
          8,
          1,
          5
        ]
      },
      "faces": {
        "north": {
          "uv": [
            5.5,
            6,
            6.5,
            7
          ],
          "texture": "#0"
        },
        "east": {
          "uv": [
            0,
            7,
            0.5,
            8
          ],
          "texture": "#0"
        },
        "south": {
          "uv": [
            6.25,
            3,
            7.25,
            4
          ],
          "texture": "#0"
        },
        "west": {
          "uv": [
            0.5,
            7,
            1,
            8
          ],
          "texture": "#0"
        },
        "up": {
          "uv": [
            6.5,
            7.75,
            5.5,
            7.25
          ],
          "texture": "#0"
        },
        "down": {
          "uv": [
            7.5,
            7.25,
            6.5,
            7.75
          ],
          "texture": "#0"
        }
      }
    }
  ],
  "gui_light": "front",
  "display": {
    "thirdperson_righthand": {
      "rotation": [
        0,
        20,
        0
      ],
      "translation": [
        0,
        6.5,
        -1
      ],
      "scale": [
        0.8,
        0.8,
        0.8
      ]
    },
    "thirdperson_lefthand": {
      "rotation": [
        0,
        20,
        0
      ],
      "translation": [
        0,
        6.5,
        -1
      ],
      "scale": [
        0.8,
        0.8,
        0.8
      ]
    },
    "firstperson_righthand": {
      "rotation": [
        0,
        11,
        0
      ],
      "translation": [
        2.5,
        5.25,
        -2
      ],
      "scale": [
        0.7,
        0.7,
        0.7
      ]
    },
    "firstperson_lefthand": {
      "rotation": [
        0,
        11,
        0
      ],
      "translation": [
        2.5,
        5.25,
        -2
      ],
      "scale": [
        0.7,
        0.7,
        0.7
      ]
    },
    "ground": {
      "rotation": [
        20,
        64,
        0
      ],
      "translation": [
        0,
        3,
        0.75
      ],
      "scale": [
        0.7,
        0.7,
        0.7
      ]
    },
    "gui": {
      "rotation": [
        22.5,
        135,
        0
      ],
      "translation": [
        0.75,
        5,
        0
      ]
    },
    "head": {
      "rotation": [
        3,
        0,
        0
      ],
      "translation": [
        0,
        16.5,
        0.5
      ],
      "scale": [
        1.82,
        1.82,
        1.82
      ]
    },
    "fixed": {
      "translation": [
        0,
        5.25,
        0
      ]
    }
  }
}