{
  "texture_size": [
    32,
    32
  ],
  "elements": [
    {
      "name": "bandflat",
      "from": [
        3.5,
        9.8,
        4
      ],
      "to": [
        12.5,
        18.8,
        8
      ],
      "rotation": {
        "angle": 0,
        "axis": "y",
        "origin": [
          8.1,
          11.54737,
          4.11171
        ]
      },
      "faces": {
        "north": {
          "uv": [
            0,
            0,
            4.5,
            4.5
          ],
          "texture": "#0"
        },
        "east": {
          "uv": [
            6.5,
            0,
            4.5,
            4.5
          ],
          "texture": "#0"
        },
        "south": {
          "uv": [
            0,
            4.5,
            4.5,
            9
          ],
          "texture": "#0"
        },
        "west": {
          "uv": [
            4.5,
            0,
            6.5,
            4.5
          ],
          "texture": "#0"
        },
        "up": {
          "uv": [
            11,
            2,
            6.5,
            0
          ],
          "texture": "#0"
        },
        "down": {
          "uv": [
            11,
            2,
            6.5,
            4
          ],
          "texture": "#0"
        }
      }
    },
    {
      "name": "bandflat",
      "from": [
        9.5,
        17.8,
        5
      ],
      "to": [
        13.5,
        24.8,
        7
      ],
      "rotation": {
        "angle": -22.5,
        "axis": "z",
        "origin": [
          11.5,
          20.8,
          6
        ]
      },
      "faces": {
        "north": {
          "uv": [
            5,
            8,
            7,
            11.5
          ],
          "texture": "#0"
        },
        "east": {
          "uv": [
            8,
            8,
            7,
            11.5
          ],
          "texture": "#0"
        },
        "south": {
          "uv": [
            8,
            8,
            10,
            11.5
          ],
          "texture": "#0"
        },
        "west": {
          "uv": [
            7,
            8,
            8,
            11.5
          ],
          "texture": "#0"
        },
        "up": {
          "uv": [
            12,
            9,
            10,
            8
          ],
          "texture": "#0"
        },
        "down": {
          "uv": [
            12,
            9,
            10,
            10
          ],
          "texture": "#0"
        }
      }
    },
    {
      "name": "bandflat",
      "from": [
        2.5,
        17.8,
        5
      ],
      "to": [
        6.5,
        24.8,
        7
      ],
      "rotation": {
        "angle": 22.5,
        "axis": "z",
        "origin": [
          4.5,
          20.8,
          6
        ]
      },
      "faces": {
        "north": {
          "uv": [
            7,
            8,
            5,
            11.5
          ],
          "texture": "#0"
        },
        "east": {
          "uv": [
            8,
            8,
            7,
            11.5
          ],
          "texture": "#0"
        },
        "south": {
          "uv": [
            10,
            8,
            8,
            11.5
          ],
          "texture": "#0"
        },
        "west": {
          "uv": [
            7,
            8,
            8,
            11.5
          ],
          "texture": "#0"
        },
        "up": {
          "uv": [
            10,
            9,
            12,
            8
          ],
          "texture": "#0"
        },
        "down": {
          "uv": [
            10,
            9,
            12,
            10
          ],
          "texture": "#0"
        }
      }
    },
    {
      "name": "bandflat",
      "from": [
        4.5,
        10.8,
        3
      ],
      "to": [
        11.5,
        14.8,
        4
      ],
      "rotation": {
        "angle": 0,
        "axis": "y",
        "origin": [
          8.1,
          12.54737,
          4.11171
        ]
      },
      "faces": {
        "north": {
          "uv": [
            0,
            9.5,
            3.5,
            11.5
          ],
          "texture": "#0"
        },
        "east": {
          "uv": [
            4,
            9.5,
            3.5,
            11.5
          ],
          "texture": "#0"
        },
        "west": {
          "uv": [
            3.5,
            9.5,
            4,
            11.5
          ],
          "texture": "#0"
        },
        "up": {
          "uv": [
            3.5,
            12,
            0,
            11.5
          ],
          "texture": "#0"
        },
        "down": {
          "uv": [
            3.5,
            12,
            0,
            12.5
          ],
          "texture": "#0"
        }
      }
    },
    {
      "name": "bandflat",
      "from": [
        4.5,
        8.8,
        3.5
      ],
      "to": [
        11.5,
        10.8,
        3.5
      ],
      "rotation": {
        "angle": 0,
        "axis": "y",
        "origin": [
          8.1,
          8.54737,
          3.61171
        ]
      },
      "faces": {
        "north": {
          "uv": [
            0,
            13,
            3.5,
            14
          ],
          "texture": "#0"
        },
        "south": {
          "uv": [
            0,
            13,
            3.5,
            14
          ],
          "texture": "#0"
        }
      }
    },
    {
      "name": "mask",
      "from": [
        3.5,
        12.8,
        8
      ],
      "to": [
        4.5,
        14.8,
        13
      ],
      "rotation": {
        "angle": 0,
        "axis": "y",
        "origin": [
          7.9,
          11.54737,
          4.11171
        ]
      },
      "faces": {
        "north": {
          "uv": [
            7.5,
            4.5,
            7,
            5.5
          ],
          "texture": "#0"
        },
        "east": {
          "uv": [
            7.5,
            6.5,
            5,
            7.5
          ],
          "texture": "#0"
        },
        "south": {
          "uv": [
            5.5,
            4.5,
            5,
            5.5
          ],
          "texture": "#0"
        },
        "west": {
          "uv": [
            7.5,
            5.5,
            5,
            6.5
          ],
          "texture": "#0"
        },
        "up": {
          "uv": [
            4.5,
            7.5,
            5,
            5
          ],
          "texture": "#0"
        },
        "down": {
          "uv": [
            7.5,
            5,
            8,
            7.5
          ],
          "texture": "#0"
        }
      }
    },
    {
      "name": "mask",
      "from": [
        11.5,
        12.8,
        8
      ],
      "to": [
        12.5,
        14.8,
        13
      ],
      "rotation": {
        "angle": 0,
        "axis": "y",
        "origin": [
          8.1,
          11.54737,
          4.11171
        ]
      },
      "faces": {
        "north": {
          "uv": [
            7,
            4.5,
            7.5,
            5.5
          ],
          "texture": "#0"
        },
        "east": {
          "uv": [
            5,
            5.5,
            7.5,
            6.5
          ],
          "texture": "#0"
        },
        "south": {
          "uv": [
            5,
            4.5,
            5.5,
            5.5
          ],
          "texture": "#0"
        },
        "west": {
          "uv": [
            5,
            6.5,
            7.5,
            7.5
          ],
          "texture": "#0"
        },
        "up": {
          "uv": [
            5,
            7.5,
            4.5,
            5
          ],
          "texture": "#0"
        },
        "down": {
          "uv": [
            8,
            5,
            7.5,
            7.5
          ],
          "texture": "#0"
        }
      }
    },
    {
      "name": "mask",
      "from": [
        4.5,
        12.8,
        12
      ],
      "to": [
        11.5,
        14.8,
        13
      ],
      "rotation": {
        "angle": 0,
        "axis": "y",
        "origin": [
          8.1,
          11.54737,
          4.11171
        ]
      },
      "faces": {
        "north": {
          "uv": [
            8,
            4,
            11.5,
            5
          ],
          "texture": "#0"
        },
        "east": {
          "uv": [
            11.5,
            4,
            12,
            5
          ],
          "texture": "#0"
        },
        "south": {
          "uv": [
            8,
            5,
            11.5,
            6
          ],
          "texture": "#0"
        },
        "west": {
          "uv": [
            11.5,
            4,
            12,
            5
          ],
          "texture": "#0"
        },
        "up": {
          "uv": [
            11.5,
            6.5,
            8,
            6
          ],
          "texture": "#0"
        },
        "down": {
          "uv": [
            11.5,
            6.5,
            8,
            7
          ],
          "texture": "#0"
        }
      }
    }
  ],
  "gui_light": "front",
  "display": {
    "thirdperson_righthand": {
      "rotation": [
        68,
        10,
        0
      ],
      "translation": [
        0,
        -2,
        -4
      ],
      "scale": [
        0.6,
        0.6,
        0.6
      ]
    },
    "thirdperson_lefthand": {
      "rotation": [
        68,
        10,
        0
      ],
      "translation": [
        0,
        -2,
        -4
      ],
      "scale": [
        0.6,
        0.6,
        0.6
      ]
    },
    "firstperson_righthand": {
      "rotation": [
        0,
        10,
        0
      ],
      "translation": [
        2.5,
        -2.5,
        0
      ],
      "scale": [
        0.6,
        0.6,
        0.6
      ]
    },
    "firstperson_lefthand": {
      "rotation": [
        0,
        10,
        0
      ],
      "translation": [
        2.5,
        -2.5,
        0
      ],
      "scale": [
        0.6,
        0.6,
        0.6
      ]
    },
    "ground": {
      "rotation": [
        20,
        0,
        0
      ],
      "scale": [
        0.7,
        0.7,
        0.7
      ]
    },
    "gui": {
      "rotation": [
        22.5,
        135,
        0
      ],
      "translation": [
        0.75,
        -6.5,
        0
      ],
      "scale": [
        0.81,
        0.81,
        0.81
      ]
    },
    "head": {
      "translation": [
        0,
        -10,
        -1
      ],
      "scale": [
        1.61,
        1.61,
        1.61
      ]
    },
    "fixed": {
      "rotation": [
        -55,
        0,
        0
      ],
      "translation": [
        0,
        -2,
        3
      ],
      "scale": [
        1.6,
        1.6,
        1.6
      ]
    }
  }
}