{
  "texture_size": [
    32,
    32
  ],
  "elements": [
    {
      "from": [
        3.5,
        1,
        8.5
      ],
      "to": [
        12.5,
        4,
        12.5
      ],
      "rotation": {
        "angle": 0,
        "axis": "y",
        "origin": [
          3.5,
          1,
          10.5
        ]
      },
      "faces": {
        "north": {
          "uv": [
            9,
            2,
            13.5,
            3.5
          ],
          "texture": "#0"
        },
        "east": {
          "uv": [
            11,
            6.5,
            9,
            8
          ],
          "texture": "#0"
        },
        "south": {
          "uv": [
            9,
            3.5,
            13.5,
            5
          ],
          "texture": "#0"
        },
        "west": {
          "uv": [
            9,
            6.5,
            11,
            8
          ],
          "texture": "#0"
        },
        "up": {
          "uv": [
            4.5,
            11,
            0,
            9
          ],
          "texture": "#0"
        },
        "down": {
          "uv": [
            13.5,
            0,
            9,
            2
          ],
          "texture": "#0"
        }
      }
    },
    {
      "from": [
        3.5,
        4,
        3.5
      ],
      "to": [
        12.5,
        9,
        12.5
      ],
      "rotation": {
        "angle": 0,
        "axis": "y",
        "origin": [
          3.5,
          4,
          10.5
        ]
      },
      "faces": {
        "north": {
          "uv": [
            4.5,
            0,
            9,
            2.5
          ],
          "texture": "#0"
        },
        "east": {
          "uv": [
            9,
            7.5,
            4.5,
            10
          ],
          "texture": "#0"
        },
        "south": {
          "uv": [
            4.5,
            5,
            9,
            7.5
          ],
          "texture": "#0"
        },
        "west": {
          "uv": [
            4.5,
            7.5,
            9,
            10
          ],
          "texture": "#0"
        },
        "up": {
          "uv": [
            4.5,
            4.5,
            0,
            0
          ],
          "texture": "#0"
        },
        "down": {
          "uv": [
            4.5,
            4.5,
            0,
            9
          ],
          "texture": "#0"
        }
      }
    },
    {
      "from": [
        3,
        -1.5,
        3.5
      ],
      "to": [
        13,
        2.5,
        10.5
      ],
      "rotation": {
        "angle": -22.5,
        "axis": "x",
        "origin": [
          8,
          0.5,
          4.5
        ]
      },
      "faces": {
        "north": {
          "uv": [
            11,
            5,
            16,
            7
          ],
          "texture": "#0"
        },
        "east": {
          "uv": [
            13.5,
            11.5,
            10,
            13.5
          ],
          "texture": "#0"
        },
        "south": {
          "uv": [
            5,
            11.5,
            10,
            13.5
          ],
          "texture": "#0"
        },
        "west": {
          "uv": [
            10,
            11.5,
            13.5,
            13.5
          ],
          "texture": "#0"
        },
        "up": {
          "uv": [
            14,
            11.5,
            9,
            8
          ],
          "texture": "#0"
        },
        "down": {
          "uv": [
            5,
            11,
            0,
            14.5
          ],
          "texture": "#0"
        }
      }
    },
    {
      "name": "cube inverted",
      "from": [
        13,
        2.5,
        10.5
      ],
      "to": [
        3,
        -1.5,
        3.5
      ],
      "rotation": {
        "angle": -22.5,
        "axis": "x",
        "origin": [
          8,
          0.5,
          4.5
        ]
      },
      "faces": {
        "north": {
          "uv": [
            5,
            13.5,
            10,
            11.5
          ],
          "texture": "#0"
        },
        "east": {
          "uv": [
            10,
            13.5,
            13.5,
            11.5
          ],
          "texture": "#0"
        },
        "south": {
          "uv": [
            11,
            7,
            16,
            5
          ],
          "texture": "#0"
        },
        "west": {
          "uv": [
            13.5,
            13.5,
            10,
            11.5
          ],
          "texture": "#0"
        },
        "up": {
          "uv": [
            0,
            11,
            5,
            14.5
          ],
          "texture": "#0"
        },
        "down": {
          "uv": [
            9,
            11.5,
            14,
            8
          ],
          "texture": "#0"
        }
      }
    },
    {
      "name": "top",
      "from": [
        3,
        0.75,
        3.5
      ],
      "to": [
        13,
        1.75,
        4.5
      ],
      "rotation": {
        "angle": -22.5,
        "axis": "x",
        "origin": [
          8,
          -0.25,
          4.5
        ]
      },
      "faces": {
        "north": {
          "uv": [
            11,
            5,
            16,
            5.5
          ],
          "texture": "#0"
        },
        "east": {
          "uv": [
            10.5,
            11.5,
            10,
            12
          ],
          "texture": "#0"
        },
        "south": {
          "uv": [
            11,
            5,
            16,
            5.5
          ],
          "texture": "#0"
        },
        "west": {
          "uv": [
            10,
            11.5,
            10.5,
            12
          ],
          "texture": "#0"
        },
        "up": {
          "uv": [
            16,
            5.5,
            11,
            5
          ],
          "texture": "#0"
        },
        "down": {
          "uv": [
            16,
            5,
            11,
            5.5
          ],
          "texture": "#0"
        }
      }
    },
    {
      "name": "side",
      "from": [
        12,
        0.75,
        4.5
      ],
      "to": [
        13,
        1.75,
        10.5
      ],
      "rotation": {
        "angle": -22.5,
        "axis": "x",
        "origin": [
          8,
          -0.25,
          4.5
        ]
      },
      "faces": {
        "north": {
          "uv": [
            10.5,
            11.5,
            10,
            12
          ],
          "rotation": 90,
          "texture": "#0"
        },
        "east": {
          "uv": [
            13,
            11.5,
            10,
            12
          ],
          "texture": "#0"
        },
        "south": {
          "uv": [
            10.5,
            11.5,
            10,
            12
          ],
          "rotation": 90,
          "texture": "#0"
        },
        "west": {
          "uv": [
            10,
            11.5,
            13,
            12
          ],
          "texture": "#0"
        },
        "up": {
          "uv": [
            10,
            12,
            13,
            11.5
          ],
          "rotation": 90,
          "texture": "#0"
        },
        "down": {
          "uv": [
            13,
            12,
            10,
            11.5
          ],
          "rotation": 90,
          "texture": "#0"
        }
      }
    },
    {
      "name": "side",
      "from": [
        12,
        -2.25,
        4.5
      ],
      "to": [
        13,
        -1.25,
        8.5
      ],
      "rotation": {
        "angle": -22.5,
        "axis": "x",
        "origin": [
          8,
          -0.25,
          4.5
        ]
      },
      "faces": {
        "north": {
          "uv": [
            11,
            13,
            10.5,
            13.5
          ],
          "rotation": 90,
          "texture": "#0"
        },
        "east": {
          "uv": [
            12.5,
            13,
            10.5,
            13.5
          ],
          "texture": "#0"
        },
        "south": {
          "uv": [
            11,
            13,
            10.5,
            13.5
          ],
          "rotation": 90,
          "texture": "#0"
        },
        "west": {
          "uv": [
            10.5,
            13,
            12.5,
            13.5
          ],
          "texture": "#0"
        },
        "up": {
          "uv": [
            10.5,
            13.5,
            12.5,
            13
          ],
          "rotation": 90,
          "texture": "#0"
        },
        "down": {
          "uv": [
            12.5,
            13.5,
            10.5,
            13
          ],
          "rotation": 90,
          "texture": "#0"
        }
      }
    },
    {
      "name": "side",
      "from": [
        3,
        -2.25,
        4.5
      ],
      "to": [
        4,
        -1.25,
        8.5
      ],
      "rotation": {
        "angle": -22.5,
        "axis": "x",
        "origin": [
          8,
          -0.25,
          4.5
        ]
      },
      "faces": {
        "north": {
          "uv": [
            11,
            13.5,
            10.5,
            13
          ],
          "rotation": 90,
          "texture": "#0"
        },
        "east": {
          "uv": [
            12.5,
            13,
            10.5,
            13.5
          ],
          "texture": "#0"
        },
        "south": {
          "uv": [
            11,
            13.5,
            10.5,
            13
          ],
          "rotation": 90,
          "texture": "#0"
        },
        "west": {
          "uv": [
            10.5,
            13,
            12.5,
            13.5
          ],
          "texture": "#0"
        },
        "up": {
          "uv": [
            10.5,
            13,
            12.5,
            13.5
          ],
          "rotation": 90,
          "texture": "#0"
        },
        "down": {
          "uv": [
            12.5,
            13,
            10.5,
            13.5
          ],
          "rotation": 90,
          "texture": "#0"
        }
      }
    },
    {
      "name": "grid",
      "from": [
        9,
        -1.25,
        3.5
      ],
      "to": [
        10,
        0.75,
        4.5
      ],
      "rotation": {
        "angle": -22.5,
        "axis": "x",
        "origin": [
          8,
          -0.25,
          4.5
        ]
      },
      "faces": {
        "north": {
          "uv": [
            12.5,
            5.5,
            13,
            6.5
          ],
          "texture": "#0"
        },
        "east": {
          "uv": [
            10.5,
            11.5,
            10,
            12
          ],
          "texture": "#0"
        },
        "south": {
          "uv": [
            12.5,
            5.5,
            13,
            6.5
          ],
          "texture": "#0"
        },
        "west": {
          "uv": [
            10,
            11.5,
            10.5,
            12
          ],
          "texture": "#0"
        },
        "up": {
          "uv": [
            13,
            6,
            12.5,
            5.5
          ],
          "texture": "#0"
        },
        "down": {
          "uv": [
            13,
            5.5,
            12.5,
            6
          ],
          "texture": "#0"
        }
      }
    },
    {
      "name": "grid",
      "from": [
        11,
        -1.25,
        3.5
      ],
      "to": [
        12,
        0.75,
        4.5
      ],
      "rotation": {
        "angle": -22.5,
        "axis": "x",
        "origin": [
          8,
          -0.25,
          4.5
        ]
      },
      "faces": {
        "north": {
          "uv": [
            11.5,
            5.5,
            12,
            6.5
          ],
          "texture": "#0"
        },
        "east": {
          "uv": [
            10.5,
            11.5,
            10,
            12
          ],
          "texture": "#0"
        },
        "south": {
          "uv": [
            11.5,
            5.5,
            12,
            6.5
          ],
          "texture": "#0"
        },
        "west": {
          "uv": [
            10,
            11.5,
            10.5,
            12
          ],
          "texture": "#0"
        },
        "up": {
          "uv": [
            12,
            6,
            11.5,
            5.5
          ],
          "texture": "#0"
        },
        "down": {
          "uv": [
            12,
            5.5,
            11.5,
            6
          ],
          "texture": "#0"
        }
      }
    },
    {
      "name": "grid",
      "from": [
        12,
        -1.25,
        4.5
      ],
      "to": [
        13,
        0.75,
        5.5
      ],
      "rotation": {
        "angle": -22.5,
        "axis": "x",
        "origin": [
          8,
          -0.25,
          4.5
        ]
      },
      "faces": {
        "north": {
          "uv": [
            11.5,
            5.5,
            12,
            6.5
          ],
          "texture": "#0"
        },
        "east": {
          "uv": [
            10.5,
            11.5,
            10,
            12
          ],
          "texture": "#0"
        },
        "south": {
          "uv": [
            11.5,
            5.5,
            12,
            6.5
          ],
          "texture": "#0"
        },
        "west": {
          "uv": [
            10,
            11.5,
            10.5,
            12
          ],
          "texture": "#0"
        },
        "up": {
          "uv": [
            12,
            6,
            11.5,
            5.5
          ],
          "texture": "#0"
        },
        "down": {
          "uv": [
            12,
            5.5,
            11.5,
            6
          ],
          "texture": "#0"
        }
      }
    },
    {
      "name": "grid",
      "from": [
        12,
        -1.25,
        8.5
      ],
      "to": [
        13,
        -0.25,
        9.5
      ],
      "rotation": {
        "angle": -22.5,
        "axis": "x",
        "origin": [
          8,
          -0.25,
          4.5
        ]
      },
      "faces": {
        "north": {
          "uv": [
            13,
            12,
            13.5,
            12.5
          ],
          "texture": "#0"
        },
        "east": {
          "uv": [
            10.5,
            11.5,
            10,
            12
          ],
          "texture": "#0"
        },
        "south": {
          "uv": [
            13,
            12,
            13.5,
            12.5
          ],
          "texture": "#0"
        },
        "west": {
          "uv": [
            10,
            11.5,
            10.5,
            12
          ],
          "texture": "#0"
        },
        "up": {
          "uv": [
            13.5,
            12.5,
            13,
            12
          ],
          "texture": "#0"
        },
        "down": {
          "uv": [
            13.5,
            12,
            13,
            12.5
          ],
          "texture": "#0"
        }
      }
    },
    {
      "name": "grid",
      "from": [
        3,
        -1.25,
        7.5
      ],
      "to": [
        4,
        0.75,
        8.5
      ],
      "rotation": {
        "angle": -22.5,
        "axis": "x",
        "origin": [
          8,
          -0.25,
          4.5
        ]
      },
      "faces": {
        "north": {
          "uv": [
            12,
            5.5,
            11.5,
            6.5
          ],
          "texture": "#0"
        },
        "east": {
          "uv": [
            10.5,
            11.5,
            10,
            12
          ],
          "texture": "#0"
        },
        "south": {
          "uv": [
            12,
            5.5,
            11.5,
            6.5
          ],
          "texture": "#0"
        },
        "west": {
          "uv": [
            10,
            11.5,
            10.5,
            12
          ],
          "texture": "#0"
        },
        "up": {
          "uv": [
            11.5,
            6,
            12,
            5.5
          ],
          "texture": "#0"
        },
        "down": {
          "uv": [
            11.5,
            5.5,
            12,
            6
          ],
          "texture": "#0"
        }
      }
    },
    {
      "name": "grid",
      "from": [
        3,
        -1.25,
        9.5
      ],
      "to": [
        4,
        0.75,
        10.5
      ],
      "rotation": {
        "angle": -22.5,
        "axis": "x",
        "origin": [
          8,
          -0.25,
          4.5
        ]
      },
      "faces": {
        "north": {
          "uv": [
            13.5,
            12,
            13,
            13
          ],
          "texture": "#0"
        },
        "east": {
          "uv": [
            10.5,
            11.5,
            10,
            12
          ],
          "texture": "#0"
        },
        "south": {
          "uv": [
            13.5,
            12,
            13,
            13
          ],
          "texture": "#0"
        },
        "west": {
          "uv": [
            10,
            11.5,
            10.5,
            12
          ],
          "texture": "#0"
        },
        "up": {
          "uv": [
            13,
            12.5,
            13.5,
            12
          ],
          "texture": "#0"
        },
        "down": {
          "uv": [
            13,
            12,
            13.5,
            12.5
          ],
          "texture": "#0"
        }
      }
    },
    {
      "name": "grid",
      "from": [
        3,
        -1.25,
        8.5
      ],
      "to": [
        4,
        -0.25,
        9.5
      ],
      "rotation": {
        "angle": -22.5,
        "axis": "x",
        "origin": [
          8,
          -0.25,
          4.5
        ]
      },
      "faces": {
        "north": {
          "uv": [
            13.5,
            12,
            13,
            12.5
          ],
          "texture": "#0"
        },
        "east": {
          "uv": [
            10.5,
            11.5,
            10,
            12
          ],
          "texture": "#0"
        },
        "south": {
          "uv": [
            13.5,
            12,
            13,
            12.5
          ],
          "texture": "#0"
        },
        "west": {
          "uv": [
            10,
            11.5,
            10.5,
            12
          ],
          "texture": "#0"
        },
        "up": {
          "uv": [
            13,
            12.5,
            13.5,
            12
          ],
          "texture": "#0"
        },
        "down": {
          "uv": [
            13,
            12,
            13.5,
            12.5
          ],
          "texture": "#0"
        }
      }
    },
    {
      "name": "grid",
      "from": [
        6,
        -1.25,
        3.5
      ],
      "to": [
        7,
        0.75,
        4.5
      ],
      "rotation": {
        "angle": -22.5,
        "axis": "x",
        "origin": [
          8,
          -0.25,
          4.5
        ]
      },
      "faces": {
        "north": {
          "uv": [
            13,
            5.5,
            12.5,
            6.5
          ],
          "texture": "#0"
        },
        "east": {
          "uv": [
            10.5,
            11.5,
            10,
            12
          ],
          "texture": "#0"
        },
        "south": {
          "uv": [
            13,
            5.5,
            12.5,
            6.5
          ],
          "texture": "#0"
        },
        "west": {
          "uv": [
            10,
            11.5,
            10.5,
            12
          ],
          "texture": "#0"
        },
        "up": {
          "uv": [
            12.5,
            6,
            13,
            5.5
          ],
          "texture": "#0"
        },
        "down": {
          "uv": [
            12.5,
            5.5,
            13,
            6
          ],
          "texture": "#0"
        }
      }
    },
    {
      "name": "bottom",
      "from": [
        3,
        -2.25,
        3.5
      ],
      "to": [
        13,
        -1.25,
        4.5
      ],
      "rotation": {
        "angle": -22.5,
        "axis": "x",
        "origin": [
          8,
          -0.25,
          4.5
        ]
      },
      "faces": {
        "north": {
          "uv": [
            11,
            6.5,
            16,
            7
          ],
          "texture": "#0"
        },
        "east": {
          "uv": [
            10.5,
            13,
            10,
            13.5
          ],
          "texture": "#0"
        },
        "south": {
          "uv": [
            11,
            6.5,
            16,
            7
          ],
          "texture": "#0"
        },
        "west": {
          "uv": [
            10,
            13,
            10.5,
            13.5
          ],
          "texture": "#0"
        },
        "up": {
          "uv": [
            16,
            7,
            11,
            6.5
          ],
          "texture": "#0"
        },
        "down": {
          "uv": [
            16,
            6.5,
            11,
            7
          ],
          "texture": "#0"
        }
      }
    },
    {
      "name": "side",
      "from": [
        3,
        0.75,
        4.5
      ],
      "to": [
        4,
        1.75,
        10.5
      ],
      "rotation": {
        "angle": -22.5,
        "axis": "x",
        "origin": [
          8,
          -0.25,
          4.5
        ]
      },
      "faces": {
        "north": {
          "uv": [
            10.5,
            12,
            10,
            11.5
          ],
          "rotation": 90,
          "texture": "#0"
        },
        "east": {
          "uv": [
            13,
            11.5,
            10,
            12
          ],
          "texture": "#0"
        },
        "south": {
          "uv": [
            10.5,
            12,
            10,
            11.5
          ],
          "rotation": 90,
          "texture": "#0"
        },
        "west": {
          "uv": [
            10,
            11.5,
            13,
            12
          ],
          "texture": "#0"
        },
        "up": {
          "uv": [
            10,
            11.5,
            13,
            12
          ],
          "rotation": 90,
          "texture": "#0"
        },
        "down": {
          "uv": [
            13,
            11.5,
            10,
            12
          ],
          "rotation": 90,
          "texture": "#0"
        }
      }
    },
    {
      "name": "grid",
      "from": [
        4,
        -1.25,
        3.5
      ],
      "to": [
        5,
        0.75,
        4.5
      ],
      "rotation": {
        "angle": -22.5,
        "axis": "x",
        "origin": [
          8,
          -0.25,
          4.5
        ]
      },
      "faces": {
        "north": {
          "uv": [
            12,
            5.5,
            11.5,
            6.5
          ],
          "texture": "#0"
        },
        "east": {
          "uv": [
            10.5,
            11.5,
            10,
            12
          ],
          "texture": "#0"
        },
        "south": {
          "uv": [
            12,
            5.5,
            11.5,
            6.5
          ],
          "texture": "#0"
        },
        "west": {
          "uv": [
            10,
            11.5,
            10.5,
            12
          ],
          "texture": "#0"
        },
        "up": {
          "uv": [
            11.5,
            6,
            12,
            5.5
          ],
          "texture": "#0"
        },
        "down": {
          "uv": [
            11.5,
            5.5,
            12,
            6
          ],
          "texture": "#0"
        }
      }
    },
    {
      "name": "grid",
      "from": [
        3,
        -1.25,
        4.5
      ],
      "to": [
        4,
        0.75,
        5.5
      ],
      "rotation": {
        "angle": -22.5,
        "axis": "x",
        "origin": [
          8,
          -0.25,
          4.5
        ]
      },
      "faces": {
        "north": {
          "uv": [
            12,
            5.5,
            11.5,
            6.5
          ],
          "texture": "#0"
        },
        "east": {
          "uv": [
            10.5,
            11.5,
            10,
            12
          ],
          "texture": "#0"
        },
        "south": {
          "uv": [
            12,
            5.5,
            11.5,
            6.5
          ],
          "texture": "#0"
        },
        "west": {
          "uv": [
            10,
            11.5,
            10.5,
            12
          ],
          "texture": "#0"
        },
        "up": {
          "uv": [
            11.5,
            6,
            12,
            5.5
          ],
          "texture": "#0"
        },
        "down": {
          "uv": [
            11.5,
            5.5,
            12,
            6
          ],
          "texture": "#0"
        }
      }
    },
    {
      "name": "grid",
      "from": [
        12,
        -1.25,
        7.5
      ],
      "to": [
        13,
        0.75,
        8.5
      ],
      "rotation": {
        "angle": -22.5,
        "axis": "x",
        "origin": [
          8,
          -0.25,
          4.5
        ]
      },
      "faces": {
        "north": {
          "uv": [
            11.5,
            5.5,
            12,
            6.5
          ],
          "texture": "#0"
        },
        "east": {
          "uv": [
            10.5,
            11.5,
            10,
            12
          ],
          "texture": "#0"
        },
        "south": {
          "uv": [
            11.5,
            5.5,
            12,
            6.5
          ],
          "texture": "#0"
        },
        "west": {
          "uv": [
            10,
            11.5,
            10.5,
            12
          ],
          "texture": "#0"
        },
        "up": {
          "uv": [
            12,
            6,
            11.5,
            5.5
          ],
          "texture": "#0"
        },
        "down": {
          "uv": [
            12,
            5.5,
            11.5,
            6
          ],
          "texture": "#0"
        }
      }
    },
    {
      "name": "grid",
      "from": [
        12,
        -1.25,
        9.5
      ],
      "to": [
        13,
        0.75,
        10.5
      ],
      "rotation": {
        "angle": -22.5,
        "axis": "x",
        "origin": [
          8,
          -0.25,
          4.5
        ]
      },
      "faces": {
        "north": {
          "uv": [
            13,
            12,
            13.5,
            13
          ],
          "texture": "#0"
        },
        "east": {
          "uv": [
            10.5,
            11.5,
            10,
            12
          ],
          "texture": "#0"
        },
        "south": {
          "uv": [
            13,
            12,
            13.5,
            13
          ],
          "texture": "#0"
        },
        "west": {
          "uv": [
            10,
            11.5,
            10.5,
            12
          ],
          "texture": "#0"
        },
        "up": {
          "uv": [
            13.5,
            12.5,
            13,
            12
          ],
          "texture": "#0"
        },
        "down": {
          "uv": [
            13.5,
            12,
            13,
            12.5
          ],
          "texture": "#0"
        }
      }
    }
  ],
  "gui_light": "front",
  "display": {
    "thirdperson_righthand": {
      "rotation": [
        68,
        10,
        0
      ],
      "translation": [
        0,
        0.5,
        0
      ],
      "scale": [
        0.7,
        0.7,
        0.7
      ]
    },
    "thirdperson_lefthand": {
      "rotation": [
        68,
        10,
        0
      ],
      "translation": [
        0,
        0.5,
        0
      ],
      "scale": [
        0.7,
        0.7,
        0.7
      ]
    },
    "firstperson_righthand": {
      "rotation": [
        0,
        15,
        0
      ],
      "translation": [
        0.25,
        4.5,
        0
      ],
      "scale": [
        0.6,
        0.6,
        0.6
      ]
    },
    "firstperson_lefthand": {
      "rotation": [
        0,
        15,
        0
      ],
      "translation": [
        0.25,
        4.5,
        0
      ],
      "scale": [
        0.6,
        0.6,
        0.6
      ]
    },
    "ground": {
      "translation": [
        0,
        4,
        0
      ],
      "scale": [
        0.65,
        0.65,
        0.65
      ]
    },
    "gui": {
      "rotation": [
        22.5,
        135,
        0
      ],
      "translation": [
        0,
        4.25,
        0
      ]
    },
    "head": {
      "translation": [
        0,
        5.75,
        0
      ],
      "scale": [
        1.61,
        1.61,
        1.61
      ]
    },
    "fixed": {
      "rotation": [
        -65,
        0,
        0
      ],
      "translation": [
        0,
        2,
        -16
      ],
      "scale": [
        2,
        2,
        2
      ]
    }
  }
}