{
  "texture_size": [
    64,
    64
  ],
  "elements": [
    {
      "from": [
        3.5,
        2,
        4
      ],
      "to": [
        12.5,
        10,
        12
      ],
      "rotation": {
        "angle": 0,
        "axis": "y",
        "origin": [
          3.5,
          2,
          4
        ]
      },
      "faces": {
        "north": {
          "uv": [
            0,
            0,
            2.25,
            2
          ],
          "texture": "#0"
        },
        "east": {
          "uv": [
            0,
            4.5,
            2,
            6.5
          ],
          "texture": "#0"
        },
        "south": {
          "uv": [
            0,
            2.25,
            2.25,
            4.25
          ],
          "texture": "#0"
        },
        "west": {
          "uv": [
            2.25,
            4.5,
            4.25,
            6.5
          ],
          "texture": "#0"
        },
        "up": {
          "uv": [
            4.75,
            2,
            2.5,
            0
          ],
          "texture": "#0"
        },
        "down": {
          "uv": [
            4.75,
            2.25,
            2.5,
            4.25
          ],
          "texture": "#0"
        }
      }
    },
    {
      "from": [
        12.5,
        10,
        12
      ],
      "to": [
        3.5,
        2,
        4
      ],
      "rotation": {
        "angle": 0,
        "axis": "y",
        "origin": [
          3.5,
          2,
          4
        ]
      },
      "faces": {
        "north": {
          "uv": [
            0,
            2.25,
            2.25,
            4.25
          ],
          "texture": "#0"
        },
        "east": {
          "uv": [
            2.25,
            4.5,
            4.25,
            6.5
          ],
          "texture": "#0"
        },
        "south": {
          "uv": [
            0,
            0,
            2.25,
            2
          ],
          "texture": "#0"
        },
        "west": {
          "uv": [
            0,
            4.5,
            2,
            6.5
          ],
          "texture": "#0"
        },
        "up": {
          "uv": [
            4.75,
            2,
            2.5,
            0
          ],
          "rotation": 180,
          "texture": "#0"
        },
        "down": {
          "uv": [
            4.75,
            2.25,
            2.5,
            4.25
          ],
          "rotation": 180,
          "texture": "#0"
        }
      }
    },
    {
      "from": [
        12.49,
        9.99,
        11.99
      ],
      "to": [
        3.51,
        2.01,
        4.01
      ],
      "rotation": {
        "angle": 0,
        "axis": "y",
        "origin": [
          3.5,
          2,
          4
        ]
      },
      "faces": {
        "north": {
          "uv": [
            2.5,
            10,
            4.75,
            12
          ],
          "texture": "#0"
        },
        "east": {
          "uv": [
            0,
            12.25,
            2,
            14.25
          ],
          "texture": "#0"
        },
        "south": {
          "uv": [
            2.25,
            12.25,
            4.5,
            14.25
          ],
          "texture": "#0"
        },
        "west": {
          "uv": [
            7.25,
            12.25,
            9.25,
            14.25
          ],
          "texture": "#0"
        },
        "up": {
          "uv": [
            2.25,
            12,
            0,
            10
          ],
          "rotation": 180,
          "texture": "#0"
        },
        "down": {
          "uv": [
            2.25,
            10,
            0,
            12
          ],
          "rotation": 180,
          "texture": "#0"
        }
      }
    },
    {
      "from": [
        4.5,
        8.375,
        3.25
      ],
      "to": [
        11.5,
        14.375,
        10.25
      ],
      "rotation": {
        "angle": -22.5,
        "axis": "x",
        "origin": [
          7.5,
          12.5,
          7.25
        ]
      },
      "faces": {
        "north": {
          "uv": [
            7,
            0,
            8.75,
            1.5
          ],
          "texture": "#0"
        },
        "east": {
          "uv": [
            4,
            7,
            5.75,
            8.5
          ],
          "texture": "#0"
        },
        "south": {
          "uv": [
            6,
            7.5,
            7.75,
            9
          ],
          "texture": "#0"
        },
        "west": {
          "uv": [
            8,
            7.5,
            9.75,
            9
          ],
          "texture": "#0"
        },
        "up": {
          "uv": [
            1.75,
            8.5,
            0,
            6.75
          ],
          "texture": "#0"
        },
        "down": {
          "uv": [
            3.75,
            6.75,
            2,
            8.5
          ],
          "texture": "#0"
        }
      }
    },
    {
      "from": [
        6,
        12.25601,
        1.88128
      ],
      "to": [
        10,
        16.25601,
        5.88128
      ],
      "rotation": {
        "angle": -45,
        "axis": "x",
        "origin": [
          7.5,
          15.50601,
          4.38128
        ]
      },
      "faces": {
        "north": {
          "uv": [
            5,
            2.5,
            6,
            3.5
          ],
          "texture": "#0"
        },
        "east": {
          "uv": [
            8.25,
            5.25,
            9.25,
            6.25
          ],
          "texture": "#0"
        },
        "south": {
          "uv": [
            0,
            8.75,
            1,
            9.75
          ],
          "texture": "#0"
        },
        "west": {
          "uv": [
            1.25,
            8.75,
            2.25,
            9.75
          ],
          "texture": "#0"
        },
        "up": {
          "uv": [
            3.5,
            9.75,
            2.5,
            8.75
          ],
          "texture": "#0"
        },
        "down": {
          "uv": [
            4.75,
            8.75,
            3.75,
            9.75
          ],
          "texture": "#0"
        }
      }
    },
    {
      "from": [
        6,
        -3.13469,
        0.51707
      ],
      "to": [
        10,
        -0.13469,
        4.51707
      ],
      "rotation": {
        "angle": -22.5,
        "axis": "x",
        "origin": [
          7.75,
          -2.13469,
          2.84207
        ]
      },
      "faces": {
        "north": {
          "uv": [
            8.25,
            6.5,
            9.25,
            7.25
          ],
          "texture": "#0"
        },
        "east": {
          "uv": [
            6.25,
            9.25,
            7.25,
            10
          ],
          "texture": "#0"
        },
        "south": {
          "uv": [
            7.5,
            9.25,
            8.5,
            10
          ],
          "texture": "#0"
        },
        "west": {
          "uv": [
            8.75,
            9.25,
            9.75,
            10
          ],
          "texture": "#0"
        },
        "up": {
          "uv": [
            10,
            1,
            9,
            0
          ],
          "texture": "#0"
        },
        "down": {
          "uv": [
            6,
            9.25,
            5,
            10.25
          ],
          "texture": "#0"
        }
      }
    },
    {
      "from": [
        4.5,
        -4.625,
        2.125
      ],
      "to": [
        11.5,
        4.375,
        8.125
      ],
      "rotation": {
        "angle": 45,
        "axis": "x",
        "origin": [
          7.5,
          -1.25,
          7.125
        ]
      },
      "faces": {
        "north": {
          "uv": [
            4.5,
            4.5,
            6.25,
            6.75
          ],
          "texture": "#0"
        },
        "east": {
          "uv": [
            6.5,
            2.5,
            8,
            4.75
          ],
          "texture": "#0"
        },
        "south": {
          "uv": [
            5,
            0,
            6.75,
            2.25
          ],
          "texture": "#0"
        },
        "west": {
          "uv": [
            6.5,
            5,
            8,
            7.25
          ],
          "texture": "#0"
        },
        "up": {
          "uv": [
            10,
            3.25,
            8.25,
            1.75
          ],
          "texture": "#0"
        },
        "down": {
          "uv": [
            10,
            3.5,
            8.25,
            5
          ],
          "texture": "#0"
        }
      }
    },
    {
      "from": [
        2.5,
        1.75,
        5
      ],
      "to": [
        3.5,
        6.75,
        11
      ],
      "rotation": {
        "angle": -45,
        "axis": "z",
        "origin": [
          3,
          5.5,
          8
        ]
      },
      "faces": {
        "north": {
          "uv": [
            12.5,
            1.75,
            12.75,
            3
          ],
          "texture": "#0"
        },
        "east": {
          "uv": [
            10.25,
            1.5,
            11.75,
            2.75
          ],
          "texture": "#0"
        },
        "south": {
          "uv": [
            12,
            1.75,
            12.25,
            3
          ],
          "texture": "#0"
        },
        "west": {
          "uv": [
            10.25,
            0,
            11.75,
            1.25
          ],
          "texture": "#0"
        },
        "up": {
          "uv": [
            12.5,
            0,
            12.75,
            1.5
          ],
          "texture": "#0"
        },
        "down": {
          "uv": [
            12,
            0,
            12.25,
            1.5
          ],
          "texture": "#0"
        }
      }
    },
    {
      "from": [
        12.5,
        1.75,
        5
      ],
      "to": [
        13.5,
        6.75,
        11
      ],
      "rotation": {
        "angle": 45,
        "axis": "z",
        "origin": [
          13,
          5.5,
          8
        ]
      },
      "faces": {
        "north": {
          "uv": [
            12.75,
            1.75,
            12.5,
            3
          ],
          "texture": "#0"
        },
        "east": {
          "uv": [
            11.75,
            0,
            10.25,
            1.25
          ],
          "texture": "#0"
        },
        "south": {
          "uv": [
            12.25,
            1.75,
            12,
            3
          ],
          "texture": "#0"
        },
        "west": {
          "uv": [
            11.75,
            1.5,
            10.25,
            2.75
          ],
          "texture": "#0"
        },
        "up": {
          "uv": [
            12.75,
            0,
            12.5,
            1.5
          ],
          "texture": "#0"
        },
        "down": {
          "uv": [
            12.25,
            0,
            12,
            1.5
          ],
          "texture": "#0"
        }
      }
    },
    {
      "from": [
        4,
        9,
        3
      ],
      "to": [
        6,
        11,
        4
      ],
      "faces": {
        "north": {
          "uv": [
            10.25,
            3,
            10.75,
            3.5
          ],
          "texture": "#0"
        },
        "east": {
          "uv": [
            11,
            4.5,
            11.25,
            5
          ],
          "texture": "#0"
        },
        "south": {
          "uv": [
            11,
            3,
            11.5,
            3.5
          ],
          "texture": "#0"
        },
        "west": {
          "uv": [
            11,
            3.75,
            11.25,
            4.25
          ],
          "texture": "#0"
        },
        "up": {
          "uv": [
            10.25,
            4.25,
            10.75,
            4.5
          ],
          "texture": "#0"
        },
        "down": {
          "uv": [
            10.25,
            3.75,
            10.75,
            4
          ],
          "texture": "#0"
        }
      }
    },
    {
      "from": [
        10,
        9,
        3
      ],
      "to": [
        12,
        11,
        4
      ],
      "rotation": {
        "angle": 0,
        "axis": "y",
        "origin": [
          16,
          0,
          0
        ]
      },
      "faces": {
        "north": {
          "uv": [
            10.75,
            3,
            10.25,
            3.5
          ],
          "texture": "#0"
        },
        "east": {
          "uv": [
            11.25,
            3.75,
            11,
            4.25
          ],
          "texture": "#0"
        },
        "south": {
          "uv": [
            11.5,
            3,
            11,
            3.5
          ],
          "texture": "#0"
        },
        "west": {
          "uv": [
            11.25,
            4.5,
            11,
            5
          ],
          "texture": "#0"
        },
        "up": {
          "uv": [
            10.75,
            4.25,
            10.25,
            4.5
          ],
          "texture": "#0"
        },
        "down": {
          "uv": [
            10.75,
            3.75,
            10.25,
            4
          ],
          "texture": "#0"
        }
      }
    }
  ],
  "display": {
    "thirdperson_righthand": {
      "rotation": [
        68,
        10,
        0
      ],
      "translation": [
        0,
        1,
        -0.5
      ],
      "scale": [
        0.6,
        0.6,
        0.6
      ]
    },
    "thirdperson_lefthand": {
      "rotation": [
        68,
        10,
        0
      ],
      "translation": [
        0,
        1,
        -0.5
      ],
      "scale": [
        0.6,
        0.6,
        0.6
      ]
    },
    "firstperson_righthand": {
      "translation": [
        2,
        4,
        0
      ],
      "scale": [
        0.35,
        0.4,
        0.4
      ]
    },
    "firstperson_lefthand": {
      "translation": [
        2,
        4,
        0
      ],
      "scale": [
        0.35,
        0.4,
        0.4
      ]
    },
    "ground": {
      "translation": [
        0,
        5,
        0
      ],
      "scale": [
        0.6,
        0.6,
        0.6
      ]
    },
    "gui": {
      "rotation": [
        22.5,
        135,
        0
      ],
      "translation": [
        0.25,
        1.75,
        0
      ],
      "scale": [
        0.68,
        0.68,
        0.68
      ]
    },
    "head": {
      "translation": [
        -0.25,
        3.75,
        0
      ],
      "scale": [
        2,
        2,
        2
      ]
    },
    "fixed": {
      "translation": [
        0,
        2,
        -5.5
      ],
      "scale": [
        1.4,
        1.4,
        1.4
      ]
    }
  }
}