{
  "texture_size": [
    64,
    64
  ],
  "elements": [
    {
      "from": [
        0,
        0,
        0.5
      ],
      "to": [
        16,
        1,
        17.5
      ],
      "rotation": {
        "angle": 22.5,
        "axis": "x",
        "origin": [
          8,
          1.25,
          7.875
        ]
      },
      "faces": {
        "north": {
          "uv": [
            2.25,
            9.25,
            6.25,
            9.5
          ],
          "texture": "#0"
        },
        "east": {
          "uv": [
            6.25,
            9.25,
            10.25,
            9.5
          ],
          "texture": "#0"
        },
        "south": {
          "uv": [
            0,
            9.5,
            4,
            9.75
          ],
          "texture": "#0"
        },
        "west": {
          "uv": [
            4,
            9.5,
            8,
            9.75
          ],
          "texture": "#0"
        },
        "up": {
          "uv": [
            4,
            4,
            0,
            0
          ],
          "texture": "#0"
        },
        "down": {
          "uv": [
            4,
            4,
            0,
            8
          ],
          "texture": "#0"
        }
      }
    },
    {
      "from": [
        3,
        1,
        4
      ],
      "to": [
        13,
        12,
        15
      ],
      "rotation": {
        "angle": 22.5,
        "axis": "x",
        "origin": [
          8,
          1.25,
          7.875
        ]
      },
      "faces": {
        "north": {
          "uv": [
            7,
            13.25,
            9.25,
            16
          ],
          "texture": "#0"
        },
        "east": {
          "uv": [
            11.5,
            13.25,
            9.25,
            16
          ],
          "texture": "#0"
        },
        "south": {
          "uv": [
            13.75,
            13.25,
            16,
            16
          ],
          "texture": "#0"
        },
        "west": {
          "uv": [
            9.25,
            13.25,
            11.5,
            16
          ],
          "texture": "#0"
        },
        "up": {
          "uv": [
            4.5,
            15.75,
            2.25,
            13.5
          ],
          "texture": "#0"
        },
        "down": {
          "uv": [
            6.75,
            13.5,
            4.5,
            15.75
          ],
          "texture": "#0"
        }
      }
    },
    {
      "from": [
        0.5,
        1.5,
        3.25
      ],
      "to": [
        15.5,
        11.5,
        3.25
      ],
      "rotation": {
        "angle": 22.5,
        "axis": "x",
        "origin": [
          8,
          1.75,
          7.875
        ]
      },
      "faces": {
        "north": {
          "uv": [
            4,
            0,
            7.75,
            2.5
          ],
          "texture": "#0"
        },
        "east": {
          "uv": [
            0,
            0,
            0,
            2.5
          ],
          "texture": "#0"
        },
        "south": {
          "uv": [
            4,
            2.5,
            7.75,
            5
          ],
          "texture": "#0"
        },
        "west": {
          "uv": [
            0,
            0,
            0,
            2.5
          ],
          "texture": "#0"
        },
        "up": {
          "uv": [
            3.75,
            0,
            0,
            0
          ],
          "texture": "#0"
        },
        "down": {
          "uv": [
            3.75,
            0,
            0,
            0
          ],
          "texture": "#0"
        }
      }
    },
    {
      "from": [
        3.499,
        -4.001,
        4.499
      ],
      "to": [
        12.501,
        1.001,
        10.501
      ],
      "rotation": {
        "angle": 0,
        "axis": "y",
        "origin": [
          7.5,
          -2,
          2.5
        ]
      },
      "faces": {
        "north": {
          "uv": [
            8.5,
            5.5,
            10.75,
            6.75
          ],
          "texture": "#0"
        },
        "east": {
          "uv": [
            2.25,
            8,
            3.75,
            9.25
          ],
          "texture": "#0"
        },
        "south": {
          "uv": [
            8.5,
            6.75,
            10.75,
            8
          ],
          "texture": "#0"
        },
        "west": {
          "uv": [
            8.5,
            8,
            10,
            9.25
          ],
          "texture": "#0"
        },
        "up": {
          "uv": [
            2.25,
            9.5,
            0,
            8
          ],
          "texture": "#0"
        },
        "down": {
          "uv": [
            10.75,
            4,
            8.5,
            5.5
          ],
          "texture": "#0"
        }
      }
    },
    {
      "from": [
        12.5,
        -4,
        4.5
      ],
      "to": [
        3.5,
        1,
        10.5
      ],
      "rotation": {
        "angle": 0,
        "axis": "y",
        "origin": [
          16.5,
          -2,
          2.5
        ]
      },
      "faces": {
        "north": {
          "uv": [
            8.5,
            5.5,
            10.75,
            6.75
          ],
          "texture": "#0"
        },
        "east": {
          "uv": [
            2.25,
            8,
            3.75,
            9.25
          ],
          "texture": "#0"
        },
        "south": {
          "uv": [
            8.5,
            6.75,
            10.75,
            8
          ],
          "texture": "#0"
        },
        "west": {
          "uv": [
            8.5,
            8,
            10,
            9.25
          ],
          "texture": "#0"
        },
        "up": {
          "uv": [
            2.25,
            9.5,
            0,
            8
          ],
          "texture": "#0"
        },
        "down": {
          "uv": [
            10.75,
            4,
            8.5,
            5.5
          ],
          "texture": "#0"
        }
      }
    },
    {
      "name": "eye",
      "from": [
        5.5,
        2.25,
        3
      ],
      "to": [
        10.5,
        8.25,
        5
      ],
      "rotation": {
        "angle": 22.5,
        "axis": "x",
        "origin": [
          8,
          5.25,
          4
        ]
      },
      "faces": {
        "north": {
          "uv": [
            10.75,
            0.75,
            12,
            2.25
          ],
          "texture": "#0"
        },
        "east": {
          "uv": [
            10.25,
            0.75,
            10.75,
            2.25
          ],
          "texture": "#0"
        },
        "south": {
          "uv": [
            12.5,
            0.75,
            13.75,
            2.25
          ],
          "texture": "#0"
        },
        "west": {
          "uv": [
            12,
            0.75,
            12.5,
            2.25
          ],
          "texture": "#0"
        },
        "up": {
          "uv": [
            12,
            0.75,
            10.75,
            0.25
          ],
          "rotation": 180,
          "texture": "#0"
        },
        "down": {
          "uv": [
            13.25,
            0.25,
            12,
            0.75
          ],
          "rotation": 180,
          "texture": "#0"
        }
      }
    }
  ],
  "gui_light": "front",
  "display": {
    "thirdperson_righthand": {
      "rotation": [
        45,
        10,
        0
      ],
      "translation": [
        -0.5,
        1,
        -2.5
      ],
      "scale": [
        0.52,
        0.52,
        0.52
      ]
    },
    "thirdperson_lefthand": {
      "rotation": [
        45,
        10,
        0
      ],
      "translation": [
        -0.5,
        1,
        -2.5
      ],
      "scale": [
        0.52,
        0.52,
        0.52
      ]
    },
    "firstperson_righthand": {
      "rotation": [
        0,
        10,
        0
      ],
      "translation": [
        0.5,
        5,
        0
      ],
      "scale": [
        0.35,
        0.35,
        0.35
      ]
    },
    "firstperson_lefthand": {
      "rotation": [
        0,
        10,
        0
      ],
      "translation": [
        0.5,
        5,
        0
      ],
      "scale": [
        0.35,
        0.35,
        0.35
      ]
    },
    "ground": {
      "translation": [
        0,
        4,
        0
      ],
      "scale": [
        0.5,
        0.5,
        0.5
      ]
    },
    "gui": {
      "rotation": [
        22.5,
        135,
        0
      ],
      "translation": [
        -0.25,
        2.25,
        0
      ],
      "scale": [
        0.69,
        0.69,
        0.69
      ]
    },
    "head": {
      "translation": [
        0,
        12.25,
        -2
      ],
      "scale": [
        1.62,
        1.62,
        1.62
      ]
    },
    "fixed": {
      "rotation": [
        -90,
        0,
        0
      ],
      "translation": [
        0,
        0,
        -16.5
      ],
      "scale": [
        1.5,
        1.5,
        1.5
      ]
    }
  }
}