{
  "texture_size": [
    64,
    64
  ],
  "elements": [
    {
      "from": [
        3,
        -1,
        3
      ],
      "to": [
        13,
        9,
        13
      ],
      "rotation": {
        "angle": 0,
        "axis": "y",
        "origin": [
          4,
          0,
          4
        ]
      },
      "faces": {
        "north": {
          "uv": [
            2.5,
            5,
            5,
            7.5
          ],
          "texture": "#0"
        },
        "east": {
          "uv": [
            5,
            2.5,
            7.5,
            5
          ],
          "texture": "#0"
        },
        "south": {
          "uv": [
            5,
            5,
            7.5,
            7.5
          ],
          "texture": "#0"
        },
        "west": {
          "uv": [
            0,
            7.5,
            2.5,
            10
          ],
          "texture": "#0"
        },
        "up": {
          "uv": [
            10,
            2.5,
            7.5,
            0
          ],
          "texture": "#0"
        },
        "down": {
          "uv": [
            5,
            7.5,
            2.5,
            10
          ],
          "texture": "#0"
        }
      }
    },
    {
      "from": [
        2.75,
        -1.25,
        2.75
      ],
      "to": [
        13.25,
        9.25,
        13.25
      ],
      "rotation": {
        "angle": 0,
        "axis": "y",
        "origin": [
          4,
          0,
          4
        ]
      },
      "faces": {
        "north": {
          "uv": [
            0,
            0,
            2.5,
            2.5
          ],
          "texture": "#0"
        },
        "east": {
          "uv": [
            0,
            2.5,
            2.5,
            5
          ],
          "texture": "#0"
        },
        "south": {
          "uv": [
            2.5,
            0,
            5,
            2.5
          ],
          "texture": "#0"
        },
        "west": {
          "uv": [
            2.5,
            2.5,
            5,
            5
          ],
          "texture": "#0"
        },
        "up": {
          "uv": [
            2.5,
            7.5,
            0,
            5
          ],
          "texture": "#0"
        },
        "down": {
          "uv": [
            7.5,
            0,
            5,
            2.5
          ],
          "texture": "#0"
        }
      }
    },
    {
      "from": [
        -6,
        -2,
        8
      ],
      "to": [
        3,
        10,
        8
      ],
      "rotation": {
        "angle": 22.5,
        "axis": "y",
        "origin": [
          3,
          5,
          8
        ]
      },
      "faces": {
        "north": {
          "uv": [
            0,
            13,
            2.25,
            16
          ],
          "texture": "#0"
        },
        "east": {
          "uv": [
            0,
            0,
            0,
            3
          ],
          "texture": "#0"
        },
        "south": {
          "uv": [
            2.25,
            13,
            0,
            16
          ],
          "texture": "#0"
        },
        "west": {
          "uv": [
            0,
            0,
            0,
            3
          ],
          "texture": "#0"
        },
        "up": {
          "uv": [
            0,
            0,
            2.25,
            0
          ],
          "texture": "#0"
        },
        "down": {
          "uv": [
            0,
            0,
            2.25,
            0
          ],
          "texture": "#0"
        }
      }
    },
    {
      "from": [
        13,
        -2,
        8
      ],
      "to": [
        22,
        10,
        8
      ],
      "rotation": {
        "angle": -22.5,
        "axis": "y",
        "origin": [
          13,
          5,
          8
        ]
      },
      "faces": {
        "north": {
          "uv": [
            2.25,
            13,
            0,
            16
          ],
          "texture": "#0"
        },
        "east": {
          "uv": [
            0,
            0,
            0,
            3
          ],
          "texture": "#0"
        },
        "south": {
          "uv": [
            0,
            13,
            2.25,
            16
          ],
          "texture": "#0"
        },
        "west": {
          "uv": [
            0,
            0,
            0,
            3
          ],
          "texture": "#0"
        },
        "up": {
          "uv": [
            2.25,
            0,
            0,
            0
          ],
          "texture": "#0"
        },
        "down": {
          "uv": [
            2.25,
            0,
            0,
            0
          ],
          "texture": "#0"
        }
      }
    }
  ],
  "display": {
    "thirdperson_righthand": {
      "rotation": [
        60,
        0,
        0
      ],
      "translation": [
        0,
        3,
        1
      ],
      "scale": [
        0.6,
        0.6,
        0.6
      ]
    },
    "thirdperson_lefthand": {
      "rotation": [
        60,
        0,
        0
      ],
      "translation": [
        0,
        3,
        1
      ],
      "scale": [
        0.6,
        0.6,
        0.6
      ]
    },
    "firstperson_righthand": {
      "translation": [
        0,
        3,
        0
      ],
      "scale": [
        0.5,
        0.5,
        0.5
      ]
    },
    "firstperson_lefthand": {
      "translation": [
        0,
        3,
        0
      ],
      "scale": [
        0.5,
        0.5,
        0.5
      ]
    },
    "ground": {
      "translation": [
        0,
        3,
        0
      ],
      "scale": [
        0.6,
        0.6,
        0.6
      ]
    },
    "gui": {
      "rotation": [
        22.5,
        135,
        0
      ],
      "translation": [
        -0.25,
        2.5,
        0
      ],
      "scale": [
        0.8,
        0.8,
        0.8
      ]
    },
    "head": {
      "translation": [
        0,
        6,
        0
      ],
      "scale": [
        1.5,
        1.5,
        1.5
      ]
    },
    "fixed": {
      "rotation": [
        -90,
        0,
        0
      ],
      "translation": [
        0,
        0,
        -18
      ],
      "scale": [
        2,
        2,
        2
      ]
    }
  }
}