{
    "model": {
        "type": "range_dispatch",
        "property": "custom_model_data",
        "fallback": {
            "type": "minecraft:condition",
            "property": "minecraft:using_item",
            "on_false": {
                "type": "minecraft:model",
                "model": "minecraft:item/bow"
            },
            "on_true": {
                "type": "minecraft:range_dispatch",
                "property": "minecraft:use_duration",
                "scale": 0.05,
                "fallback": {
                    "type": "minecraft:model",
                    "model": "minecraft:item/bow_pulling_0"
                },
                "entries": [
                    {
                        "threshold": 0.65,
                        "model": {
                            "type": "minecraft:model",
                            "model": "minecraft:item/bow_pulling_1"
                        }
                    },
                    {
                        "threshold": 0.9,
                        "model": {
                            "type": "minecraft:model",
                            "model": "minecraft:item/bow_pulling_2"
                        }
                    }
                ]
            }
        },
        "entries": [
            {
                "threshold": 995,
                "model": {
                    "type": "minecraft:condition",
                    "property": "minecraft:using_item",
                    "on_false": {
                        "type": "minecraft:model",
                        "model": "civilization:item/tools/poseidon_trident/normal/default"
                    },
                    "on_true": {
                        "type": "minecraft:range_dispatch",
                        "property": "minecraft:use_duration",
                        "scale": 0.05,
                        "fallback": {
                            "type": "minecraft:model",
                            "model": "civilization:item/tools/poseidon_trident/normal/default"
                        },
                        "entries": [
                            {
                                "threshold": 0.0,
                                "model": {
                                    "type": "minecraft:model",
                                    "model": "civilization:item/tools/poseidon_trident/normal/pulling/1"
                                }
                            },
                            {
                                "threshold": 0.55,
                                "model": {
                                    "type": "minecraft:model",
                                    "model": "civilization:item/tools/poseidon_trident/normal/pulling/2"
                                }
                            },
                            {
                                "threshold": 0.9,
                                "model": {
                                    "type": "minecraft:model",
                                    "model": "civilization:item/tools/poseidon_trident/normal/pulling/3"
                                }
                            }
                        ]
                    }
                }
            },
            {
                "threshold": 997,
                "model": {
                    "type": "minecraft:condition",
                    "property": "minecraft:using_item",
                    "on_false": {
                        "type": "minecraft:model",
                        "model": "civilization:item/tools/shrink_ray/normal/default"
                    },
                    "on_true": {
                        "type": "minecraft:range_dispatch",
                        "property": "minecraft:use_duration",
                        "scale": 0.05,
                        "fallback": {
                            "type": "minecraft:model",
                            "model": "civilization:item/tools/shrink_ray/normal/default"
                        },
                        "entries": [
                            {
                                "threshold": 0.0,
                                "model": {
                                    "type": "minecraft:model",
                                    "model": "civilization:item/tools/shrink_ray/normal/pulling/1"
                                }
                            },
                            {
                                "threshold": 0.35,
                                "model": {
                                    "type": "minecraft:model",
                                    "model": "civilization:item/tools/shrink_ray/normal/pulling/2"
                                }
                            },
                            {
                                "threshold": 0.55,
                                "model": {
                                    "type": "minecraft:model",
                                    "model": "civilization:item/tools/shrink_ray/normal/pulling/3"
                                }
                            },
                            {
                                "threshold": 0.9,
                                "model": {
                                    "type": "minecraft:model",
                                    "model": "civilization:item/tools/shrink_ray/normal/pulling/4"
                                }
                            }
                        ]
                    }
                }
            },
            {
                "threshold": 1963,
                "model": {
                    "type": "minecraft:condition",
                    "property": "minecraft:using_item",
                    "on_false": {
                        "type": "minecraft:model",
                        "model": "minecraft:item/revolver/default"
                    },
                    "on_true": {
                        "type": "minecraft:range_dispatch",
                        "property": "minecraft:use_duration",
                        "scale": 0.05,
                        "fallback": {
                            "type": "minecraft:model",
                            "model": "minecraft:item/revolver/default"
                        },
                        "entries": [
                            {
                                "threshold": 0.0,
                                "model": {
                                    "type": "minecraft:model",
                                    "model": "minecraft:item/revolver/pulling/0"
                                }
                            },
                            {
                                "threshold": 0.55,
                                "model": {
                                    "type": "minecraft:model",
                                    "model": "minecraft:item/revolver/pulling/1"
                                }
                            },
                            {
                                "threshold": 0.9,
                                "model": {
                                    "type": "minecraft:model",
                                    "model": "minecraft:item/revolver/pulling/2"
                                }
                            }
                        ]
                    }
                }
            },
            {
                "threshold": 4023,
                "model": {
                    "type": "minecraft:condition",
                    "property": "minecraft:using_item",
                    "on_false": {
                        "type": "minecraft:model",
                        "model": "civilization:item/tools/artemis_bow/default"
                    },
                    "on_true": {
                        "type": "minecraft:range_dispatch",
                        "property": "minecraft:use_duration",
                        "scale": 0.05,
                        "fallback": {
                            "type": "minecraft:model",
                            "model": "civilization:item/tools/artemis_bow/default"
                        },
                        "entries": [
                            {
                                "threshold": 0.0,
                                "model": {
                                    "type": "minecraft:model",
                                    "model": "civilization:item/tools/artemis_bow/pulling/1"
                                }
                            },
                            {
                                "threshold": 0.55,
                                "model": {
                                    "type": "minecraft:model",
                                    "model": "civilization:item/tools/artemis_bow/pulling/2"
                                }
                            },
                            {
                                "threshold": 0.9,
                                "model": {
                                    "type": "minecraft:model",
                                    "model": "civilization:item/tools/artemis_bow/pulling/3"
                                }
                            }
                        ]
                    }
                }
            }
        ]
    },
    "display": {
        "thirdperson_righthand": {
            "rotation": [
                -80,
                260,
                -40
            ],
            "translation": [
                -1,
                -2,
                2.5
            ],
            "scale": [
                0.9,
                0.9,
                0.9
            ]
        },
        "thirdperson_lefthand": {
            "rotation": [
                -80,
                -280,
                40
            ],
            "translation": [
                -1,
                -2,
                2.5
            ],
            "scale": [
                0.9,
                0.9,
                0.9
            ]
        },
        "firstperson_righthand": {
            "rotation": [
                0,
                -90,
                25
            ],
            "translation": [
                1.13,
                3.2,
                1.13
            ],
            "scale": [
                0.68,
                0.68,
                0.68
            ]
        },
        "firstperson_lefthand": {
            "rotation": [
                0,
                90,
                -25
            ],
            "translation": [
                1.13,
                3.2,
                1.13
            ],
            "scale": [
                0.68,
                0.68,
                0.68
            ]
        }
    }
}