{
	"credit": "Made with Blockbench",
	"texture_size": [64, 64],
	"textures": {
		"0": "item/crown_cartoon_texture",
		"particle": "item/crown_cartoon_texture"
	},
	"elements": [
		{
			"from": [0, 0, 2],
			"to": [2, 5, 14],
			"faces": {
				"north": {"uv": [7, 6, 7.5, 7.25], "texture": "#0"},
				"east": {"uv": [4, 0, 7, 1.25], "texture": "#0"},
				"south": {"uv": [7, 7.25, 7.5, 8.5], "texture": "#0"},
				"west": {"uv": [4, 1.25, 7, 2.5], "texture": "#0"},
				"up": {"uv": [0.5, 9, 0, 6], "texture": "#0"},
				"down": {"uv": [1, 6, 0.5, 9], "texture": "#0"}
			}
		},
		{
			"from": [14, 0, 2],
			"to": [16, 5, 14],
			"faces": {
				"north": {"uv": [2, 7.5, 2.5, 8.75], "texture": "#0"},
				"east": {"uv": [4, 2.5, 7, 3.75], "texture": "#0"},
				"south": {"uv": [2.5, 7.5, 3, 8.75], "texture": "#0"},
				"west": {"uv": [4, 3.75, 7, 5], "texture": "#0"},
				"up": {"uv": [1.5, 9, 1, 6], "texture": "#0"},
				"down": {"uv": [2, 6, 1.5, 9], "texture": "#0"}
			}
		},
		{
			"from": [0, 5, 14],
			"to": [4, 8, 16],
			"rotation": {"angle": 0, "axis": "y", "origin": [14, 1, 8]},
			"faces": {
				"north": {"uv": [2, 6, 3, 6.75], "texture": "#0"},
				"east": {"uv": [6, 8, 6.5, 8.75], "texture": "#0"},
				"south": {"uv": [3, 6, 4, 6.75], "texture": "#0"},
				"west": {"uv": [6.5, 8, 7, 8.75], "texture": "#0"},
				"up": {"uv": [8, 5, 7, 4.5], "texture": "#0"},
				"down": {"uv": [6, 7.5, 5, 8], "texture": "#0"}
			}
		},
		{
			"from": [6, 5, 14],
			"to": [10, 8, 16],
			"rotation": {"angle": 0, "axis": "y", "origin": [14, 1, 8]},
			"faces": {
				"north": {"uv": [4, 6, 5, 6.75], "texture": "#0"},
				"east": {"uv": [8, 7.5, 8.5, 8.25], "texture": "#0"},
				"south": {"uv": [5, 6, 6, 6.75], "texture": "#0"},
				"west": {"uv": [8, 8.25, 8.5, 9], "texture": "#0"},
				"up": {"uv": [7, 8, 6, 7.5], "texture": "#0"},
				"down": {"uv": [8.5, 6, 7.5, 6.5], "texture": "#0"}
			}
		},
		{
			"from": [12, 5, 14],
			"to": [16, 8, 16],
			"rotation": {"angle": 0, "axis": "y", "origin": [14, 1, 8]},
			"faces": {
				"north": {"uv": [6, 6, 7, 6.75], "texture": "#0"},
				"east": {"uv": [8.5, 0, 9, 0.75], "texture": "#0"},
				"south": {"uv": [2, 6.75, 3, 7.5], "texture": "#0"},
				"west": {"uv": [8.5, 0.75, 9, 1.5], "texture": "#0"},
				"up": {"uv": [8.5, 7, 7.5, 6.5], "texture": "#0"},
				"down": {"uv": [8.5, 7, 7.5, 7.5], "texture": "#0"}
			}
		},
		{
			"from": [14, 5, 12],
			"to": [16, 8, 14],
			"rotation": {"angle": 0, "axis": "y", "origin": [15, 6.5, 13]},
			"faces": {
				"north": {"uv": [8.5, 1.5, 9, 2.25], "texture": "#0"},
				"east": {"uv": [8.5, 2.25, 9, 3], "texture": "#0"},
				"south": {"uv": [5, 8.5, 5.5, 9.25], "texture": "#0"},
				"west": {"uv": [5.5, 8.5, 6, 9.25], "texture": "#0"},
				"up": {"uv": [8.5, 6, 8, 5.5], "texture": "#0"},
				"down": {"uv": [9.5, 2.25, 9, 2.75], "texture": "#0"}
			}
		},
		{
			"from": [14, 5, 6],
			"to": [16, 8, 10],
			"rotation": {"angle": 0, "axis": "y", "origin": [15, 6.5, 13]},
			"faces": {
				"north": {"uv": [8.5, 5.5, 9, 6.25], "texture": "#0"},
				"east": {"uv": [3, 6.75, 4, 7.5], "texture": "#0"},
				"south": {"uv": [8.5, 6.25, 9, 7], "texture": "#0"},
				"west": {"uv": [4, 6.75, 5, 7.5], "texture": "#0"},
				"up": {"uv": [8, 8.5, 7.5, 7.5], "texture": "#0"},
				"down": {"uv": [8.5, 0, 8, 1], "texture": "#0"}
			}
		},
		{
			"from": [0, 5, 6],
			"to": [2, 8, 10],
			"rotation": {"angle": 0, "axis": "y", "origin": [15, 6.5, 13]},
			"faces": {
				"north": {"uv": [7, 8.5, 7.5, 9.25], "texture": "#0"},
				"east": {"uv": [5, 6.75, 6, 7.5], "texture": "#0"},
				"south": {"uv": [8.5, 7, 9, 7.75], "texture": "#0"},
				"west": {"uv": [6, 6.75, 7, 7.5], "texture": "#0"},
				"up": {"uv": [8.5, 2, 8, 1], "texture": "#0"},
				"down": {"uv": [8.5, 2, 8, 3], "texture": "#0"}
			}
		},
		{
			"from": [0, 5, 12],
			"to": [2, 8, 14],
			"rotation": {"angle": 0, "axis": "y", "origin": [15, 6.5, 13]},
			"faces": {
				"north": {"uv": [7.5, 8.5, 8, 9.25], "texture": "#0"},
				"east": {"uv": [8.5, 7.75, 9, 8.5], "texture": "#0"},
				"south": {"uv": [8.5, 8.5, 9, 9.25], "texture": "#0"},
				"west": {"uv": [2, 8.75, 2.5, 9.5], "texture": "#0"},
				"up": {"uv": [9.5, 3.25, 9, 2.75], "texture": "#0"},
				"down": {"uv": [9.5, 3.25, 9, 3.75], "texture": "#0"}
			}
		},
		{
			"from": [14, 5, 2],
			"to": [16, 8, 4],
			"rotation": {"angle": 0, "axis": "y", "origin": [15, 6.5, 13]},
			"faces": {
				"north": {"uv": [2.5, 8.75, 3, 9.5], "texture": "#0"},
				"east": {"uv": [3, 8.75, 3.5, 9.5], "texture": "#0"},
				"south": {"uv": [3.5, 8.75, 4, 9.5], "texture": "#0"},
				"west": {"uv": [4, 8.75, 4.5, 9.5], "texture": "#0"},
				"up": {"uv": [9.5, 4.25, 9, 3.75], "texture": "#0"},
				"down": {"uv": [9.5, 4.25, 9, 4.75], "texture": "#0"}
			}
		},
		{
			"from": [0, 5, 2],
			"to": [2, 8, 4],
			"rotation": {"angle": 0, "axis": "y", "origin": [15, 6.5, 13]},
			"faces": {
				"north": {"uv": [4.5, 8.75, 5, 9.5], "texture": "#0"},
				"east": {"uv": [6, 8.75, 6.5, 9.5], "texture": "#0"},
				"south": {"uv": [6.5, 8.75, 7, 9.5], "texture": "#0"},
				"west": {"uv": [0, 9, 0.5, 9.75], "texture": "#0"},
				"up": {"uv": [9.5, 5.25, 9, 4.75], "texture": "#0"},
				"down": {"uv": [9.5, 5.25, 9, 5.75], "texture": "#0"}
			}
		},
		{
			"from": [0, 0, 0],
			"to": [16, 5, 2],
			"rotation": {"angle": 0, "axis": "y", "origin": [14, 1, 8]},
			"faces": {
				"north": {"uv": [0, 0, 4, 1.25], "texture": "#0"},
				"east": {"uv": [3, 7.5, 3.5, 8.75], "texture": "#0"},
				"south": {"uv": [0, 1.25, 4, 2.5], "texture": "#0"},
				"west": {"uv": [3.5, 7.5, 4, 8.75], "texture": "#0"},
				"up": {"uv": [4, 5.5, 0, 5], "texture": "#0"},
				"down": {"uv": [8, 5, 4, 5.5], "texture": "#0"}
			}
		},
		{
			"from": [0, 5, 0],
			"to": [4, 8, 2],
			"rotation": {"angle": 0, "axis": "y", "origin": [14, 1, 8]},
			"faces": {
				"north": {"uv": [7, 0, 8, 0.75], "texture": "#0"},
				"east": {"uv": [9, 0, 9.5, 0.75], "texture": "#0"},
				"south": {"uv": [7, 0.75, 8, 1.5], "texture": "#0"},
				"west": {"uv": [0.5, 9, 1, 9.75], "texture": "#0"},
				"up": {"uv": [9, 3.5, 8, 3], "texture": "#0"},
				"down": {"uv": [9, 3.5, 8, 4], "texture": "#0"}
			}
		},
		{
			"from": [6, 5, 0],
			"to": [10, 8, 2],
			"rotation": {"angle": 0, "axis": "y", "origin": [14, 1, 8]},
			"faces": {
				"north": {"uv": [7, 1.5, 8, 2.25], "texture": "#0"},
				"east": {"uv": [9, 0.75, 9.5, 1.5], "texture": "#0"},
				"south": {"uv": [7, 2.25, 8, 3], "texture": "#0"},
				"west": {"uv": [1, 9, 1.5, 9.75], "texture": "#0"},
				"up": {"uv": [9, 4.5, 8, 4], "texture": "#0"},
				"down": {"uv": [9, 4.5, 8, 5], "texture": "#0"}
			}
		},
		{
			"from": [12, 5, 0],
			"to": [16, 8, 2],
			"rotation": {"angle": 0, "axis": "y", "origin": [14, 1, 8]},
			"faces": {
				"north": {"uv": [7, 3, 8, 3.75], "texture": "#0"},
				"east": {"uv": [1.5, 9, 2, 9.75], "texture": "#0"},
				"south": {"uv": [7, 3.75, 8, 4.5], "texture": "#0"},
				"west": {"uv": [9, 1.5, 9.5, 2.25], "texture": "#0"},
				"up": {"uv": [6, 8.5, 5, 8], "texture": "#0"},
				"down": {"uv": [9, 5, 8, 5.5], "texture": "#0"}
			}
		},
		{
			"from": [0, 0, 14],
			"to": [16, 5, 16],
			"rotation": {"angle": 0, "axis": "y", "origin": [14, 1, 8]},
			"faces": {
				"north": {"uv": [0, 2.5, 4, 3.75], "texture": "#0"},
				"east": {"uv": [4, 7.5, 4.5, 8.75], "texture": "#0"},
				"south": {"uv": [0, 3.75, 4, 5], "texture": "#0"},
				"west": {"uv": [4.5, 7.5, 5, 8.75], "texture": "#0"},
				"up": {"uv": [4, 6, 0, 5.5], "texture": "#0"},
				"down": {"uv": [8, 5.5, 4, 6], "texture": "#0"}
			}
		}
	],
	"display": {
		"thirdperson_righthand": {
			"rotation": [58, 0, 0],
			"translation": [0, 2, 0.75],
			"scale": [0.51, 0.52, 0.54]
		},
		"thirdperson_lefthand": {
			"rotation": [58, 0, 0],
			"translation": [0, 2, 0.75],
			"scale": [0.51, 0.52, 0.54]
		},
		"firstperson_righthand": {
			"rotation": [-7.5, 0, 0],
			"translation": [0, 2.5, 0.75],
			"scale": [0.51, 0.52, 0.54]
		},
		"firstperson_lefthand": {
			"rotation": [-7.5, 0, 0],
			"translation": [0, 2.5, 0.75],
			"scale": [0.51, 0.52, 0.54]
		},
		"ground": {
			"translation": [0, 2, 0],
			"scale": [0.77, 0.79, 0.77]
		},
		"gui": {
			"rotation": [0, -24, 0],
			"translation": [0, 2, 0],
			"scale": [0.7, 0.71, 0.71]
		},
		"head": {
			"rotation": [0, 0, 4],
			"translation": [-0.5, 8.5, 0]
		},
		"fixed": {
			"rotation": [-90, 74, 0],
			"translation": [0, 0, -11.5],
			"scale": [1.43, 1.48, 1.43]
		}
	},
	"groups": [
		{
			"name": "crown",
			"origin": [14, 1, 8],
			"color": 0,
			"children": [
				0,
				{
					"name": "group",
					"origin": [0, 0, 0],
					"color": 0,
					"children": []
				},
				1,
				2,
				3,
				4,
				5,
				6,
				7,
				8,
				9,
				10,
				11,
				12,
				13,
				14,
				15
			]
		}
	]
}