{
	"credit": "Made with Blockbench",
	"texture_size": [32, 32],
	"textures": {
		"2": "item/glowingjuice",
		"particle": "item/glowingjuice"
	},
	"elements": [
		{
			"from": [8.2, 6.60713, -2.62011],
			"to": [8.7, 7.10713, -0.22011],
			"rotation": {"angle": 45, "axis": "x", "origin": [8, 0, 7]},
			"faces": {
				"north": {"uv": [5, 3.5, 5.5, 4], "texture": "#2"},
				"east": {"uv": [4.5, 6.5, 6.5, 7], "texture": "#2"},
				"south": {"uv": [5.5, 2.5, 6, 3], "texture": "#2"},
				"west": {"uv": [6.5, 4.5, 8.5, 5], "texture": "#2"},
				"up": {"uv": [7, 7, 6.5, 5], "texture": "#2"},
				"down": {"uv": [7.5, 0, 7, 2], "texture": "#2"}
			}
		},
		{
			"from": [8.2, 6.32121, 2.73285],
			"to": [8.7, 9.32121, 3.23285],
			"rotation": {"angle": 22.5, "axis": "x", "origin": [8, 0, 7]},
			"faces": {
				"north": {"uv": [6, 2.5, 6.5, 4.5], "texture": "#2"},
				"east": {"uv": [6, 4.5, 6.5, 6.5], "texture": "#2"},
				"south": {"uv": [6.5, 2.5, 7, 4.5], "texture": "#2"},
				"west": {"uv": [4, 6.5, 4.5, 8.5], "texture": "#2"},
				"up": {"uv": [5.5, 3, 5, 2.5], "texture": "#2"},
				"down": {"uv": [5.5, 3, 5, 3.5], "texture": "#2"}
			}
		},
		{
			"from": [6, 0, 5],
			"to": [10, 8, 10],
			"rotation": {"angle": 0, "axis": "y", "origin": [8, 0, 7]},
			"faces": {
				"north": {"uv": [0, 4, 2, 8], "texture": "#2"},
				"east": {"uv": [0, 0, 2.5, 4], "texture": "#2"},
				"south": {"uv": [2, 4, 4, 8], "texture": "#2"},
				"west": {"uv": [2.5, 0, 5, 4], "texture": "#2"},
				"up": {"uv": [6, 6.5, 4, 4], "texture": "#2"},
				"down": {"uv": [7, 0, 5, 2.5], "texture": "#2"}
			}
		}
	],
	"display": {
		"thirdperson_righthand": {
			"rotation": [-176.76, 1.58, 178.9],
			"translation": [0, 1.75, -1],
			"scale": [0.75, 0.75, 0.75]
		},
		"thirdperson_lefthand": {
			"rotation": [-176.76, 1.58, 178.9],
			"translation": [0, 1.75, -1],
			"scale": [0.75, 0.75, 0.75]
		},
		"firstperson_righthand": {
			"rotation": [166.54, 49.04, -173.13],
			"translation": [0, 2.75, 0]
		},
		"firstperson_lefthand": {
			"rotation": [166.54, 49.04, -173.13],
			"translation": [0, 2.75, 0]
		},
		"ground": {
			"translation": [0, 4, 0]
		},
		"gui": {
			"rotation": [27.35, 43.18, -15.2],
			"translation": [0.5, 1, 0]
		},
		"head": {
			"rotation": [166.54, 49.04, -173.13],
			"translation": [0, 13.5, -1.25]
		},
		"fixed": {
			"rotation": [0, -25, 0],
			"translation": [0, 1, -0.75]
		}
	},
	"groups": [
		{
			"name": "Juice",
			"origin": [8, 8, 8],
			"color": 0,
			"children": [0, 1, 2]
		}
	]
}