{
  "credit": "Made with Blockbench",

  "textures": {
    "1": "block/deepslate_tiles",

    "3": "block/reinforced_deepslate_top",

    "4": "block/polished_deepslate"
  },

  "elements": [
    {
      "from": [3, 2, 3],

      "to": [13, 14, 13],

      "rotation": { "angle": 0, "axis": "y", "origin": [7, -2, 7] },

      "faces": {
        "north": { "uv": [3, 2, 13, 14], "texture": "#1" },

        "east": { "uv": [3, 2, 13, 14], "texture": "#1" },

        "south": { "uv": [3, 2, 13, 14], "texture": "#1" },

        "west": { "uv": [3, 2, 13, 14], "texture": "#1" },

        "up": { "uv": [3, 2, 13, 14], "texture": "#1" },

        "down": { "uv": [3, 2, 13, 14], "texture": "#1" }
      }
    },

    {
      "from": [2, 14, 2],

      "to": [14, 16, 14],

      "rotation": { "angle": 0, "axis": "y", "origin": [0, 14, 0] },

      "faces": {
        "north": { "uv": [14, 16, 2, 14], "rotation": 180, "texture": "#4" },

        "east": { "uv": [14, 16, 2, 14], "rotation": 180, "texture": "#4" },

        "south": { "uv": [14, 16, 2, 14], "rotation": 180, "texture": "#4" },

        "west": { "uv": [14, 16, 2, 14], "rotation": 180, "texture": "#4" },

        "up": { "uv": [2, 2, 14, 14], "texture": "#3" },

        "down": { "uv": [2, 2, 14, 14], "texture": "#3" }
      }
    },

    {
      "from": [2, 0, 2],

      "to": [14, 2, 14],

      "faces": {
        "north": { "uv": [14, 16, 2, 14], "rotation": 180, "texture": "#4" },

        "east": { "uv": [14, 16, 2, 14], "rotation": 180, "texture": "#4" },

        "south": { "uv": [14, 16, 2, 14], "rotation": 180, "texture": "#4" },

        "west": { "uv": [14, 16, 2, 14], "rotation": 180, "texture": "#4" },

        "up": { "uv": [2, 2, 14, 14], "texture": "#3" },

        "down": { "uv": [2, 2, 14, 14], "texture": "#3" }
      }
    }
  ],

  "display": {
    "thirdperson_righthand": {
      "rotation": [75, 45, 0],

      "translation": [0, 2.5, 0],

      "scale": [0.375, 0.375, 0.375]
    },

    "thirdperson_lefthand": {
      "rotation": [75, 45, 0],

      "translation": [0, 2.5, 0],

      "scale": [0.375, 0.375, 0.375]
    },

    "firstperson_righthand": {
      "rotation": [0, 45, 0],

      "scale": [0.4, 0.4, 0.4]
    },

    "firstperson_lefthand": {
      "rotation": [0, 225, 0],

      "scale": [0.4, 0.4, 0.4]
    },

    "ground": {
      "translation": [0, 3, 0],

      "scale": [0.25, 0.25, 0.25]
    },

    "gui": {
      "rotation": [30, 225, 0],

      "scale": [0.625, 0.625, 0.625]
    },

    "fixed": {
      "scale": [0.5, 0.5, 0.5]
    }
  }
}
