{
	"credit": "Made with Blockbench",
	"texture_size": [64, 64],
	"textures": {
		"0": "item/picnic_basket",
		"particle": "picnic_basket"
	},
	"elements": [
		{
			"from": [1, 0, 3],
			"to": [15, 1, 13],
			"faces": {
				"north": {"uv": [2, 8.5, 5.5, 8.75], "texture": "#0"},
				"east": {"uv": [9, 3.75, 11.5, 4], "texture": "#0"},
				"south": {"uv": [5.5, 8.5, 9, 8.75], "texture": "#0"},
				"west": {"uv": [9, 4, 11.5, 4.25], "texture": "#0"},
				"up": {"uv": [3.5, 2.5, 0, 0], "texture": "#0"},
				"down": {"uv": [3.5, 2.5, 0, 5], "texture": "#0"}
			}
		},
		{
			"from": [1, 1, 3],
			"to": [15, 7, 4],
			"faces": {
				"north": {"uv": [3.5, 0, 7, 1.5], "texture": "#0"},
				"east": {"uv": [2.5, 9.5, 2.75, 11], "texture": "#0"},
				"south": {"uv": [3.5, 1.5, 7, 3], "texture": "#0"},
				"west": {"uv": [2.75, 9.5, 3, 11], "texture": "#0"},
				"up": {"uv": [5.5, 9, 2, 8.75], "texture": "#0"},
				"down": {"uv": [9, 8.75, 5.5, 9], "texture": "#0"}
			}
		},
		{
			"from": [1, 1, 12],
			"to": [15, 7, 13],
			"faces": {
				"north": {"uv": [3.5, 3, 7, 4.5], "texture": "#0"},
				"east": {"uv": [3, 9.5, 3.25, 11], "texture": "#0"},
				"south": {"uv": [3.5, 4.5, 7, 6], "texture": "#0"},
				"west": {"uv": [3.25, 9.5, 3.5, 11], "texture": "#0"},
				"up": {"uv": [12.5, 0.25, 9, 0], "texture": "#0"},
				"down": {"uv": [12.5, 0.25, 9, 0.5], "texture": "#0"}
			}
		},
		{
			"from": [1, 1, 4],
			"to": [2, 7, 12],
			"faces": {
				"north": {"uv": [3.5, 9.5, 3.75, 11], "texture": "#0"},
				"east": {"uv": [6, 6, 8, 7.5], "texture": "#0"},
				"south": {"uv": [3.75, 9.5, 4, 11], "texture": "#0"},
				"west": {"uv": [7, 0, 9, 1.5], "texture": "#0"},
				"up": {"uv": [7.5, 11.25, 7.25, 9.25], "texture": "#0"},
				"down": {"uv": [7.75, 9.25, 7.5, 11.25], "texture": "#0"}
			}
		},
		{
			"from": [14, 1, 4],
			"to": [15, 7, 12],
			"faces": {
				"north": {"uv": [4, 9.5, 4.25, 11], "texture": "#0"},
				"east": {"uv": [7, 1.5, 9, 3], "texture": "#0"},
				"south": {"uv": [8.25, 9.5, 8.5, 11], "texture": "#0"},
				"west": {"uv": [7, 3, 9, 4.5], "texture": "#0"},
				"up": {"uv": [8, 11.25, 7.75, 9.25], "texture": "#0"},
				"down": {"uv": [8.25, 9.25, 8, 11.25], "texture": "#0"}
			}
		},
		{
			"from": [0.5, 5.5, 11.5],
			"to": [15.5, 7.5, 13.5],
			"faces": {
				"north": {"uv": [7, 4.5, 10.75, 5], "texture": "#0"},
				"east": {"uv": [3, 5, 3.5, 5.5], "texture": "#0"},
				"south": {"uv": [7, 5, 10.75, 5.5], "texture": "#0"},
				"west": {"uv": [3, 5.5, 3.5, 6], "texture": "#0"},
				"up": {"uv": [10.75, 6, 7, 5.5], "texture": "#0"},
				"down": {"uv": [9.75, 7.5, 6, 8], "texture": "#0"}
			}
		},
		{
			"from": [0.5, 5.5, 2.5],
			"to": [15.5, 7.5, 4.5],
			"faces": {
				"north": {"uv": [6, 8, 9.75, 8.5], "texture": "#0"},
				"east": {"uv": [2, 7.5, 2.5, 8], "texture": "#0"},
				"south": {"uv": [8, 6, 11.75, 6.5], "texture": "#0"},
				"west": {"uv": [2.5, 7.5, 3, 8], "texture": "#0"},
				"up": {"uv": [11.75, 7, 8, 6.5], "texture": "#0"},
				"down": {"uv": [11.75, 7, 8, 7.5], "texture": "#0"}
			}
		},
		{
			"from": [0.5, 5.5, 4.5],
			"to": [2.5, 7.5, 11.5],
			"faces": {
				"north": {"uv": [2, 8, 2.5, 8.5], "texture": "#0"},
				"east": {"uv": [9, 0.5, 10.75, 1], "texture": "#0"},
				"south": {"uv": [2.5, 8, 3, 8.5], "texture": "#0"},
				"west": {"uv": [9, 1, 10.75, 1.5], "texture": "#0"},
				"up": {"uv": [9.5, 3.25, 9, 1.5], "texture": "#0"},
				"down": {"uv": [2.5, 9, 2, 10.75], "texture": "#0"}
			}
		},
		{
			"from": [13.5, 5.5, 4.5],
			"to": [15.5, 7.5, 11.5],
			"faces": {
				"north": {"uv": [9.5, 9.5, 10, 10], "texture": "#0"},
				"east": {"uv": [2.5, 9, 4.25, 9.5], "texture": "#0"},
				"south": {"uv": [0, 9.75, 0.5, 10.25], "texture": "#0"},
				"west": {"uv": [9, 3.25, 10.75, 3.75], "texture": "#0"},
				"up": {"uv": [4.75, 10.75, 4.25, 9], "texture": "#0"},
				"down": {"uv": [5.25, 9, 4.75, 10.75], "texture": "#0"}
			}
		},
		{
			"from": [7, 11, 4],
			"to": [9, 12, 12],
			"faces": {
				"north": {"uv": [9.75, 7.5, 10.25, 7.75], "texture": "#0"},
				"east": {"uv": [8.25, 9.25, 10.25, 9.5], "texture": "#0"},
				"south": {"uv": [9.75, 7.75, 10.25, 8], "texture": "#0"},
				"west": {"uv": [0, 9.5, 2, 9.75], "texture": "#0"},
				"up": {"uv": [0.5, 9.5, 0, 7.5], "texture": "#0"},
				"down": {"uv": [1, 7.5, 0.5, 9.5], "texture": "#0"}
			}
		},
		{
			"from": [7, 6, 12],
			"to": [9, 12, 13],
			"faces": {
				"north": {"uv": [6.25, 9, 6.75, 10.5], "texture": "#0"},
				"east": {"uv": [9, 9.5, 9.25, 11], "texture": "#0"},
				"south": {"uv": [6.75, 9, 7.25, 10.5], "texture": "#0"},
				"west": {"uv": [9.25, 9.5, 9.5, 11], "texture": "#0"},
				"up": {"uv": [1.5, 10, 1, 9.75], "texture": "#0"},
				"down": {"uv": [2, 9.75, 1.5, 10], "texture": "#0"}
			}
		},
		{
			"from": [7, 6, 3],
			"to": [9, 12, 4],
			"faces": {
				"north": {"uv": [5.25, 9, 5.75, 10.5], "texture": "#0"},
				"east": {"uv": [8.5, 9.5, 8.75, 11], "texture": "#0"},
				"south": {"uv": [5.75, 9, 6.25, 10.5], "texture": "#0"},
				"west": {"uv": [8.75, 9.5, 9, 11], "texture": "#0"},
				"up": {"uv": [10, 3.25, 9.5, 3], "texture": "#0"},
				"down": {"uv": [1, 9.75, 0.5, 10], "texture": "#0"}
			}
		},
		{
			"from": [1, 7, 3],
			"to": [7, 8, 13],
			"faces": {
				"north": {"uv": [9.5, 2, 11, 2.25], "texture": "#0"},
				"east": {"uv": [9, 4.25, 11.5, 4.5], "texture": "#0"},
				"south": {"uv": [9.5, 2.25, 11, 2.5], "texture": "#0"},
				"west": {"uv": [7.25, 9, 9.75, 9.25], "texture": "#0"},
				"up": {"uv": [1.5, 7.5, 0, 5], "texture": "#0"},
				"down": {"uv": [3, 5, 1.5, 7.5], "texture": "#0"}
			}
		},
		{
			"from": [9, 7, 2.99],
			"to": [15, 8, 12.99],
			"rotation": {"angle": 22.5, "axis": "z", "origin": [8, 7.5, 8]},
			"faces": {
				"north": {"uv": [9.5, 2.5, 11, 2.75], "texture": "#0"},
				"east": {"uv": [9, 8.5, 11.5, 8.75], "texture": "#0"},
				"south": {"uv": [9.5, 2.75, 11, 3], "texture": "#0"},
				"west": {"uv": [9, 8.75, 11.5, 9], "texture": "#0"},
				"up": {"uv": [4.5, 8.5, 3, 6], "texture": "#0"},
				"down": {"uv": [6, 6, 4.5, 8.5], "texture": "#0"}
			}
		},
		{
			"from": [7, 7, 4],
			"to": [9, 8, 12],
			"faces": {
				"north": {"uv": [9.75, 8, 10.25, 8.25], "texture": "#0"},
				"east": {"uv": [9.5, 1.5, 11.5, 1.75], "texture": "#0"},
				"south": {"uv": [9.75, 8.25, 10.25, 8.5], "texture": "#0"},
				"west": {"uv": [9.5, 1.75, 11.5, 2], "texture": "#0"},
				"up": {"uv": [1.5, 9.5, 1, 7.5], "texture": "#0"},
				"down": {"uv": [2, 7.5, 1.5, 9.5], "texture": "#0"}
			}
		}
	],
	"display": {
		"thirdperson_righthand": {
			"rotation": [-91.72, 77.59, 158.26],
			"translation": [1, -2.5, -2],
			"scale": [0.74, 0.74, 0.74]
		},
		"thirdperson_lefthand": {
			"rotation": [-91.72, 77.59, 158.26],
			"translation": [1, -2.5, -2],
			"scale": [0.74, 0.74, 0.74]
		},
		"firstperson_righthand": {
			"rotation": [180, -25.25, 180],
			"translation": [0, 2.5, 0],
			"scale": [0.8, 0.8, 0.8]
		},
		"firstperson_lefthand": {
			"rotation": [3.09, 21.66, -2.26],
			"translation": [0, 3, 0],
			"scale": [0.8, 0.8, 0.8]
		},
		"ground": {
			"translation": [0, 2, 0],
			"scale": [0.5, 0.5, 0.5]
		},
		"gui": {
			"rotation": [30, 225, 0],
			"translation": [0, 2, 0],
			"scale": [0.78, 0.78, 0.78]
		},
		"head": {
			"translation": [0, 7.5, 0]
		},
		"fixed": {
			"rotation": [-90, 180, 0],
			"translation": [0, 0, -7.5]
		}
	},
	"groups": [
		{
			"name": "basket",
			"origin": [0, 0, 0],
			"color": 0,
			"children": [0, 1, 2, 3, 4]
		},
		{
			"name": "cloth",
			"origin": [0, 0, 0],
			"color": 0,
			"children": [5, 6, 7, 8]
		},
		{
			"name": "handle",
			"origin": [0, 0, 0],
			"color": 0,
			"children": [9, 10, 11]
		},
		{
			"name": "lid",
			"origin": [0, 0, 0],
			"color": 0,
			"children": [12, 13, 14]
		},
		{
			"name": "frog",
			"origin": [0, 0, 0],
			"color": 0,
			"children": []
		}
	]
}