{
    "model": {
        "type": "range_dispatch",
        "property": "custom_model_data",
        "fallback": {
            "type": "model",
            "model": "minecraft:item/potion",
            "tints": [
                {
                    "type": "minecraft:potion",
                    "default": -13083194
                }
            ]
        },
        "entries": [
            {
                "threshold": 2222,
                "model": {
                    "type": "model",
                    "model": "item/glowingjuice"
                }
            }
        ]
    }
}