{
  "texture_size": [
    64,
    64
  ],
  "elements": [
    {
      "from": [
        3.5,
        3,
        3.5
      ],
      "to": [
        12.5,
        7,
        12.5
      ],
      "rotation": {
        "angle": 0,
        "axis": "y",
        "origin": [
          7,
          3,
          7
        ]
      },
      "faces": {
        "north": {
          "uv": [
            2.25,
            0.25,
            4.5,
            1.25
          ],
          "texture": "#0"
        },
        "east": {
          "uv": [
            2.25,
            1.5,
            4.5,
            2.5
          ],
          "texture": "#0"
        },
        "south": {
          "uv": [
            2.25,
            2.75,
            4.5,
            3.75
          ],
          "texture": "#0"
        },
        "west": {
          "uv": [
            2.25,
            4,
            4.5,
            5
          ],
          "texture": "#0"
        },
        "up": {
          "uv": [
            2.25,
            2.25,
            0,
            0
          ],
          "texture": "#0"
        },
        "down": {
          "uv": [
            2.25,
            2.25,
            0,
            4.5
          ],
          "texture": "#0"
        }
      }
    },
    {
      "from": [
        3.5,
        -1,
        3.5
      ],
      "to": [
        12.5,
        3,
        12.5
      ],
      "rotation": {
        "angle": 0,
        "axis": "y",
        "origin": [
          7,
          0,
          7
        ]
      },
      "faces": {
        "north": {
          "uv": [
            5,
            3.5,
            7.25,
            4.5
          ],
          "texture": "#0"
        },
        "east": {
          "uv": [
            5,
            4.5,
            7.25,
            5.5
          ],
          "texture": "#0"
        },
        "south": {
          "uv": [
            5.25,
            0,
            7.5,
            1
          ],
          "texture": "#0"
        },
        "west": {
          "uv": [
            5.25,
            1,
            7.5,
            2
          ],
          "texture": "#0"
        }
      }
    },
    {
      "from": [
        2.75,
        2.75,
        9
      ],
      "to": [
        4.75,
        4.75,
        11
      ],
      "rotation": {
        "angle": 22.5,
        "axis": "z",
        "origin": [
          3.25,
          3.75,
          10
        ]
      },
      "faces": {
        "north": {
          "uv": [
            0,
            5,
            0.5,
            5.5
          ],
          "texture": "#0"
        },
        "east": {
          "uv": [
            0.5,
            5,
            1,
            5.5
          ],
          "texture": "#0"
        },
        "south": {
          "uv": [
            1,
            5,
            1.5,
            5.5
          ],
          "texture": "#0"
        },
        "west": {
          "uv": [
            1.5,
            5,
            2,
            5.5
          ],
          "texture": "#0"
        },
        "up": {
          "uv": [
            2.5,
            5.5,
            2,
            5
          ],
          "texture": "#0"
        },
        "down": {
          "uv": [
            5.5,
            2,
            5,
            2.5
          ],
          "texture": "#0"
        }
      }
    },
    {
      "name": "cube inverted",
      "from": [
        12.5,
        3,
        12.5
      ],
      "to": [
        3.5,
        -1,
        3.5
      ],
      "rotation": {
        "angle": 0,
        "axis": "y",
        "origin": [
          7,
          0,
          7
        ]
      },
      "faces": {
        "north": {
          "uv": [
            5.25,
            1,
            7.5,
            0
          ],
          "texture": "#0"
        },
        "east": {
          "uv": [
            5.25,
            2,
            7.5,
            1
          ],
          "texture": "#0"
        },
        "south": {
          "uv": [
            5,
            4.5,
            7.25,
            3.5
          ],
          "texture": "#0"
        },
        "west": {
          "uv": [
            5,
            5.5,
            7.25,
            4.5
          ],
          "texture": "#0"
        }
      }
    },
    {
      "from": [
        8.5,
        0,
        3.25
      ],
      "to": [
        11.5,
        3,
        4.25
      ],
      "rotation": {
        "angle": 0,
        "axis": "y",
        "origin": [
          9,
          3.5,
          6.75
        ]
      },
      "faces": {
        "north": {
          "uv": [
            5.25,
            0.5,
            4.5,
            1.25
          ],
          "texture": "#0"
        },
        "east": {
          "uv": [
            5.25,
            2.5,
            5,
            3.25
          ],
          "texture": "#0"
        },
        "south": {
          "uv": [
            5.25,
            1.25,
            4.5,
            2
          ],
          "texture": "#0"
        },
        "west": {
          "uv": [
            2.75,
            5,
            2.5,
            5.75
          ],
          "texture": "#0"
        },
        "up": {
          "uv": [
            2.75,
            5.25,
            3.5,
            5
          ],
          "texture": "#0"
        },
        "down": {
          "uv": [
            5,
            3.25,
            5.75,
            3.5
          ],
          "texture": "#0"
        }
      }
    },
    {
      "name": "head",
      "from": [
        7,
        13.55,
        5.2
      ],
      "to": [
        9,
        16.55,
        7.2
      ],
      "rotation": {
        "angle": 0,
        "axis": "y",
        "origin": [
          8,
          6.75,
          9
        ]
      },
      "faces": {
        "north": {
          "uv": [
            0.5,
            6.25,
            1,
            7
          ],
          "texture": "#0"
        },
        "east": {
          "uv": [
            0,
            6.25,
            0.5,
            7
          ],
          "texture": "#0"
        },
        "south": {
          "uv": [
            1.5,
            6.25,
            2,
            7
          ],
          "texture": "#0"
        },
        "west": {
          "uv": [
            1,
            6.25,
            1.5,
            7
          ],
          "texture": "#0"
        },
        "up": {
          "uv": [
            1,
            6.25,
            0.5,
            5.75
          ],
          "texture": "#0"
        },
        "down": {
          "uv": [
            1.5,
            5.75,
            1,
            6.25
          ],
          "texture": "#0"
        }
      }
    },
    {
      "name": "head2",
      "from": [
        7,
        16.55,
        3.2
      ],
      "to": [
        9,
        17.55,
        7.2
      ],
      "rotation": {
        "angle": 0,
        "axis": "y",
        "origin": [
          8,
          6.75,
          9
        ]
      },
      "faces": {
        "north": {
          "uv": [
            3.25,
            9.25,
            3.75,
            9.5
          ],
          "texture": "#0"
        },
        "east": {
          "uv": [
            2.25,
            9.25,
            3.25,
            9.5
          ],
          "texture": "#0"
        },
        "south": {
          "uv": [
            3.25,
            9.5,
            3.75,
            9.75
          ],
          "texture": "#0"
        },
        "west": {
          "uv": [
            2.25,
            9.5,
            3.25,
            9.75
          ],
          "texture": "#0"
        },
        "up": {
          "uv": [
            2.75,
            10.75,
            2.25,
            9.75
          ],
          "texture": "#0"
        },
        "down": {
          "uv": [
            3.25,
            9.75,
            2.75,
            10.75
          ],
          "texture": "#0"
        }
      }
    },
    {
      "name": "beak1",
      "from": [
        7.5,
        14.55,
        4.3
      ],
      "to": [
        8.5,
        16.55,
        5.3
      ],
      "rotation": {
        "angle": 0,
        "axis": "y",
        "origin": [
          8,
          6.75,
          9
        ]
      },
      "faces": {
        "north": {
          "uv": [
            1.5,
            9.5,
            1.75,
            10
          ],
          "texture": "#0"
        },
        "east": {
          "uv": [
            1.25,
            9.5,
            1.5,
            10
          ],
          "texture": "#0"
        },
        "south": {
          "uv": [
            2,
            9.5,
            2.25,
            10
          ],
          "texture": "#0"
        },
        "west": {
          "uv": [
            1.75,
            9.5,
            2,
            10
          ],
          "texture": "#0"
        },
        "up": {
          "uv": [
            1.75,
            9.5,
            1.5,
            9.25
          ],
          "texture": "#0"
        },
        "down": {
          "uv": [
            2,
            9.25,
            1.75,
            9.5
          ],
          "texture": "#0"
        }
      }
    },
    {
      "name": "beak2",
      "from": [
        7.5,
        14.85,
        3.3
      ],
      "to": [
        8.5,
        16.55,
        4.3
      ],
      "rotation": {
        "angle": 0,
        "axis": "y",
        "origin": [
          8,
          6.75,
          9
        ]
      },
      "faces": {
        "north": {
          "uv": [
            0.5,
            10.25,
            0.75,
            10.5
          ],
          "texture": "#0"
        },
        "east": {
          "uv": [
            0.25,
            10.25,
            0.5,
            10.5
          ],
          "texture": "#0"
        },
        "south": {
          "uv": [
            1,
            10.25,
            1.25,
            10.5
          ],
          "texture": "#0"
        },
        "west": {
          "uv": [
            0.75,
            10.25,
            1,
            10.5
          ],
          "texture": "#0"
        },
        "up": {
          "uv": [
            0.75,
            10.25,
            0.5,
            10
          ],
          "texture": "#0"
        },
        "down": {
          "uv": [
            1,
            10,
            0.75,
            10.25
          ],
          "texture": "#0"
        }
      }
    },
    {
      "name": "feather",
      "from": [
        8,
        15.85,
        4.1
      ],
      "to": [
        8,
        20.85,
        8.1
      ],
      "rotation": {
        "angle": 0,
        "axis": "y",
        "origin": [
          8,
          6.75,
          9
        ]
      },
      "faces": {
        "north": {
          "uv": [
            0.25,
            9.25,
            0.25,
            10.5
          ],
          "texture": "#0"
        },
        "east": {
          "uv": [
            1.25,
            10,
            2.25,
            11.25
          ],
          "texture": "#0"
        },
        "south": {
          "uv": [
            0.25,
            9.25,
            0.25,
            10.5
          ],
          "texture": "#0"
        },
        "west": {
          "uv": [
            2.25,
            10,
            1.25,
            11.25
          ],
          "texture": "#0"
        },
        "up": {
          "uv": [
            0.25,
            10.5,
            0.25,
            9.5
          ],
          "texture": "#0"
        },
        "down": {
          "uv": [
            0.25,
            9.5,
            0.25,
            10.5
          ],
          "texture": "#0"
        }
      }
    },
    {
      "name": "leg1",
      "from": [
        8.5,
        7.25,
        7.5
      ],
      "to": [
        9.5,
        9.25,
        8.5
      ],
      "rotation": {
        "angle": 0,
        "axis": "y",
        "origin": [
          8,
          7.75,
          9
        ]
      },
      "faces": {
        "north": {
          "uv": [
            0.5,
            9.5,
            0.75,
            10
          ],
          "texture": "#0"
        },
        "east": {
          "uv": [
            0.25,
            9.5,
            0.5,
            10
          ],
          "texture": "#0"
        },
        "south": {
          "uv": [
            1,
            9.5,
            1.25,
            10
          ],
          "texture": "#0"
        },
        "west": {
          "uv": [
            0.75,
            9.5,
            1,
            10
          ],
          "texture": "#0"
        },
        "up": {
          "uv": [
            0.75,
            9.5,
            0.5,
            9.25
          ],
          "texture": "#0"
        },
        "down": {
          "uv": [
            1,
            9.25,
            0.75,
            9.5
          ],
          "texture": "#0"
        }
      }
    },
    {
      "name": "leg0",
      "from": [
        6.5,
        7.25,
        7.5
      ],
      "to": [
        7.5,
        9.25,
        8.5
      ],
      "rotation": {
        "angle": 0,
        "axis": "y",
        "origin": [
          8,
          7.75,
          9
        ]
      },
      "faces": {
        "north": {
          "uv": [
            0.5,
            9.5,
            0.75,
            10
          ],
          "texture": "#0"
        },
        "east": {
          "uv": [
            0.25,
            9.5,
            0.5,
            10
          ],
          "texture": "#0"
        },
        "south": {
          "uv": [
            1,
            9.5,
            1.25,
            10
          ],
          "texture": "#0"
        },
        "west": {
          "uv": [
            0.75,
            9.5,
            1,
            10
          ],
          "texture": "#0"
        },
        "up": {
          "uv": [
            0.75,
            9.5,
            0.5,
            9.25
          ],
          "texture": "#0"
        },
        "down": {
          "uv": [
            1,
            9.25,
            0.75,
            9.5
          ],
          "texture": "#0"
        }
      }
    },
    {
      "name": "leg2 inverted",
      "from": [
        9.5,
        9.25,
        8.5
      ],
      "to": [
        8.5,
        7.25,
        7.5
      ],
      "rotation": {
        "angle": 0,
        "axis": "y",
        "origin": [
          8,
          7.75,
          9
        ]
      },
      "faces": {
        "north": {
          "uv": [
            1,
            10,
            1.25,
            9.5
          ],
          "texture": "#0"
        },
        "east": {
          "uv": [
            0.75,
            10,
            1,
            9.5
          ],
          "texture": "#0"
        },
        "south": {
          "uv": [
            0.5,
            10,
            0.75,
            9.5
          ],
          "texture": "#0"
        },
        "west": {
          "uv": [
            0.25,
            10,
            0.5,
            9.5
          ],
          "texture": "#0"
        },
        "up": {
          "uv": [
            0.75,
            9.25,
            1,
            9.5
          ],
          "texture": "#0"
        },
        "down": {
          "uv": [
            0.5,
            9.5,
            0.75,
            9.25
          ],
          "texture": "#0"
        }
      }
    },
    {
      "name": "leg1 inverted",
      "from": [
        7.5,
        9.25,
        8.5
      ],
      "to": [
        6.5,
        7.25,
        7.5
      ],
      "rotation": {
        "angle": 0,
        "axis": "y",
        "origin": [
          8,
          7.75,
          9
        ]
      },
      "faces": {
        "north": {
          "uv": [
            1,
            10,
            1.25,
            9.5
          ],
          "texture": "#0"
        },
        "east": {
          "uv": [
            0.75,
            10,
            1,
            9.5
          ],
          "texture": "#0"
        },
        "south": {
          "uv": [
            0.5,
            10,
            0.75,
            9.5
          ],
          "texture": "#0"
        },
        "west": {
          "uv": [
            0.25,
            10,
            0.5,
            9.5
          ],
          "texture": "#0"
        },
        "up": {
          "uv": [
            0.75,
            9.25,
            1,
            9.5
          ],
          "texture": "#0"
        },
        "down": {
          "uv": [
            0.5,
            9.5,
            0.75,
            9.25
          ],
          "texture": "#0"
        }
      }
    },
    {
      "name": "body",
      "from": [
        6.5,
        10.25,
        7.5
      ],
      "to": [
        9.5,
        16.25,
        10.5
      ],
      "rotation": {
        "angle": -22.5,
        "axis": "x",
        "origin": [
          8,
          8.75,
          12
        ]
      },
      "faces": {
        "north": {
          "uv": [
            0,
            7.75,
            0.75,
            9.25
          ],
          "texture": "#0"
        },
        "east": {
          "uv": [
            4.25,
            7.75,
            5,
            9.25
          ],
          "texture": "#0"
        },
        "south": {
          "uv": [
            1.5,
            7.75,
            2.25,
            9.25
          ],
          "texture": "#0"
        },
        "west": {
          "uv": [
            0.75,
            7.75,
            1.5,
            9.25
          ],
          "texture": "#0"
        },
        "up": {
          "uv": [
            0.75,
            7.75,
            0,
            7
          ],
          "texture": "#0"
        },
        "down": {
          "uv": [
            1.5,
            7,
            0.75,
            7.75
          ],
          "texture": "#0"
        }
      }
    },
    {
      "name": "wing0",
      "from": [
        5.75,
        12.85,
        9.45
      ],
      "to": [
        6.75,
        17.85,
        12.45
      ],
      "rotation": {
        "angle": -45,
        "axis": "x",
        "origin": [
          7.75,
          10.75,
          13.75
        ]
      },
      "faces": {
        "north": {
          "uv": [
            3,
            8,
            3.25,
            9.25
          ],
          "texture": "#0"
        },
        "east": {
          "uv": [
            2.25,
            8,
            3,
            9.25
          ],
          "texture": "#0"
        },
        "south": {
          "uv": [
            4,
            8,
            4.25,
            9.25
          ],
          "texture": "#0"
        },
        "west": {
          "uv": [
            3.25,
            8,
            4,
            9.25
          ],
          "texture": "#0"
        },
        "up": {
          "uv": [
            3.5,
            10.5,
            3.25,
            9.75
          ],
          "texture": "#0"
        },
        "down": {
          "uv": [
            3.75,
            9.75,
            3.5,
            10.5
          ],
          "texture": "#0"
        }
      }
    },
    {
      "name": "wing0",
      "from": [
        9.25,
        12.85,
        9.45
      ],
      "to": [
        10.25,
        17.85,
        12.45
      ],
      "rotation": {
        "angle": -45,
        "axis": "x",
        "origin": [
          8.25,
          10.75,
          13.75
        ]
      },
      "faces": {
        "north": {
          "uv": [
            3.25,
            8,
            3,
            9.25
          ],
          "texture": "#0"
        },
        "east": {
          "uv": [
            4,
            8,
            3.25,
            9.25
          ],
          "texture": "#0"
        },
        "south": {
          "uv": [
            4.25,
            8,
            4,
            9.25
          ],
          "texture": "#0"
        },
        "west": {
          "uv": [
            3,
            8,
            2.25,
            9.25
          ],
          "texture": "#0"
        },
        "up": {
          "uv": [
            3.25,
            10.5,
            3.5,
            9.75
          ],
          "texture": "#0"
        },
        "down": {
          "uv": [
            3.5,
            9.75,
            3.75,
            10.5
          ],
          "texture": "#0"
        }
      }
    },
    {
      "name": "tail",
      "from": [
        6.5,
        6.65,
        11.7
      ],
      "to": [
        9.5,
        10.65,
        12.7
      ],
      "rotation": {
        "angle": -45,
        "axis": "x",
        "origin": [
          8,
          6.75,
          11.5
        ]
      },
      "faces": {
        "north": {
          "uv": [
            2.5,
            7,
            3.25,
            8
          ],
          "texture": "#0"
        },
        "east": {
          "uv": [
            2.25,
            7,
            2.5,
            8
          ],
          "texture": "#0"
        },
        "south": {
          "uv": [
            3.5,
            7,
            4.25,
            8
          ],
          "texture": "#0"
        },
        "west": {
          "uv": [
            3.25,
            7,
            3.5,
            8
          ],
          "texture": "#0"
        },
        "up": {
          "uv": [
            3.25,
            7,
            2.5,
            6.75
          ],
          "texture": "#0"
        },
        "down": {
          "uv": [
            4,
            6.75,
            3.25,
            7
          ],
          "texture": "#0"
        }
      }
    }
  ],
  "gui_light": "front",
  "display": {
    "thirdperson_righthand": {
      "rotation": [
        68,
        0,
        0
      ],
      "translation": [
        0,
        1,
        1
      ],
      "scale": [
        0.8,
        0.8,
        0.8
      ]
    },
    "thirdperson_lefthand": {
      "rotation": [
        68,
        0,
        0
      ],
      "translation": [
        0,
        1,
        1
      ],
      "scale": [
        0.8,
        0.8,
        0.8
      ]
    },
    "firstperson_righthand": {
      "translation": [
        1.5,
        2,
        0
      ],
      "scale": [
        0.7,
        0.7,
        0.7
      ]
    },
    "firstperson_lefthand": {
      "translation": [
        1.5,
        2,
        0
      ],
      "scale": [
        0.7,
        0.7,
        0.7
      ]
    },
    "ground": {
      "translation": [
        0,
        5,
        0
      ],
      "scale": [
        0.7,
        0.7,
        0.7
      ]
    },
    "gui": {
      "rotation": [
        22.5,
        135,
        0
      ],
      "translation": [
        0,
        -0.75,
        0
      ],
      "scale": [
        0.73,
        0.73,
        0.73
      ]
    },
    "head": {
      "translation": [
        0,
        9,
        0
      ],
      "scale": [
        1.61,
        1.61,
        1.61
      ]
    },
    "fixed": {
      "rotation": [
        -90,
        0,
        0
      ],
      "translation": [
        0,
        0,
        -17.5
      ],
      "scale": [
        2.2,
        2.2,
        2.2
      ]
    }
  }
}