{
  "credit": "Made with Blockbench",
  "texture_size": [
    32,
    32
  ],
  "textures": {
    "0": "kssp:item/hats/ushanka",
    "particle": "kssp:item/hats/ushanka"
  },
  "elements": [
    {
      "from": [
        4,
        7,
        4
      ],
      "to": [
        12,
        10,
        12
      ],
      "rotation": {
        "angle": 0,
        "axis": "y",
        "origin": [
          12,
          15,
          12
        ]
      },
      "faces": {
        "north": {
          "uv": [
            4,
            4,
            8,
            5.5
          ],
          "texture": "#0"
        },
        "east": {
          "uv": [
            0,
            4,
            4,
            5.5
          ],
          "texture": "#0"
        },
        "south": {
          "uv": [
            12,
            4,
            16,
            5.5
          ],
          "texture": "#0"
        },
        "west": {
          "uv": [
            8,
            4,
            12,
            5.5
          ],
          "texture": "#0"
        },
        "up": {
          "uv": [
            4,
            0,
            8,
            4
          ],
          "rotation": 180,
          "texture": "#0"
        },
        "down": {
          "uv": [
            6,
            2.5,
            6.5,
            3
          ],
          "texture": "#0"
        }
      }
    },
    {
      "from": [
        4,
        5,
        4
      ],
      "to": [
        4,
        7,
        12
      ],
      "rotation": {
        "angle": 0,
        "axis": "y",
        "origin": [
          12,
          13,
          12
        ]
      },
      "faces": {
        "north": {
          "uv": [
            4,
            4,
            8,
            5
          ],
          "texture": "#0"
        },
        "east": {
          "uv": [
            0,
            5.5,
            4,
            6.5
          ],
          "texture": "#0"
        },
        "south": {
          "uv": [
            12,
            4,
            16,
            5
          ],
          "texture": "#0"
        },
        "west": {
          "uv": [
            8,
            5.5,
            12,
            6.5
          ],
          "texture": "#0"
        },
        "up": {
          "uv": [
            4,
            0,
            8,
            4
          ],
          "texture": "#0"
        },
        "down": {
          "uv": [
            8,
            0,
            12,
            4
          ],
          "texture": "#0"
        }
      }
    },
    {
      "from": [
        12,
        5,
        4
      ],
      "to": [
        12,
        7,
        12
      ],
      "rotation": {
        "angle": 0,
        "axis": "y",
        "origin": [
          20,
          13,
          12
        ]
      },
      "faces": {
        "north": {
          "uv": [
            4,
            4,
            8,
            5
          ],
          "texture": "#0"
        },
        "east": {
          "uv": [
            0,
            5.5,
            4,
            6.5
          ],
          "texture": "#0"
        },
        "south": {
          "uv": [
            12,
            4,
            16,
            5
          ],
          "texture": "#0"
        },
        "west": {
          "uv": [
            8,
            5.5,
            12,
            6.5
          ],
          "texture": "#0"
        },
        "up": {
          "uv": [
            4,
            0,
            8,
            4
          ],
          "texture": "#0"
        },
        "down": {
          "uv": [
            8,
            0,
            12,
            4
          ],
          "texture": "#0"
        }
      }
    },
    {
      "from": [
        3.5,
        6.5,
        3.5
      ],
      "to": [
        12.5,
        10.5,
        6.5
      ],
      "rotation": {
        "angle": 0,
        "axis": "y",
        "origin": [
          11.5,
          14.5,
          11.5
        ]
      },
      "faces": {
        "north": {
          "uv": [
            1.5,
            6.5,
            6,
            8.5
          ],
          "texture": "#0"
        },
        "east": {
          "uv": [
            0,
            6.5,
            1.5,
            8.5
          ],
          "texture": "#0"
        },
        "south": {
          "uv": [
            7.5,
            6.5,
            12,
            8.5
          ],
          "texture": "#0"
        },
        "west": {
          "uv": [
            6,
            6.5,
            7.5,
            8.5
          ],
          "texture": "#0"
        },
        "up": {
          "uv": [
            0,
            8.5,
            1.5,
            13
          ],
          "rotation": 270,
          "texture": "#0"
        },
        "down": {
          "uv": [
            1.5,
            8.5,
            3,
            13
          ],
          "rotation": 90,
          "texture": "#0"
        }
      }
    },
    {
      "from": [
        3.5,
        3.5,
        7.5
      ],
      "to": [
        12.5,
        7.5,
        12.5
      ],
      "rotation": {
        "angle": 0,
        "axis": "y",
        "origin": [
          11.5,
          11.5,
          15.5
        ]
      },
      "faces": {
        "north": {
          "uv": [
            9.5,
            14,
            14,
            16
          ],
          "texture": "#0"
        },
        "east": {
          "uv": [
            7,
            14,
            9.5,
            16
          ],
          "texture": "#0"
        },
        "south": {
          "uv": [
            2.5,
            14,
            7,
            16
          ],
          "texture": "#0"
        },
        "west": {
          "uv": [
            0,
            14,
            2.5,
            16
          ],
          "texture": "#0"
        },
        "up": {
          "uv": [
            3,
            8.5,
            5.5,
            13
          ],
          "rotation": 90,
          "texture": "#0"
        },
        "down": {
          "uv": [
            5.5,
            8.5,
            8,
            13
          ],
          "rotation": 270,
          "texture": "#0"
        }
      }
    }
  ],
  "display": {
    "thirdperson_righthand": {
      "rotation": [
        0,
        -180,
        0
      ]
    },
    "thirdperson_lefthand": {
      "rotation": [
        0,
        -180,
        0
      ]
    },
    "ground": {
      "translation": [
        0,
        0.75,
        0
      ]
    },
    "gui": {
      "rotation": [
        30,
        135,
        0
      ]
    },
    "head": {
      "translation": [
        0,
        4.5,
        0
      ],
      "scale": [
        1.9,
        1.9,
        1.9
      ]
    },
    "fixed": {
      "rotation": [
        -90,
        0,
        0
      ],
      "translation": [
        0,
        0,
        -7
      ],
      "scale": [
        1.58,
        1.58,
        1.58
      ]
    }
  }
}