{
  "texture_size": [
    32,
    32
  ],
  "elements": [
    {
      "from": [
        3.5,
        2.27792,
        2.65746
      ],
      "to": [
        12.5,
        7.27792,
        12.65746
      ],
      "rotation": {
        "angle": 0,
        "axis": "y",
        "origin": [
          8,
          6.27792,
          8.15746
        ]
      },
      "faces": {
        "north": {
          "uv": [
            0,
            0,
            4.5,
            2.5
          ],
          "texture": "#0"
        },
        "east": {
          "uv": [
            5.5,
            2.5,
            0,
            5
          ],
          "texture": "#0"
        },
        "south": {
          "uv": [
            0,
            5.5,
            4.5,
            8
          ],
          "texture": "#0"
        },
        "west": {
          "uv": [
            0,
            2.5,
            5.5,
            5
          ],
          "texture": "#0"
        }
      }
    },
    {
      "name": "cube inverted",
      "from": [
        12.5,
        7.27792,
        12.65746
      ],
      "to": [
        3.5,
        2.27792,
        2.65746
      ],
      "rotation": {
        "angle": 0,
        "axis": "y",
        "origin": [
          8,
          6.27792,
          8.15746
        ]
      },
      "faces": {
        "north": {
          "uv": [
            0,
            8,
            4.5,
            5.5
          ],
          "texture": "#0"
        },
        "east": {
          "uv": [
            0,
            5,
            5.5,
            2.5
          ],
          "texture": "#0"
        },
        "south": {
          "uv": [
            0,
            2.5,
            4.5,
            0
          ],
          "texture": "#0"
        },
        "west": {
          "uv": [
            5.5,
            5,
            0,
            2.5
          ],
          "texture": "#0"
        }
      }
    },
    {
      "name": "flowercore",
      "from": [
        1.9205,
        5.25,
        1.5455
      ],
      "to": [
        2.9205,
        9.25,
        5.5455
      ],
      "rotation": {
        "angle": -22.5,
        "axis": "y",
        "origin": [
          2.7955,
          7.25,
          3.5455
        ]
      },
      "faces": {
        "north": {
          "uv": [
            6,
            5.5,
            6.5,
            7.5
          ],
          "texture": "#0"
        },
        "east": {
          "uv": [
            6,
            5.5,
            8,
            7.5
          ],
          "texture": "#0"
        },
        "south": {
          "uv": [
            7.5,
            5.5,
            8,
            7.5
          ],
          "texture": "#0"
        },
        "west": {
          "uv": [
            6,
            5.5,
            8,
            7.5
          ],
          "texture": "#0"
        },
        "up": {
          "uv": [
            8,
            5.5,
            6,
            6
          ],
          "rotation": 270,
          "texture": "#0"
        },
        "down": {
          "uv": [
            8,
            7,
            6,
            7.5
          ],
          "rotation": 90,
          "texture": "#0"
        }
      }
    },
    {
      "name": "flowercore",
      "from": [
        1.5705,
        4.9,
        1.1955
      ],
      "to": [
        3.2705,
        9.6,
        5.8955
      ],
      "rotation": {
        "angle": -22.5,
        "axis": "y",
        "origin": [
          2.7955,
          7.25,
          3.5455
        ]
      },
      "faces": {
        "north": {
          "uv": [
            12,
            5.5,
            11.5,
            8
          ],
          "texture": "#0"
        },
        "east": {
          "uv": [
            12,
            5.5,
            9.5,
            8
          ],
          "texture": "#0"
        },
        "south": {
          "uv": [
            10,
            5.5,
            9.5,
            8
          ],
          "texture": "#0"
        },
        "west": {
          "uv": [
            12,
            5.5,
            9.5,
            8
          ],
          "texture": "#0"
        },
        "up": {
          "uv": [
            9.5,
            5.5,
            12,
            6
          ],
          "rotation": 270,
          "texture": "#0"
        },
        "down": {
          "uv": [
            9.5,
            7.5,
            12,
            8
          ],
          "rotation": 90,
          "texture": "#0"
        }
      }
    },
    {
      "name": "flowerflat",
      "from": [
        2.4205,
        3.25,
        -0.4545
      ],
      "to": [
        2.4205,
        11.25,
        7.5455
      ],
      "rotation": {
        "angle": -22.5,
        "axis": "y",
        "origin": [
          2.7955,
          7.25,
          3.5455
        ]
      },
      "faces": {
        "east": {
          "uv": [
            5,
            4.5,
            9,
            8.5
          ],
          "texture": "#0"
        },
        "west": {
          "uv": [
            5,
            4.5,
            9,
            8.5
          ],
          "texture": "#0"
        }
      }
    },
    {
      "from": [
        3.1705,
        4.75,
        1.0455
      ],
      "to": [
        3.1705,
        9.75,
        6.0455
      ],
      "rotation": {
        "angle": -22.5,
        "axis": "y",
        "origin": [
          2.7955,
          7.25,
          3.5455
        ]
      },
      "faces": {
        "north": {
          "uv": [
            0,
            0,
            0,
            2.5
          ],
          "texture": "#0"
        },
        "east": {
          "uv": [
            8,
            0,
            5.5,
            2.5
          ],
          "texture": "#0"
        },
        "south": {
          "uv": [
            0,
            0,
            0,
            2.5
          ],
          "texture": "#0"
        },
        "west": {
          "uv": [
            5.5,
            0,
            8,
            2.5
          ],
          "texture": "#0"
        },
        "up": {
          "uv": [
            2.5,
            0,
            0,
            0
          ],
          "rotation": 270,
          "texture": "#0"
        },
        "down": {
          "uv": [
            2.5,
            0,
            0,
            0
          ],
          "rotation": 90,
          "texture": "#0"
        }
      }
    },
    {
      "name": "flowercore",
      "from": [
        10.7045,
        4.25,
        2.1705
      ],
      "to": [
        14.7045,
        8.25,
        3.1705
      ],
      "rotation": {
        "angle": -22.5,
        "axis": "y",
        "origin": [
          12.7045,
          6.25,
          3.0455
        ]
      },
      "faces": {
        "north": {
          "uv": [
            8,
            5.5,
            6,
            7.5
          ],
          "texture": "#0"
        },
        "east": {
          "uv": [
            8,
            5.5,
            7.5,
            7.5
          ],
          "texture": "#0"
        },
        "south": {
          "uv": [
            8,
            5.5,
            6,
            7.5
          ],
          "texture": "#0"
        },
        "west": {
          "uv": [
            6.5,
            5.5,
            6,
            7.5
          ],
          "texture": "#0"
        },
        "up": {
          "uv": [
            8,
            6,
            6,
            5.5
          ],
          "rotation": 180,
          "texture": "#0"
        },
        "down": {
          "uv": [
            8,
            7.5,
            6,
            7
          ],
          "rotation": 180,
          "texture": "#0"
        }
      }
    },
    {
      "name": "flowercore",
      "from": [
        10.3545,
        3.9,
        1.8205
      ],
      "to": [
        15.0545,
        8.6,
        3.5205
      ],
      "rotation": {
        "angle": -22.5,
        "axis": "y",
        "origin": [
          12.7045,
          6.25,
          3.0455
        ]
      },
      "faces": {
        "north": {
          "uv": [
            12,
            5.5,
            9.5,
            8
          ],
          "texture": "#0"
        },
        "east": {
          "uv": [
            12,
            5.5,
            11.5,
            8
          ],
          "texture": "#0"
        },
        "south": {
          "uv": [
            12,
            5.5,
            9.5,
            8
          ],
          "texture": "#0"
        },
        "west": {
          "uv": [
            10,
            5.5,
            9.5,
            8
          ],
          "texture": "#0"
        },
        "up": {
          "uv": [
            9.5,
            5.5,
            12,
            6
          ],
          "texture": "#0"
        },
        "down": {
          "uv": [
            9.5,
            7.5,
            12,
            8
          ],
          "texture": "#0"
        }
      }
    },
    {
      "name": "flowerflat",
      "from": [
        8.7045,
        2.25,
        2.6705
      ],
      "to": [
        16.7045,
        10.25,
        2.6705
      ],
      "rotation": {
        "angle": -22.5,
        "axis": "y",
        "origin": [
          12.7045,
          6.25,
          3.0455
        ]
      },
      "faces": {
        "north": {
          "uv": [
            9,
            4.5,
            5,
            8.5
          ],
          "texture": "#0"
        },
        "south": {
          "uv": [
            9,
            4.5,
            5,
            8.5
          ],
          "texture": "#0"
        }
      }
    },
    {
      "from": [
        10.2045,
        3.75,
        3.4205
      ],
      "to": [
        15.2045,
        8.75,
        3.4205
      ],
      "rotation": {
        "angle": -22.5,
        "axis": "y",
        "origin": [
          12.7045,
          6.25,
          3.0455
        ]
      },
      "faces": {
        "north": {
          "uv": [
            8,
            0,
            5.5,
            2.5
          ],
          "texture": "#0"
        },
        "east": {
          "uv": [
            0,
            0,
            0,
            2.5
          ],
          "texture": "#0"
        },
        "south": {
          "uv": [
            5.5,
            0,
            8,
            2.5
          ],
          "texture": "#0"
        },
        "west": {
          "uv": [
            0,
            0,
            0,
            2.5
          ],
          "texture": "#0"
        },
        "up": {
          "uv": [
            2.5,
            0,
            0,
            0
          ],
          "rotation": 180,
          "texture": "#0"
        },
        "down": {
          "uv": [
            2.5,
            0,
            0,
            0
          ],
          "rotation": 180,
          "texture": "#0"
        }
      }
    },
    {
      "name": "flowercore",
      "from": [
        5.0455,
        5.75,
        1.0795
      ],
      "to": [
        9.0455,
        9.75,
        2.0795
      ],
      "rotation": {
        "angle": -22.5,
        "axis": "z",
        "origin": [
          7.0455,
          7.75,
          1.9545
        ]
      },
      "faces": {
        "north": {
          "uv": [
            8,
            5.5,
            6,
            7.5
          ],
          "texture": "#0"
        },
        "east": {
          "uv": [
            8,
            5.5,
            7.5,
            7.5
          ],
          "texture": "#0"
        },
        "south": {
          "uv": [
            8,
            5.5,
            6,
            7.5
          ],
          "texture": "#0"
        },
        "west": {
          "uv": [
            6.5,
            5.5,
            6,
            7.5
          ],
          "texture": "#0"
        },
        "up": {
          "uv": [
            6,
            5.5,
            8,
            6
          ],
          "texture": "#0"
        },
        "down": {
          "uv": [
            6,
            7,
            8,
            7.5
          ],
          "texture": "#0"
        }
      }
    },
    {
      "name": "flowercore",
      "from": [
        4.6955,
        5.4,
        0.7295
      ],
      "to": [
        9.3955,
        10.1,
        2.4295
      ],
      "rotation": {
        "angle": -22.5,
        "axis": "z",
        "origin": [
          7.0455,
          7.75,
          1.9545
        ]
      },
      "faces": {
        "north": {
          "uv": [
            12,
            5.5,
            9.5,
            8
          ],
          "texture": "#0"
        },
        "east": {
          "uv": [
            12,
            5.5,
            11.5,
            8
          ],
          "texture": "#0"
        },
        "south": {
          "uv": [
            12,
            5.5,
            9.5,
            8
          ],
          "texture": "#0"
        },
        "west": {
          "uv": [
            10,
            5.5,
            9.5,
            8
          ],
          "texture": "#0"
        },
        "up": {
          "uv": [
            9.5,
            5.5,
            12,
            6
          ],
          "texture": "#0"
        },
        "down": {
          "uv": [
            9.5,
            7.5,
            12,
            8
          ],
          "texture": "#0"
        }
      }
    },
    {
      "name": "flowerflat",
      "from": [
        3.0455,
        3.75,
        1.5795
      ],
      "to": [
        11.0455,
        11.75,
        1.5795
      ],
      "rotation": {
        "angle": -22.5,
        "axis": "z",
        "origin": [
          7.0455,
          7.75,
          1.9545
        ]
      },
      "faces": {
        "north": {
          "uv": [
            9,
            4.5,
            5,
            8.5
          ],
          "texture": "#0"
        },
        "south": {
          "uv": [
            9,
            4.5,
            5,
            8.5
          ],
          "texture": "#0"
        }
      }
    },
    {
      "from": [
        4.5455,
        5.25,
        2.5795
      ],
      "to": [
        9.5455,
        10.25,
        2.5795
      ],
      "rotation": {
        "angle": -22.5,
        "axis": "z",
        "origin": [
          7.0455,
          7.75,
          2.2045
        ]
      },
      "faces": {
        "north": {
          "uv": [
            8,
            0,
            5.5,
            2.5
          ],
          "texture": "#0"
        },
        "east": {
          "uv": [
            0,
            0,
            0,
            2.5
          ],
          "texture": "#0"
        },
        "south": {
          "uv": [
            5.5,
            0,
            8,
            2.5
          ],
          "texture": "#0"
        },
        "west": {
          "uv": [
            0,
            0,
            0,
            2.5
          ],
          "texture": "#0"
        },
        "up": {
          "uv": [
            0,
            0,
            2.5,
            0
          ],
          "texture": "#0"
        },
        "down": {
          "uv": [
            0,
            0,
            2.5,
            0
          ],
          "texture": "#0"
        }
      }
    },
    {
      "name": "flowercore",
      "from": [
        1.6705,
        3.25,
        7.4545
      ],
      "to": [
        2.6705,
        7.25,
        11.4545
      ],
      "rotation": {
        "angle": 22.5,
        "axis": "x",
        "origin": [
          2.5455,
          5.25,
          9.4545
        ]
      },
      "faces": {
        "north": {
          "uv": [
            8,
            5.5,
            7.5,
            7.5
          ],
          "texture": "#0"
        },
        "east": {
          "uv": [
            8,
            5.5,
            6,
            7.5
          ],
          "texture": "#0"
        },
        "south": {
          "uv": [
            6.5,
            5.5,
            6,
            7.5
          ],
          "texture": "#0"
        },
        "west": {
          "uv": [
            8,
            5.5,
            6,
            7.5
          ],
          "texture": "#0"
        },
        "up": {
          "uv": [
            6,
            5.5,
            8,
            6
          ],
          "rotation": 270,
          "texture": "#0"
        },
        "down": {
          "uv": [
            6,
            7,
            8,
            7.5
          ],
          "rotation": 90,
          "texture": "#0"
        }
      }
    },
    {
      "name": "flowercore",
      "from": [
        1.3205,
        2.9,
        7.1045
      ],
      "to": [
        3.0205,
        7.6,
        11.8045
      ],
      "rotation": {
        "angle": 22.5,
        "axis": "x",
        "origin": [
          2.5455,
          5.25,
          9.4545
        ]
      },
      "faces": {
        "north": {
          "uv": [
            12,
            5.5,
            11.5,
            8
          ],
          "texture": "#0"
        },
        "east": {
          "uv": [
            12,
            5.5,
            9.5,
            8
          ],
          "texture": "#0"
        },
        "south": {
          "uv": [
            10,
            5.5,
            9.5,
            8
          ],
          "texture": "#0"
        },
        "west": {
          "uv": [
            12,
            5.5,
            9.5,
            8
          ],
          "texture": "#0"
        },
        "up": {
          "uv": [
            9.5,
            5.5,
            12,
            6
          ],
          "rotation": 270,
          "texture": "#0"
        },
        "down": {
          "uv": [
            9.5,
            7.5,
            12,
            8
          ],
          "rotation": 90,
          "texture": "#0"
        }
      }
    },
    {
      "name": "flowerflat",
      "from": [
        2.1705,
        1.25,
        5.4545
      ],
      "to": [
        2.1705,
        9.25,
        13.4545
      ],
      "rotation": {
        "angle": 22.5,
        "axis": "x",
        "origin": [
          2.5455,
          5.25,
          9.4545
        ]
      },
      "faces": {
        "east": {
          "uv": [
            9,
            4.5,
            5,
            8.5
          ],
          "texture": "#0"
        },
        "west": {
          "uv": [
            9,
            4.5,
            5,
            8.5
          ],
          "texture": "#0"
        }
      }
    },
    {
      "from": [
        2.9205,
        2.75,
        6.9545
      ],
      "to": [
        2.9205,
        7.75,
        11.9545
      ],
      "rotation": {
        "angle": 22.5,
        "axis": "x",
        "origin": [
          2.5455,
          5.25,
          9.4545
        ]
      },
      "faces": {
        "north": {
          "uv": [
            0,
            0,
            0,
            2.5
          ],
          "texture": "#0"
        },
        "east": {
          "uv": [
            5.5,
            0,
            8,
            2.5
          ],
          "texture": "#0"
        },
        "south": {
          "uv": [
            0,
            0,
            0,
            2.5
          ],
          "texture": "#0"
        },
        "west": {
          "uv": [
            8,
            0,
            5.5,
            2.5
          ],
          "texture": "#0"
        },
        "up": {
          "uv": [
            0,
            0,
            2.5,
            0
          ],
          "rotation": 270,
          "texture": "#0"
        },
        "down": {
          "uv": [
            0,
            0,
            2.5,
            0
          ],
          "rotation": 90,
          "texture": "#0"
        }
      }
    },
    {
      "name": "flowercore",
      "from": [
        13.3295,
        3.25,
        5.4545
      ],
      "to": [
        14.3295,
        7.25,
        9.4545
      ],
      "rotation": {
        "angle": 22.5,
        "axis": "x",
        "origin": [
          13.4545,
          5.25,
          7.4545
        ]
      },
      "faces": {
        "north": {
          "uv": [
            7.5,
            5.5,
            8,
            7.5
          ],
          "texture": "#0"
        },
        "east": {
          "uv": [
            6,
            5.5,
            8,
            7.5
          ],
          "texture": "#0"
        },
        "south": {
          "uv": [
            6,
            5.5,
            6.5,
            7.5
          ],
          "texture": "#0"
        },
        "west": {
          "uv": [
            6,
            5.5,
            8,
            7.5
          ],
          "texture": "#0"
        },
        "up": {
          "uv": [
            6,
            6,
            8,
            5.5
          ],
          "rotation": 270,
          "texture": "#0"
        },
        "down": {
          "uv": [
            6,
            7.5,
            8,
            7
          ],
          "rotation": 90,
          "texture": "#0"
        }
      }
    },
    {
      "name": "flowercore",
      "from": [
        12.9795,
        2.9,
        5.1045
      ],
      "to": [
        14.6795,
        7.6,
        9.8045
      ],
      "rotation": {
        "angle": 22.5,
        "axis": "x",
        "origin": [
          13.4545,
          5.25,
          7.4545
        ]
      },
      "faces": {
        "north": {
          "uv": [
            10,
            5.5,
            9.5,
            8
          ],
          "texture": "#0"
        },
        "east": {
          "uv": [
            12,
            5.5,
            9.5,
            8
          ],
          "texture": "#0"
        },
        "south": {
          "uv": [
            12,
            5.5,
            11.5,
            8
          ],
          "texture": "#0"
        },
        "west": {
          "uv": [
            12,
            5.5,
            9.5,
            8
          ],
          "texture": "#0"
        },
        "up": {
          "uv": [
            9.5,
            5.5,
            12,
            6
          ],
          "rotation": 90,
          "texture": "#0"
        },
        "down": {
          "uv": [
            9.5,
            7.5,
            12,
            8
          ],
          "rotation": 270,
          "texture": "#0"
        }
      }
    },
    {
      "name": "flowerflat",
      "from": [
        13.8295,
        1.25,
        3.4545
      ],
      "to": [
        13.8295,
        9.25,
        11.4545
      ],
      "rotation": {
        "angle": 22.5,
        "axis": "x",
        "origin": [
          13.4545,
          5.25,
          7.4545
        ]
      },
      "faces": {
        "east": {
          "uv": [
            5,
            4.5,
            9,
            8.5
          ],
          "texture": "#0"
        },
        "west": {
          "uv": [
            5,
            4.5,
            9,
            8.5
          ],
          "texture": "#0"
        }
      }
    },
    {
      "from": [
        13.0795,
        2.75,
        4.9545
      ],
      "to": [
        13.0795,
        7.75,
        9.9545
      ],
      "rotation": {
        "angle": 22.5,
        "axis": "x",
        "origin": [
          13.4545,
          5.25,
          7.4545
        ]
      },
      "faces": {
        "north": {
          "uv": [
            0,
            0,
            0,
            2.5
          ],
          "texture": "#0"
        },
        "east": {
          "uv": [
            5.5,
            0,
            8,
            2.5
          ],
          "texture": "#0"
        },
        "south": {
          "uv": [
            0,
            0,
            0,
            2.5
          ],
          "texture": "#0"
        },
        "west": {
          "uv": [
            8,
            0,
            5.5,
            2.5
          ],
          "texture": "#0"
        },
        "up": {
          "uv": [
            0,
            0,
            2.5,
            0
          ],
          "rotation": 270,
          "texture": "#0"
        },
        "down": {
          "uv": [
            0,
            0,
            2.5,
            0
          ],
          "rotation": 90,
          "texture": "#0"
        }
      }
    },
    {
      "name": "flowercore",
      "from": [
        11.5795,
        1.25,
        9.7045
      ],
      "to": [
        12.5795,
        5.25,
        13.7045
      ],
      "rotation": {
        "angle": -45,
        "axis": "y",
        "origin": [
          11.7045,
          3.25,
          11.7045
        ]
      },
      "faces": {
        "north": {
          "uv": [
            7.5,
            5.5,
            8,
            7.5
          ],
          "texture": "#0"
        },
        "east": {
          "uv": [
            6,
            5.5,
            8,
            7.5
          ],
          "texture": "#0"
        },
        "south": {
          "uv": [
            6,
            5.5,
            6.5,
            7.5
          ],
          "texture": "#0"
        },
        "west": {
          "uv": [
            6,
            5.5,
            8,
            7.5
          ],
          "texture": "#0"
        },
        "up": {
          "uv": [
            6,
            6,
            8,
            5.5
          ],
          "rotation": 270,
          "texture": "#0"
        },
        "down": {
          "uv": [
            6,
            7.5,
            8,
            7
          ],
          "rotation": 90,
          "texture": "#0"
        }
      }
    },
    {
      "name": "flowercore",
      "from": [
        11.2295,
        0.9,
        9.3545
      ],
      "to": [
        12.9295,
        5.6,
        14.0545
      ],
      "rotation": {
        "angle": -45,
        "axis": "y",
        "origin": [
          11.7045,
          3.25,
          11.7045
        ]
      },
      "faces": {
        "north": {
          "uv": [
            10,
            5.5,
            9.5,
            8
          ],
          "texture": "#0"
        },
        "east": {
          "uv": [
            12,
            5.5,
            9.5,
            8
          ],
          "texture": "#0"
        },
        "south": {
          "uv": [
            12,
            5.5,
            11.5,
            8
          ],
          "texture": "#0"
        },
        "west": {
          "uv": [
            12,
            5.5,
            9.5,
            8
          ],
          "texture": "#0"
        },
        "up": {
          "uv": [
            9.5,
            5.5,
            12,
            6
          ],
          "rotation": 90,
          "texture": "#0"
        },
        "down": {
          "uv": [
            9.5,
            7.5,
            12,
            8
          ],
          "rotation": 270,
          "texture": "#0"
        }
      }
    },
    {
      "name": "flowerflat",
      "from": [
        12.0795,
        -0.75,
        7.7045
      ],
      "to": [
        12.0795,
        7.25,
        15.7045
      ],
      "rotation": {
        "angle": -45,
        "axis": "y",
        "origin": [
          11.7045,
          3.25,
          11.7045
        ]
      },
      "faces": {
        "east": {
          "uv": [
            5,
            4.5,
            9,
            8.5
          ],
          "texture": "#0"
        },
        "west": {
          "uv": [
            5,
            4.5,
            9,
            8.5
          ],
          "texture": "#0"
        }
      }
    },
    {
      "from": [
        11.3295,
        0.75,
        9.2045
      ],
      "to": [
        11.3295,
        5.75,
        14.2045
      ],
      "rotation": {
        "angle": -45,
        "axis": "y",
        "origin": [
          11.7045,
          3.25,
          11.7045
        ]
      },
      "faces": {
        "north": {
          "uv": [
            0,
            0,
            0,
            2.5
          ],
          "texture": "#0"
        },
        "east": {
          "uv": [
            5.5,
            0,
            8,
            2.5
          ],
          "texture": "#0"
        },
        "south": {
          "uv": [
            0,
            0,
            0,
            2.5
          ],
          "texture": "#0"
        },
        "west": {
          "uv": [
            8,
            0,
            5.5,
            2.5
          ],
          "texture": "#0"
        },
        "up": {
          "uv": [
            0,
            0,
            2.5,
            0
          ],
          "rotation": 270,
          "texture": "#0"
        },
        "down": {
          "uv": [
            0,
            0,
            2.5,
            0
          ],
          "rotation": 90,
          "texture": "#0"
        }
      }
    },
    {
      "name": "flowercore",
      "from": [
        1.5455,
        1.25,
        12.3295
      ],
      "to": [
        5.5455,
        5.25,
        13.3295
      ],
      "rotation": {
        "angle": -22.5,
        "axis": "z",
        "origin": [
          3.5455,
          3.25,
          12.4545
        ]
      },
      "faces": {
        "north": {
          "uv": [
            8,
            5.5,
            6,
            7.5
          ],
          "texture": "#0"
        },
        "east": {
          "uv": [
            6.5,
            5.5,
            6,
            7.5
          ],
          "texture": "#0"
        },
        "south": {
          "uv": [
            8,
            5.5,
            6,
            7.5
          ],
          "texture": "#0"
        },
        "west": {
          "uv": [
            8,
            5.5,
            7.5,
            7.5
          ],
          "texture": "#0"
        },
        "up": {
          "uv": [
            6,
            5.5,
            8,
            6
          ],
          "rotation": 180,
          "texture": "#0"
        },
        "down": {
          "uv": [
            6,
            7,
            8,
            7.5
          ],
          "rotation": 180,
          "texture": "#0"
        }
      }
    },
    {
      "name": "flowercore",
      "from": [
        1.1955,
        0.9,
        11.9795
      ],
      "to": [
        5.8955,
        5.6,
        13.6795
      ],
      "rotation": {
        "angle": -22.5,
        "axis": "z",
        "origin": [
          3.5455,
          3.25,
          12.4545
        ]
      },
      "faces": {
        "north": {
          "uv": [
            12,
            5.5,
            9.5,
            8
          ],
          "texture": "#0"
        },
        "east": {
          "uv": [
            10,
            5.5,
            9.5,
            8
          ],
          "texture": "#0"
        },
        "south": {
          "uv": [
            12,
            5.5,
            9.5,
            8
          ],
          "texture": "#0"
        },
        "west": {
          "uv": [
            12,
            5.5,
            11.5,
            8
          ],
          "texture": "#0"
        },
        "up": {
          "uv": [
            9.5,
            5.5,
            12,
            6
          ],
          "rotation": 180,
          "texture": "#0"
        },
        "down": {
          "uv": [
            9.5,
            7.5,
            12,
            8
          ],
          "rotation": 180,
          "texture": "#0"
        }
      }
    },
    {
      "name": "flowerflat",
      "from": [
        -0.4545,
        -0.75,
        12.8295
      ],
      "to": [
        7.5455,
        7.25,
        12.8295
      ],
      "rotation": {
        "angle": -22.5,
        "axis": "z",
        "origin": [
          3.5455,
          3.25,
          12.4545
        ]
      },
      "faces": {
        "north": {
          "uv": [
            9,
            4.5,
            5,
            8.5
          ],
          "texture": "#0"
        },
        "south": {
          "uv": [
            9,
            4.5,
            5,
            8.5
          ],
          "texture": "#0"
        }
      }
    },
    {
      "from": [
        1.0455,
        0.75,
        12.0795
      ],
      "to": [
        6.0455,
        5.75,
        12.0795
      ],
      "rotation": {
        "angle": -22.5,
        "axis": "z",
        "origin": [
          3.5455,
          3.25,
          12.4545
        ]
      },
      "faces": {
        "north": {
          "uv": [
            5.5,
            0,
            8,
            2.5
          ],
          "texture": "#0"
        },
        "east": {
          "uv": [
            0,
            0,
            0,
            2.5
          ],
          "texture": "#0"
        },
        "south": {
          "uv": [
            8,
            0,
            5.5,
            2.5
          ],
          "texture": "#0"
        },
        "west": {
          "uv": [
            0,
            0,
            0,
            2.5
          ],
          "texture": "#0"
        },
        "up": {
          "uv": [
            0,
            0,
            2.5,
            0
          ],
          "rotation": 180,
          "texture": "#0"
        },
        "down": {
          "uv": [
            0,
            0,
            2.5,
            0
          ],
          "rotation": 180,
          "texture": "#0"
        }
      }
    }
  ],
  "gui_light": "front",
  "display": {
    "thirdperson_righthand": {
      "rotation": [
        50,
        0,
        0
      ],
      "translation": [
        0,
        3,
        1
      ],
      "scale": [
        0.7,
        0.7,
        0.7
      ]
    },
    "thirdperson_lefthand": {
      "rotation": [
        50,
        0,
        0
      ],
      "translation": [
        0,
        3,
        1
      ],
      "scale": [
        0.7,
        0.7,
        0.7
      ]
    },
    "firstperson_righthand": {
      "translation": [
        1,
        3,
        0
      ],
      "scale": [
        0.6,
        0.6,
        0.6
      ]
    },
    "firstperson_lefthand": {
      "translation": [
        1,
        3,
        0
      ],
      "scale": [
        0.6,
        0.6,
        0.6
      ]
    },
    "ground": {
      "translation": [
        0,
        5,
        0
      ],
      "scale": [
        0.65,
        0.65,
        0.65
      ]
    },
    "gui": {
      "rotation": [
        45,
        135,
        0
      ],
      "translation": [
        0,
        1.5,
        0
      ],
      "scale": [
        0.8,
        0.8,
        0.8
      ]
    },
    "head": {
      "rotation": [
        12,
        0,
        0
      ],
      "translation": [
        0,
        5,
        1.75
      ],
      "scale": [
        1.45,
        1.45,
        1.45
      ]
    },
    "fixed": {
      "rotation": [
        -110,
        0,
        0
      ],
      "translation": [
        0,
        0,
        -10
      ],
      "scale": [
        1.9,
        1.9,
        1.9
      ]
    }
  }
}