{
  "texture_size": [
    64,
    64
  ],
  "elements": [
    {
      "from": [
        4,
        0,
        4
      ],
      "to": [
        12,
        5,
        12
      ],
      "rotation": {
        "angle": 0,
        "axis": "y",
        "origin": [
          4,
          0,
          4
        ]
      },
      "faces": {
        "north": {
          "uv": [
            5.5,
            2,
            7.5,
            3.25
          ],
          "texture": "#0"
        },
        "east": {
          "uv": [
            5.5,
            3.25,
            7.5,
            4.5
          ],
          "texture": "#0"
        },
        "south": {
          "uv": [
            5.5,
            4.5,
            7.5,
            5.75
          ],
          "texture": "#0"
        },
        "west": {
          "uv": [
            5.5,
            5.75,
            7.5,
            7
          ],
          "texture": "#0"
        },
        "up": {
          "uv": [
            5.5,
            2,
            3.5,
            0
          ],
          "texture": "#0"
        },
        "down": {
          "uv": [
            5.5,
            2,
            3.5,
            4
          ],
          "texture": "#0"
        }
      }
    },
    {
      "from": [
        3.8,
        0.1,
        3.8
      ],
      "to": [
        12.2,
        5.5,
        12.2
      ],
      "rotation": {
        "angle": 0,
        "axis": "y",
        "origin": [
          4,
          0,
          4
        ]
      },
      "faces": {
        "north": {
          "uv": [
            3.5,
            6,
            5.5,
            7.25
          ],
          "texture": "#0"
        },
        "east": {
          "uv": [
            0,
            7,
            2,
            8.25
          ],
          "texture": "#0"
        },
        "south": {
          "uv": [
            5.5,
            7,
            7.5,
            8.25
          ],
          "texture": "#0"
        },
        "west": {
          "uv": [
            2,
            7.25,
            4,
            8.5
          ],
          "texture": "#0"
        },
        "up": {
          "uv": [
            5.5,
            6,
            3.5,
            4
          ],
          "texture": "#0"
        },
        "down": {
          "uv": [
            7.5,
            0,
            5.5,
            2
          ],
          "texture": "#0"
        }
      }
    },
    {
      "from": [
        1,
        0,
        1
      ],
      "to": [
        15,
        0,
        15
      ],
      "rotation": {
        "angle": 0,
        "axis": "y",
        "origin": [
          4,
          0,
          4
        ]
      },
      "faces": {
        "north": {
          "uv": [
            0,
            0,
            3.5,
            0
          ],
          "texture": "#0"
        },
        "east": {
          "uv": [
            0,
            0,
            3.5,
            0
          ],
          "texture": "#0"
        },
        "south": {
          "uv": [
            0,
            0,
            3.5,
            0
          ],
          "texture": "#0"
        },
        "west": {
          "uv": [
            0,
            0,
            3.5,
            0
          ],
          "texture": "#0"
        },
        "up": {
          "uv": [
            3.5,
            3.5,
            0,
            0
          ],
          "texture": "#0"
        },
        "down": {
          "uv": [
            3.5,
            3.5,
            0,
            0
          ],
          "texture": "#0"
        }
      }
    },
    {
      "from": [
        -0.2,
        -3,
        9
      ],
      "to": [
        2.8,
        2,
        9
      ],
      "rotation": {
        "angle": -22.5,
        "axis": "z",
        "origin": [
          1.8,
          -0.5,
          9
        ]
      },
      "faces": {
        "north": {
          "uv": [
            4,
            7.25,
            4.75,
            8.5
          ],
          "texture": "#0"
        },
        "east": {
          "uv": [
            0,
            0,
            0,
            1.25
          ],
          "texture": "#0"
        },
        "south": {
          "uv": [
            4.75,
            7.25,
            4,
            8.5
          ],
          "texture": "#0"
        },
        "west": {
          "uv": [
            0,
            0,
            0,
            1.25
          ],
          "texture": "#0"
        },
        "up": {
          "uv": [
            0.75,
            0,
            0,
            0
          ],
          "texture": "#0"
        },
        "down": {
          "uv": [
            0.75,
            0,
            0,
            0
          ],
          "texture": "#0"
        }
      }
    }
  ],
  "gui_light": "front",
  "display": {
    "thirdperson_righthand": {
      "rotation": [
        68,
        0,
        0
      ],
      "translation": [
        0,
        3,
        3
      ],
      "scale": [
        0.7,
        0.7,
        0.7
      ]
    },
    "thirdperson_lefthand": {
      "rotation": [
        68,
        0,
        0
      ],
      "translation": [
        0,
        3,
        3
      ],
      "scale": [
        0.7,
        0.7,
        0.7
      ]
    },
    "firstperson_righthand": {
      "translation": [
        0.5,
        5.5,
        0
      ],
      "scale": [
        0.5,
        0.5,
        0.5
      ]
    },
    "firstperson_lefthand": {
      "translation": [
        0.5,
        5.5,
        0
      ],
      "scale": [
        0.5,
        0.5,
        0.5
      ]
    },
    "ground": {
      "translation": [
        0,
        4,
        0
      ],
      "scale": [
        0.6,
        0.6,
        0.6
      ]
    },
    "gui": {
      "rotation": [
        22.5,
        135,
        0
      ],
      "translation": [
        0,
        4.5,
        0
      ],
      "scale": [
        0.8,
        0.8,
        0.8
      ]
    },
    "head": {
      "rotation": [
        2,
        0,
        0
      ],
      "translation": [
        0,
        15.5,
        0.25
      ],
      "scale": [
        1.85,
        1.85,
        1.85
      ]
    },
    "fixed": {
      "rotation": [
        -90,
        0,
        0
      ],
      "translation": [
        0,
        0,
        -15
      ],
      "scale": [
        1.8,
        1.8,
        1.8
      ]
    }
  }
}