{
  "texture_size": [
    16,
    16
  ],
  "elements": [
    {
      "from": [
        3.71056,
        8.10404,
        7
      ],
      "to": [
        6.71056,
        10.10404,
        9
      ],
      "rotation": {
        "angle": 22.5,
        "axis": "z",
        "origin": [
          4.96056,
          9.85404,
          8
        ]
      },
      "faces": {
        "north": {
          "uv": [
            0,
            0,
            3,
            2
          ],
          "texture": "#0"
        },
        "east": {
          "uv": [
            6,
            2,
            8,
            4
          ],
          "texture": "#0"
        },
        "south": {
          "uv": [
            0,
            2,
            3,
            4
          ],
          "texture": "#0"
        },
        "west": {
          "uv": [
            3,
            6,
            5,
            8
          ],
          "texture": "#0"
        },
        "up": {
          "uv": [
            6,
            2,
            3,
            0
          ],
          "texture": "#0"
        },
        "down": {
          "uv": [
            6,
            2,
            3,
            4
          ],
          "texture": "#0"
        }
      }
    },
    {
      "from": [
        3.71056,
        10.10404,
        7
      ],
      "to": [
        5.71056,
        11.10404,
        9
      ],
      "rotation": {
        "angle": 22.5,
        "axis": "z",
        "origin": [
          4.96056,
          9.85404,
          8
        ]
      },
      "faces": {
        "north": {
          "uv": [
            4,
            8,
            6,
            9
          ],
          "texture": "#0"
        },
        "east": {
          "uv": [
            8,
            4,
            10,
            5
          ],
          "texture": "#0"
        },
        "south": {
          "uv": [
            8,
            5,
            10,
            6
          ],
          "texture": "#0"
        },
        "west": {
          "uv": [
            6,
            8,
            8,
            9
          ],
          "texture": "#0"
        },
        "up": {
          "uv": [
            8,
            6,
            6,
            4
          ],
          "texture": "#0"
        },
        "down": {
          "uv": [
            7,
            6,
            5,
            8
          ],
          "texture": "#0"
        }
      }
    },
    {
      "from": [
        9.28944,
        8.19385,
        7
      ],
      "to": [
        12.28944,
        10.19385,
        9
      ],
      "rotation": {
        "angle": -22.5,
        "axis": "z",
        "origin": [
          11.03944,
          9.94385,
          8
        ]
      },
      "faces": {
        "north": {
          "uv": [
            0,
            4,
            3,
            6
          ],
          "texture": "#0"
        },
        "east": {
          "uv": [
            2,
            8,
            4,
            10
          ],
          "texture": "#0"
        },
        "south": {
          "uv": [
            3,
            4,
            6,
            6
          ],
          "texture": "#0"
        },
        "west": {
          "uv": [
            8,
            2,
            10,
            4
          ],
          "texture": "#0"
        },
        "up": {
          "uv": [
            3,
            8,
            0,
            6
          ],
          "texture": "#0"
        },
        "down": {
          "uv": [
            9,
            0,
            6,
            2
          ],
          "texture": "#0"
        }
      }
    },
    {
      "from": [
        10.28944,
        10.19385,
        7
      ],
      "to": [
        12.28944,
        11.19385,
        9
      ],
      "rotation": {
        "angle": -22.5,
        "axis": "z",
        "origin": [
          11.03944,
          9.94385,
          8
        ]
      },
      "faces": {
        "north": {
          "uv": [
            8,
            8,
            10,
            9
          ],
          "texture": "#0"
        },
        "east": {
          "uv": [
            9,
            0,
            11,
            1
          ],
          "texture": "#0"
        },
        "south": {
          "uv": [
            9,
            1,
            11,
            2
          ],
          "texture": "#0"
        },
        "west": {
          "uv": [
            4,
            9,
            6,
            10
          ],
          "texture": "#0"
        },
        "up": {
          "uv": [
            9,
            8,
            7,
            6
          ],
          "texture": "#0"
        },
        "down": {
          "uv": [
            2,
            8,
            0,
            10
          ],
          "texture": "#0"
        }
      }
    }
  ],
  "gui_light": "front",
  "display": {
    "thirdperson_righthand": {
      "rotation": [
        0,
        24,
        0
      ]
    },
    "thirdperson_lefthand": {
      "rotation": [
        0,
        24,
        0
      ]
    },
    "firstperson_righthand": {
      "translation": [
        2.5,
        0,
        0
      ]
    },
    "firstperson_lefthand": {
      "translation": [
        2.5,
        0,
        0
      ]
    },
    "gui": {
      "rotation": [
        22.5,
        135,
        0
      ],
      "translation": [
        0.25,
        -1.75,
        0
      ],
      "scale": [
        1.5,
        1.5,
        1.5
      ]
    },
    "head": {
      "translation": [
        0,
        4.5,
        -4.25
      ],
      "scale": [
        1.84,
        1.84,
        1.84
      ]
    },
    "fixed": {
      "translation": [
        0,
        -1.5,
        0
      ]
    }
  }
}