{
  "display": {
    "thirdperson_righthand": {
      "translation": [
        0,
        5,
        1.5
      ],
      "scale": [
        0.8,
        0.8,
        0.8
      ]
    },
    "thirdperson_lefthand": {
      "translation": [
        0,
        5,
        1.5
      ],
      "scale": [
        0.8,
        0.8,
        0.8
      ]
    },
    "firstperson_righthand": {
      "rotation": [
        -93,
        -4,
        0
      ],
      "translation": [
        2,
        11.5,
        2
      ],
      "scale": [
        0.7,
        0.7,
        0.7
      ]
    },
    "firstperson_lefthand": {
      "rotation": [
        -93,
        -4,
        0
      ],
      "translation": [
        2,
        11.5,
        2
      ],
      "scale": [
        0.7,
        0.7,
        0.7
      ]
    },
    "ground": {
      "rotation": [
        74,
        73,
        0
      ],
      "translation": [
        0,
        1,
        0
      ],
      "scale": [
        0.52,
        0.52,
        0.52
      ]
    },
    "gui": {
      "rotation": [
        90,
        45,
        -90
      ],
      "translation": [
        0.5,
        0.5,
        0
      ],
      "scale": [
        0.45,
        0.45,
        0.45
      ]
    },
    "head": {
      "rotation": [
        -90,
        -2,
        0
      ],
      "translation": [
        0,
        14,
        0
      ],
      "scale": [
        0.8,
        0.8,
        0.8
      ]
    },
    "fixed": {
      "rotation": [
        90,
        45,
        -90
      ],
      "translation": [
        0.25,
        0.25,
        0
      ],
      "scale": [
        0.5,
        0.5,
        0.5
      ]
    }
  },
  "textures": {
    "0": "civilization:item/tools/aiglos/serpentine/default",
    "1": "civilization:item/tools/aiglos/serpentine/anim",
    "2": "civilization:item/tools/aiglos/serpentine/anim_1",
    "particle": "civilization:item/tools/aiglos/serpentine/default"
  },
  "elements": [
    {
      "from": [
        7,
        -9,
        6.62028
      ],
      "to": [
        9,
        9,
        8.62028
      ],
      "rotation": {
        "angle": 0,
        "axis": "y",
        "origin": [
          8,
          -0.5,
          7.62028
        ]
      },
      "faces": {
        "north": {
          "uv": [
            3,
            0,
            3.5,
            4.5
          ],
          "texture": "#0"
        },
        "east": {
          "uv": [
            3.5,
            0,
            4,
            4.5
          ],
          "texture": "#0"
        },
        "south": {
          "uv": [
            0,
            3.75,
            0.5,
            8.25
          ],
          "texture": "#0"
        },
        "west": {
          "uv": [
            0.5,
            3.75,
            1,
            8.25
          ],
          "texture": "#0"
        },
        "up": {
          "uv": [
            1.5,
            8,
            1,
            7.5
          ],
          "texture": "#0"
        },
        "down": {
          "uv": [
            8,
            1.5,
            7.5,
            2
          ],
          "texture": "#0"
        }
      }
    },
    {
      "from": [
        7.493,
        5.89681,
        -2.22555
      ],
      "to": [
        8.507,
        7.91081,
        2.78845
      ],
      "rotation": {
        "angle": 45,
        "axis": "x",
        "origin": [
          7.5,
          -1.59619,
          -0.21855
        ]
      },
      "faces": {
        "north": {
          "uv": [
            9.25,
            4.25,
            9.5,
            4.75
          ],
          "texture": "#0"
        },
        "east": {
          "uv": [
            6.5,
            4.5,
            7.75,
            5
          ],
          "texture": "#0"
        },
        "south": {
          "uv": [
            9.25,
            4.75,
            9.5,
            5.25
          ],
          "texture": "#0"
        },
        "west": {
          "uv": [
            6.75,
            2,
            8,
            2.5
          ],
          "texture": "#0"
        },
        "up": {
          "uv": [
            5.75,
            9.5,
            5.5,
            8.25
          ],
          "texture": "#0"
        },
        "down": {
          "uv": [
            3.75,
            8.5,
            3.5,
            9.75
          ],
          "texture": "#0"
        }
      }
    },
    {
      "from": [
        7.5,
        4.5864,
        4.35978
      ],
      "to": [
        8.5,
        8.2864,
        6.35978
      ],
      "rotation": {
        "angle": 22.5,
        "axis": "x",
        "origin": [
          7.5,
          6.5864,
          5.35978
        ]
      },
      "faces": {
        "north": {
          "uv": [
            2.25,
            8.75,
            2.5,
            9.75
          ],
          "texture": "#0"
        },
        "east": {
          "uv": [
            8,
            3,
            8.5,
            4
          ],
          "texture": "#0"
        },
        "south": {
          "uv": [
            3.75,
            8.75,
            4,
            9.75
          ],
          "texture": "#0"
        },
        "west": {
          "uv": [
            4.5,
            8,
            5,
            9
          ],
          "texture": "#0"
        },
        "up": {
          "uv": [
            9.5,
            5.75,
            9.25,
            5.25
          ],
          "texture": "#0"
        },
        "down": {
          "uv": [
            9.5,
            5.75,
            9.25,
            6.25
          ],
          "texture": "#0"
        }
      }
    },
    {
      "from": [
        7,
        7.5864,
        2.85978
      ],
      "to": [
        9,
        9.5864,
        6.85978
      ],
      "rotation": {
        "angle": -22.5,
        "axis": "x",
        "origin": [
          8,
          8.5864,
          4.85978
        ]
      },
      "faces": {
        "north": {
          "uv": [
            8.75,
            2.5,
            9.25,
            3
          ],
          "texture": "#0"
        },
        "east": {
          "uv": [
            8,
            6,
            9,
            6.5
          ],
          "texture": "#0"
        },
        "south": {
          "uv": [
            8.75,
            4.5,
            9.25,
            5
          ],
          "texture": "#0"
        },
        "west": {
          "uv": [
            6.5,
            8,
            7.5,
            8.5
          ],
          "texture": "#0"
        },
        "up": {
          "uv": [
            8.5,
            7.5,
            8,
            6.5
          ],
          "texture": "#0"
        },
        "down": {
          "uv": [
            8,
            8,
            7.5,
            9
          ],
          "texture": "#0"
        }
      }
    },
    {
      "from": [
        8.9,
        6.53153,
        3.96093
      ],
      "to": [
        8.9,
        7.53153,
        4.96093
      ],
      "rotation": {
        "angle": -45,
        "axis": "x",
        "origin": [
          8.15,
          7.03153,
          4.46093
        ]
      },
      "faces": {
        "north": {
          "uv": [
            0,
            0,
            0,
            0.25
          ],
          "texture": "#0"
        },
        "east": {
          "uv": [
            6.5,
            5,
            6.75,
            5.25
          ],
          "texture": "#0"
        },
        "south": {
          "uv": [
            0,
            0,
            0,
            0.25
          ],
          "texture": "#0"
        },
        "west": {
          "uv": [
            2.5,
            6.75,
            2.75,
            7
          ],
          "texture": "#0"
        },
        "up": {
          "uv": [
            0,
            0.25,
            0,
            0
          ],
          "texture": "#0"
        },
        "down": {
          "uv": [
            0,
            0,
            0,
            0.25
          ],
          "texture": "#0"
        }
      }
    },
    {
      "from": [
        7.1,
        6.53153,
        3.96093
      ],
      "to": [
        7.1,
        7.53153,
        4.96093
      ],
      "rotation": {
        "angle": -45,
        "axis": "x",
        "origin": [
          7.85,
          7.03153,
          4.46093
        ]
      },
      "faces": {
        "north": {
          "uv": [
            0,
            0,
            0,
            0.25
          ],
          "texture": "#0"
        },
        "east": {
          "uv": [
            7,
            0.75,
            7.25,
            1
          ],
          "texture": "#0"
        },
        "south": {
          "uv": [
            0,
            0,
            0,
            0.25
          ],
          "texture": "#0"
        },
        "west": {
          "uv": [
            7.25,
            0.75,
            7.5,
            1
          ],
          "texture": "#0"
        },
        "up": {
          "uv": [
            0,
            0.25,
            0,
            0
          ],
          "texture": "#0"
        },
        "down": {
          "uv": [
            0,
            0,
            0,
            0.25
          ],
          "texture": "#0"
        }
      }
    },
    {
      "from": [
        6.998,
        7.5844,
        8.48822
      ],
      "to": [
        9.002,
        9.5884,
        12.49222
      ],
      "rotation": {
        "angle": 22.5,
        "axis": "x",
        "origin": [
          8,
          8.5864,
          10.49022
        ]
      },
      "faces": {
        "north": {
          "uv": [
            8.75,
            5,
            9.25,
            5.5
          ],
          "texture": "#0"
        },
        "east": {
          "uv": [
            8,
            7.5,
            9,
            8
          ],
          "texture": "#0"
        },
        "south": {
          "uv": [
            8.75,
            5.5,
            9.25,
            6
          ],
          "texture": "#0"
        },
        "west": {
          "uv": [
            8,
            8,
            9,
            8.5
          ],
          "texture": "#0"
        },
        "up": {
          "uv": [
            0.5,
            9.25,
            0,
            8.25
          ],
          "texture": "#0"
        },
        "down": {
          "uv": [
            1,
            8.25,
            0.5,
            9.25
          ],
          "texture": "#0"
        }
      }
    },
    {
      "from": [
        7.1,
        7.73864,
        10.47485
      ],
      "to": [
        7.1,
        8.73864,
        11.47485
      ],
      "rotation": {
        "angle": 45,
        "axis": "x",
        "origin": [
          8.1,
          7.73864,
          9.47485
        ]
      },
      "faces": {
        "north": {
          "uv": [
            0,
            0,
            0,
            0.25
          ],
          "texture": "#0"
        },
        "east": {
          "uv": [
            8,
            4,
            8.25,
            4.25
          ],
          "texture": "#0"
        },
        "south": {
          "uv": [
            0,
            0,
            0,
            0.25
          ],
          "texture": "#0"
        },
        "west": {
          "uv": [
            8.25,
            4,
            8.5,
            4.25
          ],
          "texture": "#0"
        },
        "up": {
          "uv": [
            0,
            0.25,
            0,
            0
          ],
          "texture": "#0"
        },
        "down": {
          "uv": [
            0,
            0,
            0,
            0.25
          ],
          "texture": "#0"
        }
      }
    },
    {
      "from": [
        8.9,
        7.73864,
        10.47485
      ],
      "to": [
        8.9,
        8.73864,
        11.47485
      ],
      "rotation": {
        "angle": 45,
        "axis": "x",
        "origin": [
          7.9,
          7.73864,
          9.47485
        ]
      },
      "faces": {
        "north": {
          "uv": [
            0,
            0,
            0,
            0.25
          ],
          "texture": "#0"
        },
        "east": {
          "uv": [
            7.25,
            4.25,
            7.5,
            4.5
          ],
          "texture": "#0"
        },
        "south": {
          "uv": [
            0,
            0,
            0,
            0.25
          ],
          "texture": "#0"
        },
        "west": {
          "uv": [
            7.5,
            4.25,
            7.75,
            4.5
          ],
          "texture": "#0"
        },
        "up": {
          "uv": [
            0,
            0.25,
            0,
            0
          ],
          "texture": "#0"
        },
        "down": {
          "uv": [
            0,
            0,
            0,
            0.25
          ],
          "texture": "#0"
        }
      }
    },
    {
      "from": [
        7.495,
        5.89881,
        12.56355
      ],
      "to": [
        8.505,
        7.90881,
        17.57355
      ],
      "rotation": {
        "angle": -45,
        "axis": "x",
        "origin": [
          7.5,
          -1.59619,
          15.56855
        ]
      },
      "faces": {
        "north": {
          "uv": [
            9.5,
            0,
            9.75,
            0.5
          ],
          "texture": "#0"
        },
        "east": {
          "uv": [
            6.75,
            2.5,
            8,
            3
          ],
          "texture": "#0"
        },
        "south": {
          "uv": [
            9.5,
            0.5,
            9.75,
            1
          ],
          "texture": "#0"
        },
        "west": {
          "uv": [
            6.75,
            3,
            8,
            3.5
          ],
          "texture": "#0"
        },
        "up": {
          "uv": [
            8.5,
            9.75,
            8.25,
            8.5
          ],
          "texture": "#0"
        },
        "down": {
          "uv": [
            8.75,
            8.5,
            8.5,
            9.75
          ],
          "texture": "#0"
        }
      }
    },
    {
      "from": [
        7.5,
        4.5864,
        8.99022
      ],
      "to": [
        8.5,
        8.2864,
        10.99022
      ],
      "rotation": {
        "angle": -22.5,
        "axis": "x",
        "origin": [
          7.5,
          6.5864,
          9.99022
        ]
      },
      "faces": {
        "north": {
          "uv": [
            4,
            8.75,
            4.25,
            9.75
          ],
          "texture": "#0"
        },
        "east": {
          "uv": [
            5,
            8,
            5.5,
            9
          ],
          "texture": "#0"
        },
        "south": {
          "uv": [
            4.25,
            8.75,
            4.5,
            9.75
          ],
          "texture": "#0"
        },
        "west": {
          "uv": [
            8,
            5,
            8.5,
            6
          ],
          "texture": "#0"
        },
        "up": {
          "uv": [
            9.5,
            9.25,
            9.25,
            8.75
          ],
          "texture": "#0"
        },
        "down": {
          "uv": [
            9.5,
            9.25,
            9.25,
            9.75
          ],
          "texture": "#0"
        }
      }
    },
    {
      "from": [
        7.498,
        -5.37958,
        8.1106
      ],
      "to": [
        8.502,
        -0.37558,
        10.1146
      ],
      "rotation": {
        "angle": -45,
        "axis": "x",
        "origin": [
          8,
          -5.04832,
          8.49738
        ]
      },
      "faces": {
        "north": {
          "uv": [
            8.5,
            4.5,
            8.75,
            5.75
          ],
          "texture": "#0"
        },
        "east": {
          "uv": [
            2,
            6.75,
            2.5,
            8
          ],
          "texture": "#0"
        },
        "south": {
          "uv": [
            6.5,
            8.5,
            6.75,
            9.75
          ],
          "texture": "#0"
        },
        "west": {
          "uv": [
            4.5,
            6.75,
            5,
            8
          ],
          "texture": "#0"
        },
        "up": {
          "uv": [
            9.5,
            6.75,
            9.25,
            6.25
          ],
          "texture": "#0"
        },
        "down": {
          "uv": [
            9.5,
            6.75,
            9.25,
            7.25
          ],
          "texture": "#0"
        }
      }
    },
    {
      "from": [
        7.505,
        -2.98634,
        6.59205
      ],
      "to": [
        8.495,
        1.80366,
        8.58205
      ],
      "rotation": {
        "angle": 22.5,
        "axis": "x",
        "origin": [
          8,
          1.6794,
          8.20227
        ]
      },
      "faces": {
        "north": {
          "uv": [
            7.25,
            8.5,
            7.5,
            9.75
          ],
          "texture": "#0"
        },
        "east": {
          "uv": [
            2.5,
            7,
            3,
            8.25
          ],
          "texture": "#0"
        },
        "south": {
          "uv": [
            8,
            8.5,
            8.25,
            9.75
          ],
          "texture": "#0"
        },
        "west": {
          "uv": [
            3,
            7,
            3.5,
            8.25
          ],
          "texture": "#0"
        },
        "up": {
          "uv": [
            9.5,
            8.75,
            9.25,
            8.25
          ],
          "texture": "#0"
        },
        "down": {
          "uv": [
            9,
            9.25,
            8.75,
            9.75
          ],
          "texture": "#0"
        }
      }
    },
    {
      "from": [
        7.505,
        -8.35263,
        7.64146
      ],
      "to": [
        8.495,
        -3.36263,
        9.63146
      ],
      "rotation": {
        "angle": 22.5,
        "axis": "x",
        "origin": [
          8,
          -4.34121,
          7.79027
        ]
      },
      "faces": {
        "north": {
          "uv": [
            6.75,
            8.5,
            7,
            9.75
          ],
          "texture": "#0"
        },
        "east": {
          "uv": [
            5,
            6.75,
            5.5,
            8
          ],
          "texture": "#0"
        },
        "south": {
          "uv": [
            7,
            8.5,
            7.25,
            9.75
          ],
          "texture": "#0"
        },
        "west": {
          "uv": [
            6.75,
            5,
            7.25,
            6.25
          ],
          "texture": "#0"
        },
        "up": {
          "uv": [
            9.5,
            7.75,
            9.25,
            7.25
          ],
          "texture": "#0"
        },
        "down": {
          "uv": [
            9.5,
            7.75,
            9.25,
            8.25
          ],
          "texture": "#0"
        }
      }
    },
    {
      "from": [
        7.5,
        -16,
        6.62028
      ],
      "to": [
        8.5,
        -10,
        8.62028
      ],
      "rotation": {
        "angle": 0,
        "axis": "y",
        "origin": [
          8,
          5.67157,
          8
        ]
      },
      "faces": {
        "north": {
          "uv": [
            5.5,
            6.75,
            5.75,
            8.25
          ],
          "texture": "#0"
        },
        "east": {
          "uv": [
            6,
            6.25,
            6.5,
            7.75
          ],
          "texture": "#0"
        },
        "south": {
          "uv": [
            3.5,
            7,
            3.75,
            8.5
          ],
          "texture": "#0"
        },
        "west": {
          "uv": [
            1.5,
            6.5,
            2,
            8
          ],
          "texture": "#0"
        },
        "up": {
          "uv": [
            0.5,
            9.75,
            0.25,
            9.25
          ],
          "texture": "#0"
        },
        "down": {
          "uv": [
            0.75,
            9.25,
            0.5,
            9.75
          ],
          "texture": "#0"
        }
      }
    },
    {
      "from": [
        7.49,
        -6.68841,
        16.80297
      ],
      "to": [
        8.51,
        -3.66841,
        19.82297
      ],
      "rotation": {
        "angle": 45,
        "axis": "x",
        "origin": [
          8,
          5.67157,
          8
        ]
      },
      "faces": {
        "north": {
          "uv": [
            2.75,
            3.75,
            3,
            4.5
          ],
          "texture": "#0"
        },
        "east": {
          "uv": [
            7,
            0,
            7.75,
            0.75
          ],
          "texture": "#0"
        },
        "south": {
          "uv": [
            6,
            8.75,
            6.25,
            9.5
          ],
          "texture": "#0"
        },
        "west": {
          "uv": [
            7.25,
            3.5,
            8,
            4.25
          ],
          "texture": "#0"
        },
        "up": {
          "uv": [
            6.5,
            9.5,
            6.25,
            8.75
          ],
          "texture": "#0"
        },
        "down": {
          "uv": [
            9,
            8.5,
            8.75,
            9.25
          ],
          "texture": "#0"
        }
      }
    },
    {
      "from": [
        7.501,
        -10.67741,
        21.81397
      ],
      "to": [
        8.499,
        -8.67941,
        23.81197
      ],
      "rotation": {
        "angle": 45,
        "axis": "x",
        "origin": [
          8,
          5.67157,
          8
        ]
      },
      "faces": {
        "north": {
          "uv": [
            0.75,
            9.25,
            1,
            9.75
          ],
          "texture": "#0"
        },
        "east": {
          "uv": [
            8.5,
            6.5,
            9,
            7
          ],
          "texture": "#0"
        },
        "south": {
          "uv": [
            9.25,
            0.75,
            9.5,
            1.25
          ],
          "texture": "#0"
        },
        "west": {
          "uv": [
            8.5,
            7,
            9,
            7.5
          ],
          "texture": "#0"
        },
        "up": {
          "uv": [
            1.25,
            9.75,
            1,
            9.25
          ],
          "texture": "#0"
        },
        "down": {
          "uv": [
            1.5,
            9.25,
            1.25,
            9.75
          ],
          "texture": "#0"
        }
      }
    },
    {
      "from": [
        8,
        -16,
        6.22028
      ],
      "to": [
        8,
        -10,
        9.22028
      ],
      "rotation": {
        "angle": 0,
        "axis": "y",
        "origin": [
          8,
          5.67157,
          7.5
        ]
      },
      "faces": {
        "north": {
          "uv": [
            0,
            0,
            0,
            1.5
          ],
          "texture": "#0"
        },
        "east": {
          "uv": [
            1.5,
            5,
            2.25,
            6.5
          ],
          "texture": "#0"
        },
        "south": {
          "uv": [
            0,
            0,
            0,
            1.5
          ],
          "texture": "#0"
        },
        "west": {
          "uv": [
            5,
            3.75,
            5.75,
            5.25
          ],
          "texture": "#0"
        },
        "up": {
          "uv": [
            0,
            0.75,
            0,
            0
          ],
          "texture": "#0"
        },
        "down": {
          "uv": [
            0,
            0,
            0,
            0.75
          ],
          "texture": "#0"
        }
      }
    },
    {
      "from": [
        8,
        -10.82485,
        21.45942
      ],
      "to": [
        8,
        -7.82485,
        24.45942
      ],
      "rotation": {
        "angle": 45,
        "axis": "x",
        "origin": [
          7,
          6.02513,
          7.64645
        ]
      },
      "faces": {
        "north": {
          "uv": [
            0,
            0,
            0,
            0.75
          ],
          "texture": "#0"
        },
        "east": {
          "uv": [
            7.25,
            5,
            8,
            5.75
          ],
          "texture": "#0"
        },
        "south": {
          "uv": [
            0,
            0,
            0,
            0.75
          ],
          "texture": "#0"
        },
        "west": {
          "uv": [
            7.25,
            5.75,
            8,
            6.5
          ],
          "texture": "#0"
        },
        "up": {
          "uv": [
            0,
            0.75,
            0,
            0
          ],
          "texture": "#0"
        },
        "down": {
          "uv": [
            0,
            0,
            0,
            0.75
          ],
          "texture": "#0"
        }
      }
    },
    {
      "from": [
        8,
        -6.82485,
        15.45942
      ],
      "to": [
        8,
        -1.82485,
        20.45942
      ],
      "rotation": {
        "angle": 45,
        "axis": "x",
        "origin": [
          7,
          6.02513,
          7.64645
        ]
      },
      "faces": {
        "north": {
          "uv": [
            0,
            0,
            0,
            1.25
          ],
          "texture": "#0"
        },
        "east": {
          "uv": [
            1,
            3.75,
            2.25,
            5
          ],
          "texture": "#0"
        },
        "south": {
          "uv": [
            0,
            0,
            0,
            1.25
          ],
          "texture": "#0"
        },
        "west": {
          "uv": [
            4,
            0,
            5.25,
            1.25
          ],
          "texture": "#0"
        },
        "up": {
          "uv": [
            0,
            1.25,
            0,
            0
          ],
          "texture": "#0"
        },
        "down": {
          "uv": [
            0,
            0,
            0,
            1.25
          ],
          "texture": "#0"
        }
      }
    },
    {
      "from": [
        6.75,
        -6.25,
        6.37028
      ],
      "to": [
        9.25,
        4.25,
        8.87028
      ],
      "rotation": {
        "angle": 0,
        "axis": "y",
        "origin": [
          8,
          -1,
          7.62028
        ]
      },
      "faces": {
        "north": {
          "uv": [
            2.75,
            4.5,
            3.25,
            7
          ],
          "texture": "#0"
        },
        "east": {
          "uv": [
            3.25,
            4.5,
            3.75,
            7
          ],
          "texture": "#0"
        },
        "south": {
          "uv": [
            4.5,
            4.25,
            5,
            6.75
          ],
          "texture": "#0"
        },
        "west": {
          "uv": [
            1,
            5,
            1.5,
            7.5
          ],
          "texture": "#0"
        },
        "up": {
          "uv": [
            9.25,
            1,
            8.75,
            0.5
          ],
          "texture": "#0"
        },
        "down": {
          "uv": [
            1.5,
            8.75,
            1,
            9.25
          ],
          "texture": "#0"
        }
      }
    },
    {
      "from": [
        7.5,
        11,
        6.12738
      ],
      "to": [
        8.5,
        26,
        9.12738
      ],
      "rotation": {
        "angle": 0,
        "axis": "y",
        "origin": [
          8,
          5.67157,
          8
        ]
      },
      "faces": {
        "north": {
          "uv": [
            3.75,
            4.5,
            4,
            8.25
          ],
          "texture": "#0"
        },
        "east": {
          "uv": [
            1.5,
            0,
            2.25,
            3.75
          ],
          "texture": "#0"
        },
        "south": {
          "uv": [
            5.75,
            6.25,
            6,
            10
          ],
          "texture": "#0"
        },
        "west": {
          "uv": [
            2.25,
            0,
            3,
            3.75
          ],
          "texture": "#0"
        },
        "up": {
          "uv": [
            0.25,
            10,
            0,
            9.25
          ],
          "texture": "#0"
        },
        "down": {
          "uv": [
            9.5,
            0,
            9.25,
            0.75
          ],
          "texture": "#0"
        }
      }
    },
    {
      "from": [
        7,
        9,
        8.12738
      ],
      "to": [
        9,
        21,
        10.12738
      ],
      "rotation": {
        "angle": 0,
        "axis": "y",
        "origin": [
          8,
          15,
          9.12738
        ]
      },
      "faces": {
        "north": {
          "uv": [
            2.25,
            3.75,
            2.75,
            6.75
          ],
          "texture": "#0"
        },
        "east": {
          "uv": [
            4,
            1.25,
            4.5,
            4.25
          ],
          "texture": "#0"
        },
        "south": {
          "uv": [
            4,
            4.25,
            4.5,
            7.25
          ],
          "texture": "#0"
        },
        "west": {
          "uv": [
            4.5,
            1.25,
            5,
            4.25
          ],
          "texture": "#0"
        },
        "up": {
          "uv": [
            9.25,
            1.5,
            8.75,
            1
          ],
          "texture": "#0"
        },
        "down": {
          "uv": [
            2,
            8.75,
            1.5,
            9.25
          ],
          "texture": "#0"
        }
      }
    },
    {
      "from": [
        7.5,
        10,
        6.62738
      ],
      "to": [
        8.5,
        16,
        9.62738
      ],
      "rotation": {
        "angle": 22.5,
        "axis": "x",
        "origin": [
          8,
          9,
          10.12738
        ]
      },
      "faces": {
        "north": {
          "uv": [
            2.5,
            8.25,
            2.75,
            9.75
          ],
          "texture": "#0"
        },
        "east": {
          "uv": [
            5,
            5.25,
            5.75,
            6.75
          ],
          "texture": "#0"
        },
        "south": {
          "uv": [
            2.75,
            8.25,
            3,
            9.75
          ],
          "texture": "#0"
        },
        "west": {
          "uv": [
            5.75,
            3.75,
            6.5,
            5.25
          ],
          "texture": "#0"
        },
        "up": {
          "uv": [
            9.25,
            2.25,
            9,
            1.5
          ],
          "texture": "#0"
        },
        "down": {
          "uv": [
            3.25,
            9,
            3,
            9.75
          ],
          "texture": "#0"
        }
      }
    },
    {
      "from": [
        7.5,
        5.85784,
        6.28677
      ],
      "to": [
        8.5,
        6.85784,
        7.28677
      ],
      "rotation": {
        "angle": 45,
        "axis": "x",
        "origin": [
          8,
          5.67157,
          8
        ]
      },
      "faces": {
        "north": {
          "uv": [
            5.25,
            1,
            5.5,
            1.25
          ],
          "texture": "#0"
        },
        "east": {
          "uv": [
            5.5,
            1,
            5.75,
            1.25
          ],
          "texture": "#0"
        },
        "south": {
          "uv": [
            5.75,
            1,
            6,
            1.25
          ],
          "texture": "#0"
        },
        "west": {
          "uv": [
            6,
            3.5,
            6.25,
            3.75
          ],
          "texture": "#0"
        },
        "up": {
          "uv": [
            6.5,
            3.75,
            6.25,
            3.5
          ],
          "texture": "#0"
        },
        "down": {
          "uv": [
            2.25,
            6.5,
            2,
            6.75
          ],
          "texture": "#0"
        }
      }
    },
    {
      "from": [
        6.5,
        5.85784,
        3.28677
      ],
      "to": [
        9.5,
        9.85784,
        7.28677
      ],
      "rotation": {
        "angle": 45,
        "axis": "x",
        "origin": [
          8,
          5.67157,
          8
        ]
      },
      "faces": {
        "north": {
          "uv": [
            6.25,
            0,
            7,
            1
          ],
          "texture": "#0"
        },
        "east": {
          "uv": [
            5.25,
            0,
            6.25,
            1
          ],
          "texture": "#0"
        },
        "south": {
          "uv": [
            6.5,
            3.5,
            7.25,
            4.5
          ],
          "texture": "#0"
        },
        "west": {
          "uv": [
            5.75,
            5.25,
            6.75,
            6.25
          ],
          "texture": "#0"
        },
        "up": {
          "uv": [
            7.25,
            7.25,
            6.5,
            6.25
          ],
          "texture": "#0"
        },
        "down": {
          "uv": [
            7.5,
            1,
            6.75,
            2
          ],
          "texture": "#0"
        }
      }
    },
    {
      "from": [
        7.5,
        5.85784,
        3.28677
      ],
      "to": [
        8.5,
        9.85784,
        5.28677
      ],
      "rotation": {
        "angle": 45,
        "axis": "x",
        "origin": [
          8,
          5.67157,
          8
        ]
      },
      "faces": {
        "north": {
          "uv": [
            8.75,
            1.5,
            9,
            2.5
          ],
          "texture": "#0"
        },
        "east": {
          "uv": [
            4,
            7.25,
            4.5,
            8.25
          ],
          "texture": "#0"
        },
        "south": {
          "uv": [
            2,
            8.75,
            2.25,
            9.75
          ],
          "texture": "#0"
        },
        "west": {
          "uv": [
            6,
            7.75,
            6.5,
            8.75
          ],
          "texture": "#0"
        },
        "up": {
          "uv": [
            2,
            9.75,
            1.75,
            9.25
          ],
          "texture": "#0"
        },
        "down": {
          "uv": [
            9.5,
            1.75,
            9.25,
            2.25
          ],
          "texture": "#0"
        }
      }
    },
    {
      "from": [
        7.5,
        5.85784,
        3.28677
      ],
      "to": [
        8.5,
        7.85784,
        6.28677
      ],
      "rotation": {
        "angle": 45,
        "axis": "x",
        "origin": [
          8,
          5.67157,
          8
        ]
      },
      "faces": {
        "north": {
          "uv": [
            9.25,
            2.25,
            9.5,
            2.75
          ],
          "texture": "#0"
        },
        "east": {
          "uv": [
            3.75,
            8.25,
            4.5,
            8.75
          ],
          "texture": "#0"
        },
        "south": {
          "uv": [
            9.25,
            2.75,
            9.5,
            3.25
          ],
          "texture": "#0"
        },
        "west": {
          "uv": [
            8.5,
            0,
            9.25,
            0.5
          ],
          "texture": "#0"
        },
        "up": {
          "uv": [
            9.25,
            4.5,
            9,
            3.75
          ],
          "texture": "#0"
        },
        "down": {
          "uv": [
            4.75,
            9,
            4.5,
            9.75
          ],
          "texture": "#0"
        }
      }
    },
    {
      "from": [
        6.5,
        -6.14216,
        16.28677
      ],
      "to": [
        9.5,
        -3.14216,
        19.28677
      ],
      "rotation": {
        "angle": 45,
        "axis": "x",
        "origin": [
          8,
          5.67157,
          8
        ]
      },
      "faces": {
        "north": {
          "uv": [
            6.5,
            7.25,
            7.25,
            8
          ],
          "texture": "#0"
        },
        "east": {
          "uv": [
            7.25,
            6.5,
            8,
            7.25
          ],
          "texture": "#0"
        },
        "south": {
          "uv": [
            7.25,
            7.25,
            8,
            8
          ],
          "texture": "#0"
        },
        "west": {
          "uv": [
            7.5,
            0.75,
            8.25,
            1.5
          ],
          "texture": "#0"
        },
        "up": {
          "uv": [
            8.5,
            0.75,
            7.75,
            0
          ],
          "texture": "#0"
        },
        "down": {
          "uv": [
            8.5,
            4.25,
            7.75,
            5
          ],
          "texture": "#0"
        }
      }
    },
    {
      "from": [
        7.012,
        9.70667,
        6.97918
      ],
      "to": [
        8.998,
        12.69267,
        8.96518
      ],
      "rotation": {
        "angle": -22.5,
        "axis": "x",
        "origin": [
          8.515,
          11.20967,
          5.98218
        ]
      },
      "faces": {
        "north": {
          "uv": [
            4.75,
            9,
            5,
            9.75
          ],
          "texture": "#0"
        },
        "east": {
          "uv": [
            8.5,
            3,
            9,
            3.75
          ],
          "texture": "#0"
        },
        "south": {
          "uv": [
            5,
            9,
            5.25,
            9.75
          ],
          "texture": "#0"
        },
        "west": {
          "uv": [
            8.5,
            3.75,
            9,
            4.5
          ],
          "texture": "#0"
        },
        "up": {
          "uv": [
            9.5,
            3.75,
            9.25,
            3.25
          ],
          "texture": "#0"
        },
        "down": {
          "uv": [
            9.5,
            3.75,
            9.25,
            4.25
          ],
          "texture": "#0"
        }
      }
    },
    {
      "from": [
        7.488,
        10.32647,
        4.98107
      ],
      "to": [
        8.512,
        13.35047,
        8.00507
      ],
      "rotation": {
        "angle": -22.5,
        "axis": "x",
        "origin": [
          8,
          11.83847,
          6.49307
        ]
      },
      "faces": {
        "north": {
          "uv": [
            5.25,
            9,
            5.5,
            9.75
          ],
          "texture": "#0"
        },
        "east": {
          "uv": [
            1,
            8,
            1.75,
            8.75
          ],
          "texture": "#0"
        },
        "south": {
          "uv": [
            9,
            6,
            9.25,
            6.75
          ],
          "texture": "#0"
        },
        "west": {
          "uv": [
            8,
            1.5,
            8.75,
            2.25
          ],
          "texture": "#0"
        },
        "up": {
          "uv": [
            9.25,
            7.5,
            9,
            6.75
          ],
          "texture": "#0"
        },
        "down": {
          "uv": [
            7.75,
            9,
            7.5,
            9.75
          ],
          "texture": "#0"
        }
      }
    },
    {
      "from": [
        7.505,
        18.7168,
        -7.68937
      ],
      "to": [
        8.495,
        21.7068,
        -4.69937
      ],
      "rotation": {
        "angle": 45,
        "axis": "x",
        "origin": [
          8.01,
          5.67157,
          8.01414
        ]
      },
      "faces": {
        "north": {
          "uv": [
            9,
            7.5,
            9.25,
            8.25
          ],
          "texture": "#0"
        },
        "east": {
          "uv": [
            1.75,
            8,
            2.5,
            8.75
          ],
          "texture": "#0"
        },
        "south": {
          "uv": [
            7.75,
            9,
            8,
            9.75
          ],
          "texture": "#0"
        },
        "west": {
          "uv": [
            8,
            2.25,
            8.75,
            3
          ],
          "texture": "#0"
        },
        "up": {
          "uv": [
            9.25,
            9,
            9,
            8.25
          ],
          "texture": "#0"
        },
        "down": {
          "uv": [
            9.25,
            9,
            9,
            9.75
          ],
          "texture": "#0"
        }
      }
    },
    {
      "from": [
        8,
        18.7218,
        -9.11272
      ],
      "to": [
        8,
        23.7218,
        -6.11272
      ],
      "rotation": {
        "angle": 45,
        "axis": "x",
        "origin": [
          8,
          5.67157,
          8
        ]
      },
      "faces": {
        "north": {
          "uv": [
            0,
            0,
            0,
            1.25
          ],
          "texture": "#2"
        },
        "east": {
          "uv": [
            4,
            0,
            7,
            5
          ],
          "texture": "#2"
        },
        "south": {
          "uv": [
            0,
            0,
            0,
            1.25
          ],
          "texture": "#2"
        },
        "west": {
          "uv": [
            7,
            0,
            4,
            5
          ],
          "texture": "#2"
        },
        "up": {
          "uv": [
            0,
            0.75,
            0,
            0
          ],
          "texture": "#2"
        },
        "down": {
          "uv": [
            0,
            0,
            0,
            0.75
          ],
          "texture": "#2"
        }
      }
    },
    {
      "from": [
        7.998,
        11.998,
        5.12538
      ],
      "to": [
        8.002,
        27.002,
        8.12938
      ],
      "rotation": {
        "angle": 0,
        "axis": "y",
        "origin": [
          8,
          5.67157,
          8
        ]
      },
      "faces": {
        "north": {
          "uv": [
            0,
            0,
            0,
            3.75
          ],
          "texture": "#2"
        },
        "east": {
          "uv": [
            0,
            0,
            3,
            15
          ],
          "texture": "#2"
        },
        "south": {
          "uv": [
            0,
            0,
            0,
            3.75
          ],
          "texture": "#2"
        },
        "west": {
          "uv": [
            3,
            0,
            0,
            15
          ],
          "texture": "#2"
        },
        "up": {
          "uv": [
            0,
            0.75,
            0,
            0
          ],
          "texture": "#2"
        },
        "down": {
          "uv": [
            0,
            0,
            0,
            0.75
          ],
          "texture": "#2"
        }
      }
    },
    {
      "from": [
        8,
        9.85993,
        6.46774
      ],
      "to": [
        8,
        14.85993,
        10.46774
      ],
      "rotation": {
        "angle": -22.5,
        "axis": "x",
        "origin": [
          8,
          5.67157,
          8
        ]
      },
      "faces": {
        "north": {
          "uv": [
            0,
            0,
            0,
            1.25
          ],
          "texture": "#2"
        },
        "east": {
          "uv": [
            4,
            6,
            8,
            11
          ],
          "texture": "#2"
        },
        "south": {
          "uv": [
            0,
            0,
            0,
            1.25
          ],
          "texture": "#2"
        },
        "west": {
          "uv": [
            8,
            6,
            4,
            11
          ],
          "texture": "#2"
        },
        "up": {
          "uv": [
            0,
            1,
            0,
            0
          ],
          "texture": "#2"
        },
        "down": {
          "uv": [
            0,
            0,
            0,
            1
          ],
          "texture": "#2"
        }
      }
    },
    {
      "from": [
        7.5,
        6.85784,
        5.28677
      ],
      "to": [
        8.5,
        9.85784,
        7.28677
      ],
      "rotation": {
        "angle": 45,
        "axis": "x",
        "origin": [
          8,
          5.67157,
          8
        ]
      },
      "faces": {
        "north": {
          "uv": [
            9,
            3,
            9.25,
            3.75
          ],
          "texture": "#0"
        },
        "east": {
          "uv": [
            8.25,
            0.75,
            8.75,
            1.5
          ],
          "texture": "#0"
        },
        "south": {
          "uv": [
            3.25,
            9,
            3.5,
            9.75
          ],
          "texture": "#0"
        },
        "west": {
          "uv": [
            3,
            8.25,
            3.5,
            9
          ],
          "texture": "#0"
        },
        "up": {
          "uv": [
            9.5,
            1.75,
            9.25,
            1.25
          ],
          "texture": "#0"
        },
        "down": {
          "uv": [
            1.75,
            9.25,
            1.5,
            9.75
          ],
          "texture": "#0"
        }
      }
    },
    {
      "from": [
        6.45,
        6.85784,
        4.28677
      ],
      "to": [
        6.45,
        8.85784,
        6.28677
      ],
      "rotation": {
        "angle": 45,
        "axis": "x",
        "origin": [
          7.9,
          5.67157,
          8
        ]
      },
      "faces": {
        "north": {
          "uv": [
            6.25,
            0,
            6.25,
            2
          ],
          "texture": "#1"
        },
        "east": {
          "uv": [
            2,
            0,
            4,
            2
          ],
          "texture": "#1"
        },
        "south": {
          "uv": [
            6.5,
            3.5,
            6.5,
            5.5
          ],
          "texture": "#1"
        },
        "west": {
          "uv": [
            4,
            0,
            2,
            2
          ],
          "texture": "#1"
        },
        "up": {
          "uv": [
            6.5,
            8.25,
            6.5,
            6.25
          ],
          "texture": "#1"
        },
        "down": {
          "uv": [
            6.75,
            1,
            6.75,
            3
          ],
          "texture": "#1"
        }
      }
    },
    {
      "from": [
        9.55,
        6.85784,
        4.28677
      ],
      "to": [
        9.55,
        8.85784,
        6.28677
      ],
      "rotation": {
        "angle": 45,
        "axis": "x",
        "origin": [
          11.1,
          5.67157,
          8
        ]
      },
      "faces": {
        "north": {
          "uv": [
            6.25,
            0,
            6.25,
            2
          ],
          "texture": "#1"
        },
        "east": {
          "uv": [
            2,
            0,
            4,
            2
          ],
          "texture": "#1"
        },
        "south": {
          "uv": [
            6.5,
            3.5,
            6.5,
            5.5
          ],
          "texture": "#1"
        },
        "west": {
          "uv": [
            4,
            0,
            2,
            2
          ],
          "texture": "#1"
        },
        "up": {
          "uv": [
            6.5,
            8.25,
            6.5,
            6.25
          ],
          "texture": "#1"
        },
        "down": {
          "uv": [
            6.75,
            1,
            6.75,
            3
          ],
          "texture": "#1"
        }
      }
    },
    {
      "from": [
        9.55,
        -5.14216,
        17.28677
      ],
      "to": [
        9.55,
        -4.14216,
        18.28677
      ],
      "rotation": {
        "angle": 45,
        "axis": "x",
        "origin": [
          11.1,
          5.67157,
          8
        ]
      },
      "faces": {
        "north": {
          "uv": [
            6.5,
            7.25,
            6.5,
            8.25
          ],
          "texture": "#1"
        },
        "east": {
          "uv": [
            0,
            2,
            1,
            3
          ],
          "texture": "#1"
        },
        "south": {
          "uv": [
            7.25,
            7.25,
            7.25,
            8.25
          ],
          "texture": "#1"
        },
        "west": {
          "uv": [
            0,
            2,
            1,
            3
          ],
          "texture": "#1"
        },
        "up": {
          "uv": [
            7.75,
            1,
            7.75,
            0
          ],
          "texture": "#1"
        },
        "down": {
          "uv": [
            7.75,
            4.25,
            7.75,
            5.25
          ],
          "texture": "#1"
        }
      }
    },
    {
      "from": [
        6.45,
        -5.14216,
        17.28677
      ],
      "to": [
        6.45,
        -4.14216,
        18.28677
      ],
      "rotation": {
        "angle": 45,
        "axis": "x",
        "origin": [
          7.9,
          5.67157,
          8
        ]
      },
      "faces": {
        "north": {
          "uv": [
            6.5,
            7.25,
            6.5,
            8.25
          ],
          "texture": "#1"
        },
        "east": {
          "uv": [
            0,
            2,
            1,
            3
          ],
          "texture": "#1"
        },
        "south": {
          "uv": [
            7.25,
            7.25,
            7.25,
            8.25
          ],
          "texture": "#1"
        },
        "west": {
          "uv": [
            0,
            2,
            1,
            3
          ],
          "texture": "#1"
        },
        "up": {
          "uv": [
            7.75,
            1,
            7.75,
            0
          ],
          "texture": "#1"
        },
        "down": {
          "uv": [
            7.75,
            4.25,
            7.75,
            5.25
          ],
          "texture": "#1"
        }
      }
    },
    {
      "from": [
        6.898,
        8.5844,
        10.48822
      ],
      "to": [
        6.902,
        9.5884,
        11.49222
      ],
      "rotation": {
        "angle": 22.5,
        "axis": "x",
        "origin": [
          7.9,
          8.5864,
          10.49022
        ]
      },
      "faces": {
        "north": {
          "uv": [
            8.75,
            5,
            8.75,
            6
          ],
          "texture": "#1"
        },
        "east": {
          "uv": [
            0,
            0,
            1,
            1
          ],
          "texture": "#1"
        },
        "south": {
          "uv": [
            8.75,
            5.5,
            8.75,
            6.5
          ],
          "texture": "#1"
        },
        "west": {
          "uv": [
            0,
            0,
            1,
            1
          ],
          "texture": "#1"
        },
        "up": {
          "uv": [
            0,
            9.25,
            0,
            8.25
          ],
          "texture": "#1"
        },
        "down": {
          "uv": [
            0.5,
            8.25,
            0.5,
            9.25
          ],
          "texture": "#1"
        }
      }
    },
    {
      "from": [
        9.098,
        8.5844,
        10.48822
      ],
      "to": [
        9.102,
        9.5884,
        11.49222
      ],
      "rotation": {
        "angle": 22.5,
        "axis": "x",
        "origin": [
          10.1,
          8.5864,
          10.49022
        ]
      },
      "faces": {
        "north": {
          "uv": [
            8.75,
            5,
            8.75,
            6
          ],
          "texture": "#1"
        },
        "east": {
          "uv": [
            0,
            0,
            1,
            1
          ],
          "texture": "#1"
        },
        "south": {
          "uv": [
            8.75,
            5.5,
            8.75,
            6.5
          ],
          "texture": "#1"
        },
        "west": {
          "uv": [
            0,
            0,
            1,
            1
          ],
          "texture": "#1"
        },
        "up": {
          "uv": [
            0,
            9.25,
            0,
            8.25
          ],
          "texture": "#1"
        },
        "down": {
          "uv": [
            0.5,
            8.25,
            0.5,
            9.25
          ],
          "texture": "#1"
        }
      }
    },
    {
      "from": [
        9.096,
        8.20063,
        3.93651
      ],
      "to": [
        9.1,
        9.20463,
        4.94051
      ],
      "rotation": {
        "angle": -22.5,
        "axis": "x",
        "origin": [
          7.998,
          8.20263,
          3.93851
        ]
      },
      "faces": {
        "north": {
          "uv": [
            8.75,
            5.5,
            8.75,
            6.5
          ],
          "texture": "#1"
        },
        "east": {
          "uv": [
            0,
            0,
            1,
            1
          ],
          "texture": "#1"
        },
        "south": {
          "uv": [
            8.75,
            5,
            8.75,
            6
          ],
          "texture": "#1"
        },
        "west": {
          "uv": [
            0,
            0,
            1,
            1
          ],
          "texture": "#1"
        },
        "up": {
          "uv": [
            0,
            8.25,
            0,
            9.25
          ],
          "texture": "#1"
        },
        "down": {
          "uv": [
            0.5,
            9.25,
            0.5,
            8.25
          ],
          "texture": "#1"
        }
      }
    },
    {
      "from": [
        6.9,
        8.20063,
        3.93651
      ],
      "to": [
        6.904,
        9.20463,
        4.94051
      ],
      "rotation": {
        "angle": -22.5,
        "axis": "x",
        "origin": [
          8.002,
          8.20263,
          3.93851
        ]
      },
      "faces": {
        "north": {
          "uv": [
            8.75,
            5.5,
            8.75,
            6.5
          ],
          "texture": "#1"
        },
        "east": {
          "uv": [
            1,
            0,
            0,
            1
          ],
          "texture": "#1"
        },
        "south": {
          "uv": [
            8.75,
            5,
            8.75,
            6
          ],
          "texture": "#1"
        },
        "west": {
          "uv": [
            1,
            0,
            0,
            1
          ],
          "texture": "#1"
        },
        "up": {
          "uv": [
            0,
            8.25,
            0,
            9.25
          ],
          "texture": "#1"
        },
        "down": {
          "uv": [
            0.5,
            9.25,
            0.5,
            8.25
          ],
          "texture": "#1"
        }
      }
    }
  ],
  "gui_light": "front"
}