{
  "texture_size": [
    64,
    64
  ],
  "elements": [
    {
      "from": [
        2.5,
        -1.5,
        2.5
      ],
      "to": [
        13.5,
        3.5,
        13.5
      ],
      "rotation": {
        "angle": -22.5,
        "axis": "x",
        "origin": [
          8,
          2,
          8
        ]
      },
      "faces": {
        "north": {
          "uv": [
            5.5,
            1.25,
            8.25,
            2.5
          ],
          "texture": "#0"
        },
        "east": {
          "uv": [
            8.25,
            3.75,
            5.5,
            5
          ],
          "texture": "#0"
        },
        "south": {
          "uv": [
            2.75,
            5.5,
            5.5,
            6.75
          ],
          "texture": "#0"
        },
        "west": {
          "uv": [
            5.5,
            3.75,
            8.25,
            5
          ],
          "texture": "#0"
        },
        "up": {
          "uv": [
            5.5,
            2.75,
            2.75,
            0
          ],
          "texture": "#0"
        },
        "down": {
          "uv": [
            5.5,
            2.75,
            2.75,
            5.5
          ],
          "texture": "#0"
        }
      }
    },
    {
      "from": [
        2.75,
        0.82612,
        3.38268
      ],
      "to": [
        13.25,
        8.82612,
        12.38268
      ],
      "rotation": {
        "angle": 0,
        "axis": "y",
        "origin": [
          8,
          1.07612,
          8.38268
        ]
      },
      "faces": {
        "north": {
          "uv": [
            8.25,
            5,
            11,
            7
          ],
          "texture": "#0"
        },
        "east": {
          "uv": [
            7.25,
            10,
            5,
            12
          ],
          "texture": "#0"
        },
        "south": {
          "uv": [
            0,
            8.5,
            2.75,
            10.5
          ],
          "texture": "#0"
        },
        "west": {
          "uv": [
            5,
            10,
            7.25,
            12
          ],
          "texture": "#0"
        },
        "up": {
          "uv": [
            8.25,
            10,
            5.5,
            7.75
          ],
          "texture": "#0"
        },
        "down": {
          "uv": [
            11,
            8,
            8.25,
            10.25
          ],
          "texture": "#0"
        }
      }
    },
    {
      "name": "cube inverted",
      "from": [
        13.25,
        8.82612,
        12.38268
      ],
      "to": [
        2.75,
        0.82612,
        3.38268
      ],
      "rotation": {
        "angle": 0,
        "axis": "y",
        "origin": [
          8,
          1.07612,
          8.38268
        ]
      },
      "faces": {
        "north": {
          "uv": [
            0,
            10.5,
            2.75,
            8.5
          ],
          "texture": "#0"
        },
        "east": {
          "uv": [
            5,
            12,
            7.25,
            10
          ],
          "texture": "#0"
        },
        "south": {
          "uv": [
            8.25,
            7,
            11,
            5
          ],
          "texture": "#0"
        },
        "west": {
          "uv": [
            7.25,
            12,
            5,
            10
          ],
          "texture": "#0"
        },
        "up": {
          "uv": [
            8.25,
            8,
            11,
            10.25
          ],
          "texture": "#0"
        },
        "down": {
          "uv": [
            5.5,
            10,
            8.25,
            7.75
          ],
          "texture": "#0"
        }
      }
    },
    {
      "from": [
        2.5,
        6.57612,
        -0.36732
      ],
      "to": [
        13.5,
        9.57612,
        10.63268
      ],
      "rotation": {
        "angle": 22.5,
        "axis": "x",
        "origin": [
          8,
          1.07612,
          8.38268
        ]
      },
      "faces": {
        "north": {
          "uv": [
            2.75,
            7.75,
            5.5,
            8.5
          ],
          "texture": "#0"
        },
        "east": {
          "uv": [
            11,
            0.75,
            8.25,
            1.5
          ],
          "texture": "#0"
        },
        "south": {
          "uv": [
            8.25,
            0,
            11,
            0.75
          ],
          "texture": "#0"
        },
        "west": {
          "uv": [
            8.25,
            0.75,
            11,
            1.5
          ],
          "texture": "#0"
        },
        "up": {
          "uv": [
            2.75,
            2.75,
            0,
            0
          ],
          "texture": "#0"
        },
        "down": {
          "uv": [
            2.75,
            2.75,
            0,
            5.5
          ],
          "texture": "#0"
        }
      }
    },
    {
      "from": [
        2.5,
        3.57612,
        -0.36732
      ],
      "to": [
        13.5,
        6.57612,
        -0.36732
      ],
      "rotation": {
        "angle": 22.5,
        "axis": "x",
        "origin": [
          8,
          1.07612,
          8.38268
        ]
      },
      "faces": {
        "north": {
          "uv": [
            5.5,
            2.5,
            8.25,
            3.25
          ],
          "texture": "#0"
        },
        "east": {
          "uv": [
            0,
            0,
            0,
            0.75
          ],
          "texture": "#0"
        },
        "south": {
          "uv": [
            8.25,
            2.5,
            5.5,
            3.25
          ],
          "texture": "#0"
        },
        "west": {
          "uv": [
            0,
            0,
            0,
            0.75
          ],
          "texture": "#0"
        },
        "up": {
          "uv": [
            2.75,
            0,
            0,
            0
          ],
          "texture": "#0"
        },
        "down": {
          "uv": [
            2.75,
            0,
            0,
            0
          ],
          "texture": "#0"
        }
      }
    },
    {
      "from": [
        2.5,
        4.13476,
        -0.80886
      ],
      "to": [
        13.5,
        7.13476,
        -0.80886
      ],
      "rotation": {
        "angle": -22.5,
        "axis": "x",
        "origin": [
          8,
          10.63476,
          7.94114
        ]
      },
      "faces": {
        "north": {
          "uv": [
            8.25,
            3.25,
            5.5,
            2.5
          ],
          "texture": "#0"
        },
        "east": {
          "uv": [
            0,
            0.75,
            0,
            0
          ],
          "texture": "#0"
        },
        "south": {
          "uv": [
            5.5,
            3.25,
            8.25,
            2.5
          ],
          "texture": "#0"
        },
        "west": {
          "uv": [
            0,
            0.75,
            0,
            0
          ],
          "texture": "#0"
        },
        "up": {
          "uv": [
            2.75,
            0,
            0,
            0
          ],
          "texture": "#0"
        },
        "down": {
          "uv": [
            2.75,
            0,
            0,
            0
          ],
          "texture": "#0"
        }
      }
    },
    {
      "from": [
        2.525,
        12.57264,
        4.08959
      ],
      "to": [
        13.475,
        14.57264,
        8.08959
      ],
      "rotation": {
        "angle": -22.5,
        "axis": "x",
        "origin": [
          8.025,
          12.07264,
          9.58959
        ]
      },
      "faces": {
        "north": {
          "uv": [
            8.25,
            1.5,
            11,
            2
          ],
          "texture": "#0"
        },
        "east": {
          "uv": [
            9,
            7,
            8.25,
            8
          ],
          "rotation": 90,
          "texture": "#0"
        },
        "south": {
          "uv": [
            8.25,
            2,
            11,
            2.5
          ],
          "texture": "#0"
        },
        "west": {
          "uv": [
            9,
            8,
            8.25,
            7
          ],
          "rotation": 90,
          "texture": "#0"
        },
        "up": {
          "uv": [
            8.25,
            6,
            5.5,
            5
          ],
          "texture": "#0"
        },
        "down": {
          "uv": [
            8.25,
            6,
            5.5,
            7
          ],
          "texture": "#0"
        }
      }
    },
    {
      "from": [
        2.525,
        7.22553,
        12.47855
      ],
      "to": [
        13.475,
        11.22553,
        14.47855
      ],
      "rotation": {
        "angle": -22.5,
        "axis": "x",
        "origin": [
          8.025,
          5.72553,
          11.97855
        ]
      },
      "faces": {
        "north": {
          "uv": [
            0,
            6.75,
            2.75,
            7.75
          ],
          "texture": "#0"
        },
        "east": {
          "uv": [
            9,
            8,
            8.25,
            7
          ],
          "texture": "#0"
        },
        "south": {
          "uv": [
            2.75,
            6.75,
            5.5,
            7.75
          ],
          "texture": "#0"
        },
        "west": {
          "uv": [
            8.25,
            8,
            9,
            7
          ],
          "texture": "#0"
        },
        "up": {
          "uv": [
            11,
            3,
            8.25,
            2.5
          ],
          "texture": "#0"
        },
        "down": {
          "uv": [
            11,
            3,
            8.25,
            3.5
          ],
          "texture": "#0"
        }
      }
    },
    {
      "from": [
        2.475,
        8.89385,
        5.87169
      ],
      "to": [
        13.525,
        11.89385,
        11.27169
      ],
      "rotation": {
        "angle": 22.5,
        "axis": "x",
        "origin": [
          7.975,
          9.39385,
          11.37169
        ]
      },
      "faces": {
        "north": {
          "uv": [
            5.5,
            7,
            8.25,
            7.75
          ],
          "texture": "#0"
        },
        "east": {
          "uv": [
            9.5,
            4.25,
            8.25,
            5
          ],
          "texture": "#0"
        },
        "south": {
          "uv": [
            0,
            7.75,
            2.75,
            8.5
          ],
          "texture": "#0"
        },
        "west": {
          "uv": [
            8.25,
            4.25,
            9.5,
            5
          ],
          "texture": "#0"
        },
        "up": {
          "uv": [
            2.75,
            6.75,
            0,
            5.5
          ],
          "texture": "#0"
        },
        "down": {
          "uv": [
            8.25,
            0,
            5.5,
            1.25
          ],
          "texture": "#0"
        }
      }
    }
  ],
  "gui_light": "front",
  "display": {
    "thirdperson_righthand": {
      "rotation": [
        50,
        0,
        0
      ],
      "translation": [
        0,
        3,
        1
      ],
      "scale": [
        0.7,
        0.7,
        0.7
      ]
    },
    "thirdperson_lefthand": {
      "rotation": [
        50,
        0,
        0
      ],
      "translation": [
        0,
        3,
        1
      ],
      "scale": [
        0.7,
        0.7,
        0.7
      ]
    },
    "firstperson_righthand": {
      "rotation": [
        0,
        10,
        0
      ],
      "translation": [
        0,
        4.5,
        0
      ],
      "scale": [
        0.6,
        0.6,
        0.6
      ]
    },
    "firstperson_lefthand": {
      "rotation": [
        0,
        10,
        0
      ],
      "translation": [
        0,
        4.5,
        0
      ],
      "scale": [
        0.6,
        0.6,
        0.6
      ]
    },
    "ground": {
      "translation": [
        0,
        7,
        0
      ],
      "scale": [
        0.7,
        0.7,
        0.7
      ]
    },
    "gui": {
      "rotation": [
        22.5,
        135,
        0
      ],
      "translation": [
        0,
        2.25,
        0
      ],
      "scale": [
        0.75,
        0.75,
        0.75
      ]
    },
    "head": {
      "translation": [
        0,
        3,
        0
      ],
      "scale": [
        1.61,
        1.61,
        1.61
      ]
    },
    "fixed": {
      "rotation": [
        -90,
        0,
        0
      ],
      "translation": [
        0,
        0,
        -26
      ],
      "scale": [
        2.4,
        2.4,
        2.4
      ]
    }
  }
}