{
  "display": {
    "thirdperson_righthand": {
      "rotation": [
        0,
        -3,
        0
      ],
      "translation": [
        0,
        4.5,
        0
      ],
      "scale": [
        0.75,
        0.75,
        0.75
      ]
    },
    "thirdperson_lefthand": {
      "rotation": [
        0,
        -3,
        0
      ],
      "translation": [
        0,
        4.5,
        0
      ],
      "scale": [
        0.75,
        0.75,
        0.75
      ]
    },
    "firstperson_righthand": {
      "rotation": [
        2,
        -10,
        0.5
      ],
      "translation": [
        1.5,
        5,
        -0.75
      ],
      "scale": [
        0.75,
        0.75,
        0.75
      ]
    },
    "firstperson_lefthand": {
      "rotation": [
        2,
        -10,
        0.5
      ],
      "translation": [
        1.25,
        5,
        -0.75
      ],
      "scale": [
        0.75,
        0.75,
        0.75
      ]
    },
    "ground": {
      "rotation": [
        10,
        0,
        20
      ],
      "translation": [
        -0.5,
        4,
        0
      ],
      "scale": [
        0.5,
        0.5,
        0.5
      ]
    },
    "gui": {
      "rotation": [
        -90,
        135,
        180
      ],
      "translation": [
        1.75,
        -1.5,
        0
      ],
      "scale": [
        0.6,
        0.6,
        0.6
      ]
    },
    "head": {
      "translation": [
        0,
        -3,
        0
      ],
      "scale": [
        1.2,
        1.2,
        1.2
      ]
    },
    "fixed": {
      "rotation": [
        90,
        -45,
        180
      ],
      "translation": [
        -2,
        -1.5,
        -4.5
      ],
      "scale": [
        0.7,
        0.7,
        0.7
      ]
    }
  },
  "textures": {
    "0": "civilization:item/tools/frog_crossbow/default",
    "1": "civilization:item/tools/frog_crossbow/anim",
    "particle": "civilization:item/tools/frog_crossbow/default"
  },
  "elements": [
    {
      "from": [
        6.32322,
        2,
        5.26178
      ],
      "to": [
        9.32322,
        4,
        18.26178
      ],
      "rotation": {
        "angle": 0,
        "axis": "y",
        "origin": [
          -0.17678,
          0,
          1.26178
        ]
      },
      "faces": {
        "north": {
          "uv": [
            4.5,
            4,
            5.25,
            4.5
          ],
          "texture": "#0"
        },
        "east": {
          "uv": [
            6,
            0.75,
            9.25,
            1.25
          ],
          "texture": "#0"
        },
        "south": {
          "uv": [
            7.25,
            3.5,
            8,
            4
          ],
          "texture": "#0"
        },
        "west": {
          "uv": [
            6,
            1.25,
            9.25,
            1.75
          ],
          "texture": "#0"
        },
        "up": {
          "uv": [
            2.25,
            7.75,
            1.5,
            4.5
          ],
          "texture": "#0"
        },
        "down": {
          "uv": [
            3,
            4.5,
            2.25,
            7.75
          ],
          "texture": "#0"
        }
      }
    },
    {
      "from": [
        5.82322,
        -0.5,
        18.26178
      ],
      "to": [
        9.82322,
        4.5,
        19.26178
      ],
      "rotation": {
        "angle": 0,
        "axis": "y",
        "origin": [
          0.32322,
          -0.5,
          1.26178
        ]
      },
      "faces": {
        "north": {
          "uv": [
            6.75,
            6.25,
            7.75,
            7.5
          ],
          "texture": "#0"
        },
        "east": {
          "uv": [
            1.25,
            11.5,
            1.5,
            12.75
          ],
          "texture": "#0"
        },
        "south": {
          "uv": [
            7.25,
            2.25,
            8.25,
            3.5
          ],
          "texture": "#0"
        },
        "west": {
          "uv": [
            6.5,
            11.5,
            6.75,
            12.75
          ],
          "texture": "#0"
        },
        "up": {
          "uv": [
            9.25,
            0.75,
            8.25,
            0.5
          ],
          "texture": "#0"
        },
        "down": {
          "uv": [
            9.25,
            3.25,
            8.25,
            3.5
          ],
          "texture": "#0"
        }
      }
    },
    {
      "from": [
        3.32322,
        2.5,
        8.26178
      ],
      "to": [
        6.32322,
        2.5,
        15.26178
      ],
      "rotation": {
        "angle": 0,
        "axis": "y",
        "origin": [
          -0.17678,
          -0.5,
          1.26178
        ]
      },
      "faces": {
        "north": {
          "uv": [
            0,
            0,
            0.75,
            0
          ],
          "texture": "#0"
        },
        "east": {
          "uv": [
            0,
            0,
            1.75,
            0
          ],
          "texture": "#0"
        },
        "south": {
          "uv": [
            0,
            0,
            0.75,
            0
          ],
          "texture": "#0"
        },
        "west": {
          "uv": [
            0,
            0,
            1.75,
            0
          ],
          "texture": "#0"
        },
        "up": {
          "uv": [
            5.25,
            8,
            4.5,
            6.25
          ],
          "texture": "#0"
        },
        "down": {
          "uv": [
            6,
            6.25,
            5.25,
            8
          ],
          "texture": "#0"
        }
      }
    },
    {
      "from": [
        9.32322,
        2.5,
        8.26178
      ],
      "to": [
        12.32322,
        2.5,
        15.26178
      ],
      "rotation": {
        "angle": 0,
        "axis": "y",
        "origin": [
          5.82322,
          -0.5,
          1.26178
        ]
      },
      "faces": {
        "north": {
          "uv": [
            0,
            0,
            0.75,
            0
          ],
          "texture": "#0"
        },
        "east": {
          "uv": [
            0,
            0,
            1.75,
            0
          ],
          "texture": "#0"
        },
        "south": {
          "uv": [
            0,
            0,
            0.75,
            0
          ],
          "texture": "#0"
        },
        "west": {
          "uv": [
            0,
            0,
            1.75,
            0
          ],
          "texture": "#0"
        },
        "up": {
          "uv": [
            6.75,
            8,
            6,
            6.25
          ],
          "texture": "#0"
        },
        "down": {
          "uv": [
            0.75,
            6.75,
            0,
            8.5
          ],
          "texture": "#0"
        }
      }
    },
    {
      "from": [
        7.32322,
        4,
        15.51178
      ],
      "to": [
        8.32322,
        6,
        15.51178
      ],
      "rotation": {
        "angle": 0,
        "axis": "y",
        "origin": [
          -0.17678,
          2,
          10.51178
        ]
      },
      "faces": {
        "north": {
          "uv": [
            2.75,
            7.75,
            3,
            8.25
          ],
          "texture": "#0"
        },
        "east": {
          "uv": [
            0,
            0,
            0,
            0.5
          ],
          "texture": "#0"
        },
        "south": {
          "uv": [
            10.25,
            4.25,
            10.5,
            4.75
          ],
          "texture": "#0"
        },
        "west": {
          "uv": [
            0,
            0,
            0,
            0.5
          ],
          "texture": "#0"
        },
        "up": {
          "uv": [
            0.25,
            0,
            0,
            0
          ],
          "texture": "#0"
        },
        "down": {
          "uv": [
            0.25,
            0,
            0,
            0
          ],
          "texture": "#0"
        }
      }
    },
    {
      "from": [
        7.32322,
        6,
        14.51178
      ],
      "to": [
        8.32322,
        6,
        15.51178
      ],
      "rotation": {
        "angle": 0,
        "axis": "y",
        "origin": [
          -0.17678,
          2,
          10.51178
        ]
      },
      "faces": {
        "north": {
          "uv": [
            0,
            0,
            0.25,
            0
          ],
          "texture": "#0"
        },
        "east": {
          "uv": [
            0,
            0,
            0.25,
            0
          ],
          "texture": "#0"
        },
        "south": {
          "uv": [
            0,
            0,
            0.25,
            0
          ],
          "texture": "#0"
        },
        "west": {
          "uv": [
            0,
            0,
            0.25,
            0
          ],
          "texture": "#0"
        },
        "up": {
          "uv": [
            9.5,
            3.5,
            9.25,
            3.25
          ],
          "texture": "#0"
        },
        "down": {
          "uv": [
            8.75,
            9.5,
            8.5,
            9.75
          ],
          "texture": "#0"
        }
      }
    },
    {
      "from": [
        7.82322,
        -0.75,
        6.01178
      ],
      "to": [
        7.82322,
        2.25,
        7.01178
      ],
      "rotation": {
        "angle": 0,
        "axis": "y",
        "origin": [
          7.82322,
          1.25,
          8.01178
        ]
      },
      "faces": {
        "north": {
          "uv": [
            0,
            0,
            0,
            0.75
          ],
          "texture": "#0"
        },
        "east": {
          "uv": [
            6.5,
            9,
            6.75,
            9.75
          ],
          "texture": "#0"
        },
        "south": {
          "uv": [
            0,
            0,
            0,
            0.75
          ],
          "texture": "#0"
        },
        "west": {
          "uv": [
            12,
            9.25,
            12.25,
            10
          ],
          "texture": "#0"
        },
        "up": {
          "uv": [
            0,
            0.25,
            0,
            0
          ],
          "texture": "#0"
        },
        "down": {
          "uv": [
            0,
            0,
            0,
            0.25
          ],
          "texture": "#0"
        }
      }
    },
    {
      "from": [
        6.82322,
        -2,
        7.26178
      ],
      "to": [
        8.82322,
        3,
        9.26178
      ],
      "rotation": {
        "angle": -22.5,
        "axis": "x",
        "origin": [
          7.82322,
          1,
          8.26178
        ]
      },
      "faces": {
        "north": {
          "uv": [
            6.25,
            9.75,
            6.75,
            11
          ],
          "texture": "#0"
        },
        "east": {
          "uv": [
            1.5,
            10,
            2,
            11.25
          ],
          "texture": "#0"
        },
        "south": {
          "uv": [
            2,
            10,
            2.5,
            11.25
          ],
          "texture": "#0"
        },
        "west": {
          "uv": [
            10,
            4.75,
            10.5,
            6
          ],
          "texture": "#0"
        },
        "up": {
          "uv": [
            10.75,
            0.5,
            10.25,
            0
          ],
          "texture": "#0"
        },
        "down": {
          "uv": [
            12,
            5.75,
            11.5,
            6.25
          ],
          "texture": "#0"
        }
      }
    },
    {
      "from": [
        3.78869,
        4.199,
        2.76914
      ],
      "to": [
        4.78869,
        4.199,
        16.76914
      ],
      "rotation": {
        "angle": 45,
        "axis": "y",
        "origin": [
          4.28869,
          4.199,
          11.26914
        ]
      },
      "faces": {
        "north": {
          "uv": [
            0,
            0,
            0.25,
            0
          ],
          "texture": "#0"
        },
        "east": {
          "uv": [
            0,
            0,
            3.5,
            0
          ],
          "texture": "#0"
        },
        "south": {
          "uv": [
            0,
            0,
            0.25,
            0
          ],
          "texture": "#0"
        },
        "west": {
          "uv": [
            0,
            0,
            3.5,
            0
          ],
          "texture": "#0"
        },
        "up": {
          "uv": [
            0.25,
            12,
            0,
            8.5
          ],
          "texture": "#0"
        },
        "down": {
          "uv": [
            0.5,
            8.5,
            0.25,
            12
          ],
          "texture": "#0"
        }
      }
    },
    {
      "from": [
        10.85975,
        4.199,
        2.76914
      ],
      "to": [
        11.85975,
        4.199,
        16.76914
      ],
      "rotation": {
        "angle": -45,
        "axis": "y",
        "origin": [
          11.35975,
          4.199,
          11.26914
        ]
      },
      "faces": {
        "north": {
          "uv": [
            0,
            0,
            0.25,
            0
          ],
          "texture": "#0"
        },
        "east": {
          "uv": [
            0,
            0,
            3.5,
            0
          ],
          "texture": "#0"
        },
        "south": {
          "uv": [
            0,
            0,
            0.25,
            0
          ],
          "texture": "#0"
        },
        "west": {
          "uv": [
            0,
            0,
            3.5,
            0
          ],
          "texture": "#0"
        },
        "up": {
          "uv": [
            0.75,
            12,
            0.5,
            8.5
          ],
          "texture": "#0"
        },
        "down": {
          "uv": [
            7,
            8.75,
            6.75,
            12.25
          ],
          "texture": "#0"
        }
      }
    },
    {
      "from": [
        3.32322,
        1,
        -1.73822
      ],
      "to": [
        12.32322,
        2,
        2.26178
      ],
      "rotation": {
        "angle": 0,
        "axis": "y",
        "origin": [
          -0.67678,
          0,
          1.26178
        ]
      },
      "faces": {
        "north": {
          "uv": [
            9.75,
            8.75,
            12,
            9
          ],
          "texture": "#0"
        },
        "east": {
          "uv": [
            11.75,
            3.25,
            12.75,
            3.5
          ],
          "texture": "#0"
        },
        "south": {
          "uv": [
            9.75,
            9,
            12,
            9.25
          ],
          "texture": "#0"
        },
        "west": {
          "uv": [
            11.75,
            3.5,
            12.75,
            3.75
          ],
          "texture": "#0"
        },
        "up": {
          "uv": [
            6.75,
            3.25,
            4.5,
            2.25
          ],
          "texture": "#0"
        },
        "down": {
          "uv": [
            5.25,
            4.5,
            3,
            5.5
          ],
          "texture": "#0"
        }
      }
    },
    {
      "from": [
        3.32322,
        2,
        -1.73822
      ],
      "to": [
        4.32322,
        5,
        2.26178
      ],
      "rotation": {
        "angle": 0,
        "axis": "y",
        "origin": [
          -6.67678,
          0,
          1.26178
        ]
      },
      "faces": {
        "north": {
          "uv": [
            12,
            10,
            12.25,
            10.75
          ],
          "texture": "#0"
        },
        "east": {
          "uv": [
            8.75,
            6.75,
            9.75,
            7.5
          ],
          "texture": "#0"
        },
        "south": {
          "uv": [
            12,
            10.75,
            12.25,
            11.5
          ],
          "texture": "#0"
        },
        "west": {
          "uv": [
            7,
            8.75,
            8,
            9.5
          ],
          "texture": "#0"
        },
        "up": {
          "uv": [
            12,
            5.25,
            11.75,
            4.25
          ],
          "texture": "#0"
        },
        "down": {
          "uv": [
            5.75,
            11.75,
            5.5,
            12.75
          ],
          "texture": "#0"
        }
      }
    },
    {
      "from": [
        4.32322,
        3.5,
        -0.23822
      ],
      "to": [
        11.32322,
        4.5,
        0.76178
      ],
      "rotation": {
        "angle": 0,
        "axis": "y",
        "origin": [
          -6.67678,
          0.5,
          2.76178
        ]
      },
      "faces": {
        "north": {
          "uv": [
            2.75,
            8.25,
            4.5,
            8.5
          ],
          "texture": "#0"
        },
        "east": {
          "uv": [
            8.75,
            9.5,
            9,
            9.75
          ],
          "texture": "#0"
        },
        "south": {
          "uv": [
            10.5,
            3.75,
            12.25,
            4
          ],
          "texture": "#0"
        },
        "west": {
          "uv": [
            1.5,
            9.75,
            1.75,
            10
          ],
          "texture": "#0"
        },
        "up": {
          "uv": [
            9.25,
            11,
            7.5,
            10.75
          ],
          "texture": "#0"
        },
        "down": {
          "uv": [
            11,
            10.75,
            9.25,
            11
          ],
          "texture": "#0"
        }
      }
    },
    {
      "from": [
        11.32322,
        2,
        -1.73822
      ],
      "to": [
        12.32322,
        5,
        2.26178
      ],
      "rotation": {
        "angle": 0,
        "axis": "y",
        "origin": [
          1.32322,
          0,
          1.26178
        ]
      },
      "faces": {
        "north": {
          "uv": [
            11,
            12,
            11.25,
            12.75
          ],
          "texture": "#0"
        },
        "east": {
          "uv": [
            8,
            8.75,
            9,
            9.5
          ],
          "texture": "#0"
        },
        "south": {
          "uv": [
            11.25,
            12,
            11.5,
            12.75
          ],
          "texture": "#0"
        },
        "west": {
          "uv": [
            0.75,
            9,
            1.75,
            9.75
          ],
          "texture": "#0"
        },
        "up": {
          "uv": [
            6,
            12.75,
            5.75,
            11.75
          ],
          "texture": "#0"
        },
        "down": {
          "uv": [
            7.25,
            11.75,
            7,
            12.75
          ],
          "texture": "#0"
        }
      }
    },
    {
      "from": [
        6.32322,
        0,
        -2.73822
      ],
      "to": [
        9.32322,
        2,
        5.26178
      ],
      "rotation": {
        "angle": 0,
        "axis": "y",
        "origin": [
          -0.17678,
          1,
          0.26178
        ]
      },
      "faces": {
        "north": {
          "uv": [
            10.75,
            9.25,
            11.5,
            9.75
          ],
          "texture": "#0"
        },
        "east": {
          "uv": [
            8,
            4.75,
            10,
            5.25
          ],
          "texture": "#0"
        },
        "south": {
          "uv": [
            10.75,
            10,
            11.5,
            10.5
          ],
          "texture": "#0"
        },
        "west": {
          "uv": [
            8,
            5.25,
            10,
            5.75
          ],
          "texture": "#0"
        },
        "up": {
          "uv": [
            3.75,
            8.25,
            3,
            6.25
          ],
          "texture": "#0"
        },
        "down": {
          "uv": [
            4.5,
            6.25,
            3.75,
            8.25
          ],
          "texture": "#0"
        }
      }
    },
    {
      "from": [
        6.32422,
        -0.26156,
        4.39666
      ],
      "to": [
        9.32222,
        2.73644,
        6.39466
      ],
      "rotation": {
        "angle": 45,
        "axis": "x",
        "origin": [
          7.82322,
          1.23744,
          6.14566
        ]
      },
      "faces": {
        "north": {
          "uv": [
            10,
            0.5,
            10.75,
            1.25
          ],
          "texture": "#0"
        },
        "east": {
          "uv": [
            11,
            2.25,
            11.5,
            3
          ],
          "texture": "#0"
        },
        "south": {
          "uv": [
            7,
            10,
            7.75,
            10.75
          ],
          "texture": "#0"
        },
        "west": {
          "uv": [
            2.5,
            11,
            3,
            11.75
          ],
          "texture": "#0"
        },
        "up": {
          "uv": [
            3.75,
            11.5,
            3,
            11
          ],
          "texture": "#0"
        },
        "down": {
          "uv": [
            6.75,
            11,
            6,
            11.5
          ],
          "texture": "#0"
        }
      }
    },
    {
      "from": [
        15.17219,
        3,
        1.46137
      ],
      "to": [
        19.17219,
        3,
        4.46137
      ],
      "rotation": {
        "angle": 22.5,
        "axis": "y",
        "origin": [
          11.90443,
          2,
          0.4865
        ]
      },
      "faces": {
        "north": {
          "uv": [
            0,
            0,
            1,
            0
          ],
          "texture": "#0"
        },
        "east": {
          "uv": [
            0,
            0,
            0.75,
            0
          ],
          "texture": "#0"
        },
        "south": {
          "uv": [
            0,
            0,
            1,
            0
          ],
          "texture": "#0"
        },
        "west": {
          "uv": [
            0,
            0,
            0.75,
            0
          ],
          "texture": "#0"
        },
        "up": {
          "uv": [
            1.5,
            7.75,
            0.75,
            6.75
          ],
          "rotation": 90,
          "texture": "#0"
        },
        "down": {
          "uv": [
            2.5,
            9,
            1.75,
            10
          ],
          "rotation": 270,
          "texture": "#0"
        }
      }
    },
    {
      "from": [
        15.17219,
        1.5,
        2.96137
      ],
      "to": [
        19.17219,
        4.5,
        2.96137
      ],
      "rotation": {
        "angle": 22.5,
        "axis": "y",
        "origin": [
          11.90443,
          2.5,
          0.4865
        ]
      },
      "faces": {
        "north": {
          "uv": [
            3.5,
            9,
            4.5,
            9.75
          ],
          "texture": "#0"
        },
        "east": {
          "uv": [
            0,
            0,
            0,
            0.75
          ],
          "texture": "#0"
        },
        "south": {
          "uv": [
            2.5,
            9,
            3.5,
            9.75
          ],
          "texture": "#0"
        },
        "west": {
          "uv": [
            0,
            0,
            0,
            0.75
          ],
          "texture": "#0"
        },
        "up": {
          "uv": [
            0,
            1,
            0,
            0
          ],
          "rotation": 90,
          "texture": "#0"
        },
        "down": {
          "uv": [
            0,
            0,
            0,
            1
          ],
          "rotation": 270,
          "texture": "#0"
        }
      }
    },
    {
      "from": [
        11.17219,
        2,
        -0.53863
      ],
      "to": [
        15.17219,
        4,
        1.46137
      ],
      "rotation": {
        "angle": 22.5,
        "axis": "y",
        "origin": [
          11.90443,
          3,
          0.4865
        ]
      },
      "faces": {
        "north": {
          "uv": [
            10.5,
            5.75,
            11.5,
            6.25
          ],
          "texture": "#0"
        },
        "east": {
          "uv": [
            11.75,
            5.25,
            12.25,
            5.75
          ],
          "texture": "#0"
        },
        "south": {
          "uv": [
            9.75,
            9.25,
            10.75,
            9.75
          ],
          "texture": "#0"
        },
        "west": {
          "uv": [
            11.75,
            6.25,
            12.25,
            6.75
          ],
          "texture": "#0"
        },
        "up": {
          "uv": [
            7.25,
            3.25,
            6.75,
            2.25
          ],
          "rotation": 90,
          "texture": "#0"
        },
        "down": {
          "uv": [
            4.5,
            10.75,
            4,
            11.75
          ],
          "rotation": 270,
          "texture": "#0"
        }
      }
    },
    {
      "from": [
        13.17219,
        2,
        1.46137
      ],
      "to": [
        15.17219,
        4,
        9.46137
      ],
      "rotation": {
        "angle": 22.5,
        "axis": "y",
        "origin": [
          11.90443,
          3,
          0.4865
        ]
      },
      "faces": {
        "north": {
          "uv": [
            7.75,
            11.75,
            8.25,
            12.25
          ],
          "texture": "#0"
        },
        "east": {
          "uv": [
            8,
            5.75,
            10,
            6.25
          ],
          "texture": "#0"
        },
        "south": {
          "uv": [
            7.25,
            11.75,
            7.75,
            12.25
          ],
          "texture": "#0"
        },
        "west": {
          "uv": [
            8.25,
            0,
            10.25,
            0.5
          ],
          "texture": "#0"
        },
        "up": {
          "uv": [
            10.25,
            2.75,
            8.25,
            2.25
          ],
          "rotation": 90,
          "texture": "#0"
        },
        "down": {
          "uv": [
            10.25,
            2.75,
            8.25,
            3.25
          ],
          "rotation": 270,
          "texture": "#0"
        }
      }
    },
    {
      "from": [
        12.92219,
        1.75,
        6.21137
      ],
      "to": [
        15.42219,
        4.25,
        8.71137
      ],
      "rotation": {
        "angle": 22.5,
        "axis": "y",
        "origin": [
          11.90443,
          3,
          0.4865
        ]
      },
      "faces": {
        "north": {
          "uv": [
            9.75,
            11.75,
            10.25,
            12.25
          ],
          "texture": "#0"
        },
        "east": {
          "uv": [
            8.25,
            11.75,
            8.75,
            12.25
          ],
          "texture": "#0"
        },
        "south": {
          "uv": [
            8.75,
            11.75,
            9.25,
            12.25
          ],
          "texture": "#0"
        },
        "west": {
          "uv": [
            9.25,
            11.75,
            9.75,
            12.25
          ],
          "texture": "#0"
        },
        "up": {
          "uv": [
            10.75,
            12.25,
            10.25,
            11.75
          ],
          "rotation": 90,
          "texture": "#0"
        },
        "down": {
          "uv": [
            0.5,
            12,
            0,
            12.5
          ],
          "rotation": 270,
          "texture": "#0"
        }
      }
    },
    {
      "from": [
        14.67219,
        1.5,
        -1.03863
      ],
      "to": [
        15.67219,
        4.5,
        9.96137
      ],
      "rotation": {
        "angle": 22.5,
        "axis": "y",
        "origin": [
          11.90443,
          2.5,
          0.4865
        ]
      },
      "faces": {
        "north": {
          "uv": [
            0.75,
            12.25,
            1,
            13
          ],
          "texture": "#0"
        },
        "east": {
          "uv": [
            4.5,
            3.25,
            7.25,
            4
          ],
          "texture": "#0"
        },
        "south": {
          "uv": [
            12,
            11.5,
            12.25,
            12.25
          ],
          "texture": "#0"
        },
        "west": {
          "uv": [
            5.25,
            4,
            8,
            4.75
          ],
          "texture": "#0"
        },
        "up": {
          "uv": [
            12.5,
            7.5,
            9.75,
            7.25
          ],
          "rotation": 90,
          "texture": "#0"
        },
        "down": {
          "uv": [
            12.5,
            8.25,
            9.75,
            8.5
          ],
          "rotation": 270,
          "texture": "#0"
        }
      }
    },
    {
      "from": [
        11.67219,
        1.5,
        8.96137
      ],
      "to": [
        14.67219,
        4.5,
        9.96137
      ],
      "rotation": {
        "angle": 22.5,
        "axis": "y",
        "origin": [
          11.90443,
          2.5,
          0.4865
        ]
      },
      "faces": {
        "north": {
          "uv": [
            8.5,
            10,
            9.25,
            10.75
          ],
          "texture": "#0"
        },
        "east": {
          "uv": [
            1,
            12.25,
            1.25,
            13
          ],
          "texture": "#0"
        },
        "south": {
          "uv": [
            7.75,
            10,
            8.5,
            10.75
          ],
          "texture": "#0"
        },
        "west": {
          "uv": [
            12.25,
            2.5,
            12.5,
            3.25
          ],
          "texture": "#0"
        },
        "up": {
          "uv": [
            3.25,
            13,
            3,
            12.25
          ],
          "rotation": 90,
          "texture": "#0"
        },
        "down": {
          "uv": [
            3.5,
            12.25,
            3.25,
            13
          ],
          "rotation": 270,
          "texture": "#0"
        }
      }
    },
    {
      "from": [
        -3.30698,
        1.5,
        2.87206
      ],
      "to": [
        0.69302,
        4.5,
        2.87206
      ],
      "rotation": {
        "angle": -22.5,
        "axis": "y",
        "origin": [
          3.62868,
          3,
          -0.09913
        ]
      },
      "faces": {
        "north": {
          "uv": [
            4.5,
            9,
            5.5,
            9.75
          ],
          "texture": "#0"
        },
        "east": {
          "uv": [
            0,
            0,
            0,
            0.75
          ],
          "texture": "#0"
        },
        "south": {
          "uv": [
            5.5,
            9,
            6.5,
            9.75
          ],
          "texture": "#0"
        },
        "west": {
          "uv": [
            0,
            0,
            0,
            0.75
          ],
          "texture": "#0"
        },
        "up": {
          "uv": [
            0,
            1,
            0,
            0
          ],
          "rotation": 270,
          "texture": "#0"
        },
        "down": {
          "uv": [
            0,
            0,
            0,
            1
          ],
          "rotation": 90,
          "texture": "#0"
        }
      }
    },
    {
      "from": [
        -3.30698,
        3,
        1.37206
      ],
      "to": [
        0.69302,
        3,
        4.37206
      ],
      "rotation": {
        "angle": -22.5,
        "axis": "y",
        "origin": [
          3.62868,
          3,
          -0.09913
        ]
      },
      "faces": {
        "north": {
          "uv": [
            0,
            0,
            1,
            0
          ],
          "texture": "#0"
        },
        "east": {
          "uv": [
            0,
            0,
            0.75,
            0
          ],
          "texture": "#0"
        },
        "south": {
          "uv": [
            0,
            0,
            1,
            0
          ],
          "texture": "#0"
        },
        "west": {
          "uv": [
            0,
            0,
            0.75,
            0
          ],
          "texture": "#0"
        },
        "up": {
          "uv": [
            9.75,
            9.75,
            9,
            8.75
          ],
          "rotation": 270,
          "texture": "#0"
        },
        "down": {
          "uv": [
            10,
            0.5,
            9.25,
            1.5
          ],
          "rotation": 90,
          "texture": "#0"
        }
      }
    },
    {
      "from": [
        0.44302,
        1.75,
        6.12206
      ],
      "to": [
        2.94302,
        4.25,
        8.62206
      ],
      "rotation": {
        "angle": -22.5,
        "axis": "y",
        "origin": [
          3.62868,
          3,
          -0.09913
        ]
      },
      "faces": {
        "north": {
          "uv": [
            12,
            0.5,
            12.5,
            1
          ],
          "texture": "#0"
        },
        "east": {
          "uv": [
            12,
            1,
            12.5,
            1.5
          ],
          "texture": "#0"
        },
        "south": {
          "uv": [
            1.5,
            12,
            2,
            12.5
          ],
          "texture": "#0"
        },
        "west": {
          "uv": [
            12,
            0,
            12.5,
            0.5
          ],
          "texture": "#0"
        },
        "up": {
          "uv": [
            12.5,
            2,
            12,
            1.5
          ],
          "rotation": 270,
          "texture": "#0"
        },
        "down": {
          "uv": [
            2.5,
            12,
            2,
            12.5
          ],
          "rotation": 90,
          "texture": "#0"
        }
      }
    },
    {
      "from": [
        1.19302,
        1.5,
        8.87206
      ],
      "to": [
        4.19302,
        4.5,
        9.87206
      ],
      "rotation": {
        "angle": -22.5,
        "axis": "y",
        "origin": [
          3.62868,
          3,
          -0.09913
        ]
      },
      "faces": {
        "north": {
          "uv": [
            9.25,
            7.5,
            10,
            8.25
          ],
          "texture": "#0"
        },
        "east": {
          "uv": [
            3.75,
            12.25,
            4,
            13
          ],
          "texture": "#0"
        },
        "south": {
          "uv": [
            9.75,
            3.25,
            10.5,
            4
          ],
          "texture": "#0"
        },
        "west": {
          "uv": [
            3.5,
            12.25,
            3.75,
            13
          ],
          "texture": "#0"
        },
        "up": {
          "uv": [
            11,
            12.75,
            10.75,
            11.75
          ],
          "rotation": 270,
          "texture": "#0"
        },
        "down": {
          "uv": [
            0.75,
            12,
            0.5,
            13
          ],
          "rotation": 90,
          "texture": "#0"
        }
      }
    },
    {
      "from": [
        0.19302,
        1.5,
        -1.12794
      ],
      "to": [
        1.19302,
        4.5,
        9.87206
      ],
      "rotation": {
        "angle": -22.5,
        "axis": "y",
        "origin": [
          3.62868,
          3,
          -0.09913
        ]
      },
      "faces": {
        "north": {
          "uv": [
            6,
            12.25,
            6.25,
            13
          ],
          "texture": "#0"
        },
        "east": {
          "uv": [
            3,
            5.5,
            5.75,
            6.25
          ],
          "texture": "#0"
        },
        "south": {
          "uv": [
            6.25,
            12.25,
            6.5,
            13
          ],
          "texture": "#0"
        },
        "west": {
          "uv": [
            5.25,
            4.75,
            8,
            5.5
          ],
          "texture": "#0"
        },
        "up": {
          "uv": [
            11.25,
            10,
            8.5,
            9.75
          ],
          "rotation": 270,
          "texture": "#0"
        },
        "down": {
          "uv": [
            12.5,
            8.5,
            9.75,
            8.75
          ],
          "rotation": 90,
          "texture": "#0"
        }
      }
    },
    {
      "from": [
        0.69302,
        2,
        1.37206
      ],
      "to": [
        2.69302,
        4,
        9.37206
      ],
      "rotation": {
        "angle": -22.5,
        "axis": "y",
        "origin": [
          3.62868,
          3,
          -0.09913
        ]
      },
      "faces": {
        "north": {
          "uv": [
            12,
            2,
            12.5,
            2.5
          ],
          "texture": "#0"
        },
        "east": {
          "uv": [
            2.75,
            8.5,
            4.75,
            9
          ],
          "texture": "#0"
        },
        "south": {
          "uv": [
            12,
            4.25,
            12.5,
            4.75
          ],
          "texture": "#0"
        },
        "west": {
          "uv": [
            7.75,
            8.25,
            9.75,
            8.75
          ],
          "texture": "#0"
        },
        "up": {
          "uv": [
            6.75,
            9,
            4.75,
            8.5
          ],
          "rotation": 270,
          "texture": "#0"
        },
        "down": {
          "uv": [
            10.75,
            6.25,
            8.75,
            6.75
          ],
          "rotation": 90,
          "texture": "#0"
        }
      }
    },
    {
      "from": [
        0.69302,
        2,
        -0.62794
      ],
      "to": [
        4.69302,
        4,
        1.37206
      ],
      "rotation": {
        "angle": -22.5,
        "axis": "y",
        "origin": [
          3.62868,
          3,
          -0.09913
        ]
      },
      "faces": {
        "north": {
          "uv": [
            4.5,
            10.75,
            5.5,
            11.25
          ],
          "texture": "#0"
        },
        "east": {
          "uv": [
            12,
            4.75,
            12.5,
            5.25
          ],
          "texture": "#0"
        },
        "south": {
          "uv": [
            10.75,
            6.25,
            11.75,
            6.75
          ],
          "texture": "#0"
        },
        "west": {
          "uv": [
            4.5,
            12,
            5,
            12.5
          ],
          "texture": "#0"
        },
        "up": {
          "uv": [
            6,
            11.75,
            5.5,
            10.75
          ],
          "rotation": 270,
          "texture": "#0"
        },
        "down": {
          "uv": [
            7.5,
            10.75,
            7,
            11.75
          ],
          "rotation": 90,
          "texture": "#0"
        }
      }
    },
    {
      "name": "in",
      "from": [
        10.82322,
        2.52141,
        -4.97678
      ],
      "to": [
        4.82322,
        5.52141,
        4.02322
      ],
      "rotation": {
        "angle": 22.5,
        "axis": "x",
        "origin": [
          13.82322,
          3.52402,
          3.98882
        ]
      },
      "faces": {
        "north": {
          "uv": [
            7.75,
            7.5,
            9.25,
            8.25
          ],
          "texture": "#0"
        },
        "east": {
          "uv": [
            5.75,
            5.5,
            8,
            6.25
          ],
          "texture": "#0"
        },
        "south": {
          "uv": [
            8,
            3.5,
            9.5,
            4.25
          ],
          "texture": "#0"
        },
        "west": {
          "uv": [
            6,
            0,
            8.25,
            0.75
          ],
          "texture": "#0"
        },
        "up": {
          "uv": [
            1.5,
            2.25,
            0,
            0
          ],
          "texture": "#0"
        },
        "down": {
          "uv": [
            3,
            0,
            1.5,
            2.25
          ],
          "texture": "#0"
        }
      }
    },
    {
      "name": "out",
      "from": [
        4.82222,
        2.52041,
        -4.97778
      ],
      "to": [
        10.82422,
        5.52241,
        4.02422
      ],
      "rotation": {
        "angle": 22.5,
        "axis": "x",
        "origin": [
          7.82322,
          3.52402,
          3.98882
        ]
      },
      "faces": {
        "north": {
          "uv": [
            7.75,
            7.5,
            9.25,
            8.25
          ],
          "texture": "#0"
        },
        "east": {
          "uv": [
            5.75,
            5.5,
            8,
            6.25
          ],
          "texture": "#0"
        },
        "south": {
          "uv": [
            8,
            3.5,
            9.5,
            4.25
          ],
          "texture": "#0"
        },
        "west": {
          "uv": [
            6,
            0,
            8.25,
            0.75
          ],
          "texture": "#0"
        },
        "up": {
          "uv": [
            1.5,
            2.25,
            0,
            0
          ],
          "texture": "#0"
        },
        "down": {
          "uv": [
            3,
            0,
            1.5,
            2.25
          ],
          "texture": "#0"
        }
      }
    },
    {
      "name": "head",
      "from": [
        4.82322,
        4.42141,
        -4.97678
      ],
      "to": [
        10.82322,
        4.42141,
        4.02322
      ],
      "rotation": {
        "angle": 22.5,
        "axis": "x",
        "origin": [
          7.82322,
          3.52402,
          3.98882
        ]
      },
      "faces": {
        "north": {
          "uv": [
            0,
            0,
            1.5,
            0
          ],
          "texture": "#0"
        },
        "east": {
          "uv": [
            0,
            0,
            2.25,
            0
          ],
          "texture": "#0"
        },
        "south": {
          "uv": [
            0,
            0,
            1.5,
            0
          ],
          "texture": "#0"
        },
        "west": {
          "uv": [
            0,
            0,
            2.25,
            0
          ],
          "texture": "#0"
        },
        "up": {
          "uv": [
            1.5,
            4.5,
            0,
            2.25
          ],
          "texture": "#0"
        },
        "down": {
          "uv": [
            3,
            2.25,
            1.5,
            4.5
          ],
          "texture": "#0"
        }
      }
    },
    {
      "name": "left_eye",
      "from": [
        4.83322,
        4.75238,
        -4.07245
      ],
      "to": [
        6.83322,
        7.75238,
        -1.07245
      ],
      "rotation": {
        "angle": 22.5,
        "axis": "x",
        "origin": [
          7.82322,
          3.52402,
          3.98882
        ]
      },
      "faces": {
        "north": {
          "uv": [
            7.5,
            11,
            8,
            11.75
          ],
          "texture": "#0"
        },
        "east": {
          "uv": [
            9.25,
            10,
            10,
            10.75
          ],
          "texture": "#0"
        },
        "south": {
          "uv": [
            11,
            7.5,
            11.5,
            8.25
          ],
          "texture": "#0"
        },
        "west": {
          "uv": [
            10,
            10,
            10.75,
            10.75
          ],
          "texture": "#0"
        },
        "up": {
          "uv": [
            8.5,
            11.75,
            8,
            11
          ],
          "texture": "#0"
        },
        "down": {
          "uv": [
            9,
            11,
            8.5,
            11.75
          ],
          "texture": "#0"
        }
      }
    },
    {
      "name": "right_eye",
      "from": [
        8.81322,
        4.75238,
        -4.07245
      ],
      "to": [
        10.81322,
        7.75238,
        -1.07245
      ],
      "rotation": {
        "angle": 22.5,
        "axis": "x",
        "origin": [
          7.82322,
          3.52402,
          3.98882
        ]
      },
      "faces": {
        "north": {
          "uv": [
            9,
            11,
            9.5,
            11.75
          ],
          "texture": "#0"
        },
        "east": {
          "uv": [
            10.25,
            2.25,
            11,
            3
          ],
          "texture": "#0"
        },
        "south": {
          "uv": [
            9.5,
            11,
            10,
            11.75
          ],
          "texture": "#0"
        },
        "west": {
          "uv": [
            2.5,
            10.25,
            3.25,
            11
          ],
          "texture": "#0"
        },
        "up": {
          "uv": [
            10.5,
            11.75,
            10,
            11
          ],
          "texture": "#0"
        },
        "down": {
          "uv": [
            11,
            11,
            10.5,
            11.75
          ],
          "texture": "#0"
        }
      }
    },
    {
      "name": "right_eye",
      "from": [
        8.91322,
        4.60238,
        -3.97245
      ],
      "to": [
        10.71322,
        7.40238,
        -1.17245
      ],
      "rotation": {
        "angle": 22.5,
        "axis": "x",
        "origin": [
          7.82322,
          3.52402,
          3.98882
        ]
      },
      "faces": {
        "north": {
          "uv": [
            3,
            4,
            5,
            7
          ],
          "texture": "#1"
        },
        "east": {
          "uv": [
            0,
            4,
            3,
            7
          ],
          "texture": "#1"
        },
        "west": {
          "uv": [
            5,
            4,
            8,
            7
          ],
          "texture": "#1"
        }
      }
    },
    {
      "name": "left_eye",
      "from": [
        4.93322,
        4.60238,
        -3.97245
      ],
      "to": [
        6.73322,
        7.40238,
        -1.17245
      ],
      "rotation": {
        "angle": 22.5,
        "axis": "x",
        "origin": [
          7.82322,
          3.52402,
          3.98882
        ]
      },
      "faces": {
        "north": {
          "uv": [
            3,
            0,
            5,
            3
          ],
          "texture": "#1"
        },
        "east": {
          "uv": [
            0,
            0,
            3,
            3
          ],
          "texture": "#1"
        },
        "west": {
          "uv": [
            5,
            0,
            8,
            3
          ],
          "texture": "#1"
        }
      }
    },
    {
      "name": "in",
      "from": [
        10.82322,
        1.5,
        -4.98822
      ],
      "to": [
        4.82322,
        3.5,
        4.01178
      ],
      "rotation": {
        "angle": 0,
        "axis": "y",
        "origin": [
          13.82322,
          3.52402,
          3.98882
        ]
      },
      "faces": {
        "north": {
          "uv": [
            7,
            9.5,
            8.5,
            10
          ],
          "texture": "#0"
        },
        "east": {
          "uv": [
            8,
            4.25,
            10.25,
            4.75
          ],
          "texture": "#0"
        },
        "south": {
          "uv": [
            2.5,
            9.75,
            4,
            10.25
          ],
          "texture": "#0"
        },
        "west": {
          "uv": [
            4.5,
            8,
            6.75,
            8.5
          ],
          "texture": "#0"
        },
        "up": {
          "uv": [
            4.5,
            2.25,
            3,
            0
          ],
          "texture": "#0"
        },
        "down": {
          "uv": [
            4.5,
            2.25,
            3,
            4.5
          ],
          "texture": "#0"
        }
      }
    },
    {
      "name": "out",
      "from": [
        4.82222,
        1.499,
        -4.98922
      ],
      "to": [
        10.82422,
        3.501,
        4.01278
      ],
      "rotation": {
        "angle": 0,
        "axis": "y",
        "origin": [
          7.82322,
          3.52402,
          3.98882
        ]
      },
      "faces": {
        "north": {
          "uv": [
            7,
            9.5,
            8.5,
            10
          ],
          "texture": "#0"
        },
        "east": {
          "uv": [
            8,
            4.25,
            10.25,
            4.75
          ],
          "texture": "#0"
        },
        "south": {
          "uv": [
            2.5,
            9.75,
            4,
            10.25
          ],
          "texture": "#0"
        },
        "west": {
          "uv": [
            4.5,
            8,
            6.75,
            8.5
          ],
          "texture": "#0"
        },
        "up": {
          "uv": [
            4.5,
            2.25,
            3,
            0
          ],
          "texture": "#0"
        },
        "down": {
          "uv": [
            4.5,
            2.25,
            3,
            4.5
          ],
          "texture": "#0"
        }
      }
    },
    {
      "name": "body",
      "from": [
        7.32322,
        2.5,
        -5.98822
      ],
      "to": [
        8.32322,
        3.5,
        -0.98822
      ],
      "rotation": {
        "angle": 0,
        "axis": "y",
        "origin": [
          7.82322,
          3.52402,
          3.98882
        ]
      },
      "faces": {
        "north": {
          "uv": [
            10,
            6,
            10.25,
            6.25
          ],
          "texture": "#0"
        },
        "east": {
          "uv": [
            10,
            1.25,
            10.75,
            1.5
          ],
          "texture": "#0"
        },
        "south": {
          "uv": [
            10.25,
            3,
            10.5,
            3.25
          ],
          "texture": "#0"
        },
        "west": {
          "uv": [
            12,
            8,
            12.75,
            8.25
          ],
          "texture": "#0"
        },
        "up": {
          "uv": [
            7,
            13,
            6.75,
            12.25
          ],
          "texture": "#0"
        },
        "down": {
          "uv": [
            7.5,
            12.25,
            7.25,
            13
          ],
          "texture": "#0"
        }
      }
    },
    {
      "name": "body",
      "from": [
        4.82322,
        2.5,
        -4.98822
      ],
      "to": [
        10.82322,
        2.5,
        4.01178
      ],
      "rotation": {
        "angle": 0,
        "axis": "y",
        "origin": [
          7.82322,
          3.52402,
          3.98882
        ]
      },
      "faces": {
        "north": {
          "uv": [
            0,
            0,
            1.5,
            0
          ],
          "texture": "#0"
        },
        "east": {
          "uv": [
            0,
            0,
            2.25,
            0
          ],
          "texture": "#0"
        },
        "south": {
          "uv": [
            0,
            0,
            1.5,
            0
          ],
          "texture": "#0"
        },
        "west": {
          "uv": [
            0,
            0,
            2.25,
            0
          ],
          "texture": "#0"
        },
        "up": {
          "uv": [
            1.5,
            6.75,
            0,
            4.5
          ],
          "texture": "#0"
        },
        "down": {
          "uv": [
            6,
            0,
            4.5,
            2.25
          ],
          "texture": "#0"
        }
      }
    },
    {
      "name": "right_arm",
      "from": [
        10.92322,
        0.36627,
        -5.16733
      ],
      "to": [
        12.92322,
        3.36627,
        -3.16733
      ],
      "rotation": {
        "angle": 45,
        "axis": "x",
        "origin": [
          11.42322,
          1.11127,
          -4.41733
        ]
      },
      "faces": {
        "north": {
          "uv": [
            11,
            11.25,
            11.5,
            12
          ],
          "texture": "#0"
        },
        "east": {
          "uv": [
            11.5,
            0,
            12,
            0.75
          ],
          "texture": "#0"
        },
        "south": {
          "uv": [
            0.75,
            11.5,
            1.25,
            12.25
          ],
          "texture": "#0"
        },
        "west": {
          "uv": [
            11.5,
            0.75,
            12,
            1.5
          ],
          "texture": "#0"
        },
        "up": {
          "uv": [
            5.5,
            12.5,
            5,
            12
          ],
          "texture": "#0"
        },
        "down": {
          "uv": [
            12.5,
            5.75,
            12,
            6.25
          ],
          "texture": "#0"
        }
      }
    },
    {
      "name": "right_arm",
      "from": [
        8.92322,
        0.35627,
        -7.16733
      ],
      "to": [
        12.92322,
        0.35627,
        -2.16733
      ],
      "rotation": {
        "angle": 45,
        "axis": "x",
        "origin": [
          11.42322,
          1.11127,
          -4.41733
        ]
      },
      "faces": {
        "north": {
          "uv": [
            0,
            0,
            1,
            0
          ],
          "texture": "#0"
        },
        "east": {
          "uv": [
            0,
            0,
            1.25,
            0
          ],
          "texture": "#0"
        },
        "south": {
          "uv": [
            0,
            0,
            1,
            0
          ],
          "texture": "#0"
        },
        "west": {
          "uv": [
            0,
            0,
            1.25,
            0
          ],
          "texture": "#0"
        },
        "up": {
          "uv": [
            7.75,
            8.75,
            6.75,
            7.5
          ],
          "texture": "#0"
        },
        "down": {
          "uv": [
            1.75,
            7.75,
            0.75,
            9
          ],
          "texture": "#0"
        }
      }
    },
    {
      "name": "left_arm",
      "from": [
        2.75,
        -0.03962,
        -4.22024
      ],
      "to": [
        4.75,
        2.96038,
        -2.22024
      ],
      "rotation": {
        "angle": 45,
        "axis": "x",
        "origin": [
          7.92322,
          2.05157,
          -3.45382
        ]
      },
      "faces": {
        "north": {
          "uv": [
            11.5,
            1.75,
            12,
            2.5
          ],
          "texture": "#0"
        },
        "east": {
          "uv": [
            3,
            11.5,
            3.5,
            12.25
          ],
          "texture": "#0"
        },
        "south": {
          "uv": [
            3.5,
            11.5,
            4,
            12.25
          ],
          "texture": "#0"
        },
        "west": {
          "uv": [
            6,
            11.5,
            6.5,
            12.25
          ],
          "texture": "#0"
        },
        "up": {
          "uv": [
            12.5,
            8,
            12,
            7.5
          ],
          "texture": "#0"
        },
        "down": {
          "uv": [
            12.5,
            8.75,
            12,
            9.25
          ],
          "texture": "#0"
        }
      }
    },
    {
      "name": "left_arm",
      "from": [
        2.75,
        -0.04962,
        -6.22024
      ],
      "to": [
        6.75,
        -0.04962,
        -1.22024
      ],
      "rotation": {
        "angle": 45,
        "axis": "x",
        "origin": [
          7.92322,
          2.05157,
          -3.45382
        ]
      },
      "faces": {
        "north": {
          "uv": [
            0,
            0,
            1,
            0
          ],
          "texture": "#0"
        },
        "east": {
          "uv": [
            0,
            0,
            1.25,
            0
          ],
          "texture": "#0"
        },
        "south": {
          "uv": [
            0,
            0,
            1,
            0
          ],
          "texture": "#0"
        },
        "west": {
          "uv": [
            0,
            0,
            1.25,
            0
          ],
          "texture": "#0"
        },
        "up": {
          "uv": [
            2.75,
            9,
            1.75,
            7.75
          ],
          "texture": "#0"
        },
        "down": {
          "uv": [
            8.75,
            6.25,
            7.75,
            7.5
          ],
          "texture": "#0"
        }
      }
    },
    {
      "name": "left_leg",
      "from": [
        3.32322,
        -0.12326,
        3.34621
      ],
      "to": [
        5.32322,
        2.87674,
        6.34621
      ],
      "rotation": {
        "angle": 22.5,
        "axis": "x",
        "origin": [
          7.82322,
          3.52402,
          3.98882
        ]
      },
      "faces": {
        "north": {
          "uv": [
            11.5,
            7.5,
            12,
            8.25
          ],
          "texture": "#0"
        },
        "east": {
          "uv": [
            10.5,
            5,
            11.25,
            5.75
          ],
          "texture": "#0"
        },
        "south": {
          "uv": [
            11.5,
            9.25,
            12,
            10
          ],
          "texture": "#0"
        },
        "west": {
          "uv": [
            10.75,
            0,
            11.5,
            0.75
          ],
          "texture": "#0"
        },
        "up": {
          "uv": [
            12,
            10.75,
            11.5,
            10
          ],
          "texture": "#0"
        },
        "down": {
          "uv": [
            12,
            10.75,
            11.5,
            11.5
          ],
          "texture": "#0"
        }
      }
    },
    {
      "name": "left_leg",
      "from": [
        1.32322,
        -0.13326,
        1.34621
      ],
      "to": [
        4.32322,
        -0.13326,
        5.34621
      ],
      "rotation": {
        "angle": 22.5,
        "axis": "x",
        "origin": [
          7.82322,
          3.52402,
          3.98882
        ]
      },
      "faces": {
        "north": {
          "uv": [
            0,
            0,
            0.75,
            0
          ],
          "texture": "#0"
        },
        "east": {
          "uv": [
            0,
            0,
            1,
            0
          ],
          "texture": "#0"
        },
        "south": {
          "uv": [
            0,
            0,
            0.75,
            0
          ],
          "texture": "#0"
        },
        "west": {
          "uv": [
            0,
            0,
            1,
            0
          ],
          "texture": "#0"
        },
        "up": {
          "uv": [
            1.5,
            10.75,
            0.75,
            9.75
          ],
          "texture": "#0"
        },
        "down": {
          "uv": [
            4.75,
            9.75,
            4,
            10.75
          ],
          "texture": "#0"
        }
      }
    },
    {
      "name": "right_leg",
      "from": [
        10.32322,
        -0.12326,
        3.34621
      ],
      "to": [
        12.32322,
        2.87674,
        6.34621
      ],
      "rotation": {
        "angle": 22.5,
        "axis": "x",
        "origin": [
          7.82322,
          3.52402,
          3.98882
        ]
      },
      "faces": {
        "north": {
          "uv": [
            11.5,
            11.5,
            12,
            12.25
          ],
          "texture": "#0"
        },
        "east": {
          "uv": [
            0.75,
            10.75,
            1.5,
            11.5
          ],
          "texture": "#0"
        },
        "south": {
          "uv": [
            2.5,
            11.75,
            3,
            12.5
          ],
          "texture": "#0"
        },
        "west": {
          "uv": [
            10.75,
            0.75,
            11.5,
            1.5
          ],
          "texture": "#0"
        },
        "up": {
          "uv": [
            12.25,
            3.25,
            11.75,
            2.5
          ],
          "texture": "#0"
        },
        "down": {
          "uv": [
            4.5,
            11.75,
            4,
            12.5
          ],
          "texture": "#0"
        }
      }
    },
    {
      "name": "right_leg",
      "from": [
        11.32322,
        -0.13326,
        1.34621
      ],
      "to": [
        14.32322,
        -0.13326,
        5.34621
      ],
      "rotation": {
        "angle": 22.5,
        "axis": "x",
        "origin": [
          7.82322,
          3.52402,
          3.98882
        ]
      },
      "faces": {
        "north": {
          "uv": [
            0,
            0,
            0.75,
            0
          ],
          "texture": "#0"
        },
        "east": {
          "uv": [
            0,
            0,
            1,
            0
          ],
          "texture": "#0"
        },
        "south": {
          "uv": [
            0,
            0,
            0.75,
            0
          ],
          "texture": "#0"
        },
        "west": {
          "uv": [
            0,
            0,
            1,
            0
          ],
          "texture": "#0"
        },
        "up": {
          "uv": [
            5.5,
            10.75,
            4.75,
            9.75
          ],
          "texture": "#0"
        },
        "down": {
          "uv": [
            6.25,
            9.75,
            5.5,
            10.75
          ],
          "texture": "#0"
        }
      }
    }
  ],
  "gui_light": "front"
}