{
  "texture_size": [
    64,
    64
  ],
  "textures": {
    "0": "civilization:item/wearable/elite_warrior_helmet/4",
    "particle": "civilization:item/wearable/elite_warrior_helmet/4"
  },
  "elements": [
    {
      "from": [
        3,
        5.61358,
        1.67152
      ],
      "to": [
        13,
        9.61358,
        12.67152
      ],
      "rotation": {
        "angle": 0,
        "axis": "y",
        "origin": [
          8,
          4.22426,
          8.80709
        ]
      },
      "faces": {
        "north": {
          "uv": [
            0,
            2.75,
            2.5,
            3.75
          ],
          "texture": "#0"
        },
        "east": {
          "uv": [
            0,
            3.75,
            2.75,
            4.75
          ],
          "texture": "#0"
        },
        "south": {
          "uv": [
            2.5,
            2.75,
            5,
            3.75
          ],
          "texture": "#0"
        },
        "west": {
          "uv": [
            2.75,
            3.75,
            0,
            4.75
          ],
          "texture": "#0"
        },
        "up": {
          "uv": [
            2.5,
            2.75,
            0,
            0
          ],
          "texture": "#0"
        },
        "down": {
          "uv": [
            5,
            0,
            2.5,
            2.75
          ],
          "texture": "#0"
        }
      }
    },
    {
      "from": [
        3,
        -0.13705,
        1.78951
      ],
      "to": [
        13,
        2.86295,
        9.78951
      ],
      "rotation": {
        "angle": -45,
        "axis": "x",
        "origin": [
          8,
          4.22426,
          8.80709
        ]
      },
      "faces": {
        "north": {
          "uv": [
            0,
            5,
            2.5,
            5.75
          ],
          "texture": "#0"
        },
        "east": {
          "uv": [
            2,
            7.75,
            0,
            8.5
          ],
          "texture": "#0"
        },
        "south": {
          "uv": [
            2.5,
            5,
            5,
            5.75
          ],
          "texture": "#0"
        },
        "west": {
          "uv": [
            0,
            7.75,
            2,
            8.5
          ],
          "texture": "#0"
        },
        "up": {
          "uv": [
            2.5,
            7.75,
            0,
            5.75
          ],
          "texture": "#0"
        },
        "down": {
          "uv": [
            5,
            5.75,
            2.5,
            7.75
          ],
          "texture": "#0"
        }
      }
    },
    {
      "from": [
        3.25,
        -0.5,
        8
      ],
      "to": [
        12.75,
        7.5,
        13
      ],
      "rotation": {
        "angle": -22.5,
        "axis": "x",
        "origin": [
          8,
          4.22426,
          8.80709
        ]
      },
      "faces": {
        "north": {
          "uv": [
            2.25,
            11.25,
            4.5,
            13.25
          ],
          "texture": "#0"
        },
        "east": {
          "uv": [
            0,
            9.25,
            1.25,
            11.25
          ],
          "texture": "#0"
        },
        "south": {
          "uv": [
            0,
            11.25,
            2.25,
            13.25
          ],
          "texture": "#0"
        },
        "west": {
          "uv": [
            1.25,
            9.25,
            0,
            11.25
          ],
          "texture": "#0"
        },
        "up": {
          "uv": [
            3.5,
            10,
            1.25,
            8.75
          ],
          "texture": "#0"
        },
        "down": {
          "uv": [
            3.5,
            10,
            1.25,
            11.25
          ],
          "texture": "#0"
        }
      }
    },
    {
      "from": [
        6.5,
        4.30754,
        3.13607
      ],
      "to": [
        9.5,
        12.30754,
        13.13607
      ],
      "rotation": {
        "angle": 22.5,
        "axis": "x",
        "origin": [
          8,
          7.80754,
          8.13607
        ]
      },
      "faces": {
        "north": {
          "uv": [
            10,
            0,
            10.75,
            2
          ],
          "texture": "#0"
        },
        "east": {
          "uv": [
            5.25,
            0,
            7.75,
            2
          ],
          "texture": "#0"
        },
        "south": {
          "uv": [
            9.25,
            0,
            10,
            2
          ],
          "texture": "#0"
        },
        "west": {
          "uv": [
            7.75,
            0,
            5.25,
            2
          ],
          "texture": "#0"
        },
        "up": {
          "uv": [
            8.5,
            2.5,
            7.75,
            0
          ],
          "texture": "#0"
        },
        "down": {
          "uv": [
            9.25,
            0,
            8.5,
            2.5
          ],
          "texture": "#0"
        }
      }
    },
    {
      "from": [
        1.43551,
        2.90688,
        9.33764
      ],
      "to": [
        1.43551,
        10.90688,
        15.33764
      ],
      "rotation": {
        "angle": 0,
        "axis": "y",
        "origin": [
          1.08196,
          6.90688,
          12.69119
        ]
      },
      "faces": {
        "north": {
          "uv": [
            0,
            0,
            2,
            0
          ],
          "rotation": 90,
          "texture": "#0"
        },
        "east": {
          "uv": [
            7.5,
            3.5,
            5.5,
            5
          ],
          "rotation": 270,
          "texture": "#0",
          "tintindex": 0
        },
        "south": {
          "uv": [
            0,
            0,
            2,
            0
          ],
          "rotation": 270,
          "texture": "#0"
        },
        "west": {
          "uv": [
            7.5,
            5,
            5.5,
            3.5
          ],
          "rotation": 270,
          "texture": "#0"
        },
        "up": {
          "uv": [
            0,
            0,
            1.5,
            0
          ],
          "rotation": 270,
          "texture": "#0",
          "tintindex": 0
        },
        "down": {
          "uv": [
            0,
            0,
            1.5,
            0
          ],
          "rotation": 270,
          "texture": "#0",
          "tintindex": 0
        }
      }
    },
    {
      "from": [
        0.2709,
        2.90688,
        5.9499
      ],
      "to": [
        0.2709,
        10.90688,
        9.9499
      ],
      "rotation": {
        "angle": -22.5,
        "axis": "y",
        "origin": [
          2.39222,
          6.90688,
          12.57122
        ]
      },
      "faces": {
        "north": {
          "uv": [
            2,
            0,
            0,
            0
          ],
          "rotation": 270,
          "texture": "#0"
        },
        "east": {
          "uv": [
            7.5,
            5,
            5.5,
            6
          ],
          "rotation": 270,
          "texture": "#0",
          "tintindex": 0
        },
        "south": {
          "uv": [
            2,
            0,
            0,
            0
          ],
          "rotation": 270,
          "texture": "#0"
        },
        "west": {
          "uv": [
            5.5,
            5,
            7.5,
            6
          ],
          "rotation": 90,
          "texture": "#0"
        },
        "up": {
          "uv": [
            0,
            0,
            0,
            1
          ],
          "rotation": 180,
          "texture": "#0",
          "tintindex": 0
        },
        "down": {
          "uv": [
            0,
            0,
            0,
            1
          ],
          "texture": "#0",
          "tintindex": 0
        }
      }
    },
    {
      "from": [
        14.56449,
        2.90688,
        9.33764
      ],
      "to": [
        14.56449,
        10.90688,
        15.33764
      ],
      "rotation": {
        "angle": 0,
        "axis": "y",
        "origin": [
          14.91804,
          6.90688,
          12.69119
        ]
      },
      "faces": {
        "north": {
          "uv": [
            0,
            0,
            2,
            0
          ],
          "rotation": 90,
          "texture": "#0"
        },
        "east": {
          "uv": [
            7.5,
            3.5,
            5.5,
            5
          ],
          "rotation": 270,
          "texture": "#0"
        },
        "south": {
          "uv": [
            0,
            0,
            2,
            0
          ],
          "rotation": 270,
          "texture": "#0"
        },
        "west": {
          "uv": [
            7.5,
            5,
            5.5,
            3.5
          ],
          "rotation": 270,
          "texture": "#0",
          "tintindex": 0
        },
        "up": {
          "uv": [
            0,
            0,
            1.5,
            0
          ],
          "rotation": 270,
          "texture": "#0",
          "tintindex": 0
        },
        "down": {
          "uv": [
            0,
            0,
            1.5,
            0
          ],
          "rotation": 270,
          "texture": "#0",
          "tintindex": 0
        }
      }
    },
    {
      "from": [
        15.7291,
        2.90688,
        5.9499
      ],
      "to": [
        15.7291,
        10.90688,
        9.9499
      ],
      "rotation": {
        "angle": 22.5,
        "axis": "y",
        "origin": [
          13.60778,
          6.90688,
          12.57122
        ]
      },
      "faces": {
        "north": {
          "uv": [
            2,
            0,
            0,
            0
          ],
          "rotation": 270,
          "texture": "#0"
        },
        "east": {
          "uv": [
            5.5,
            6,
            7.5,
            5
          ],
          "rotation": 90,
          "texture": "#0"
        },
        "south": {
          "uv": [
            2,
            0,
            0,
            0
          ],
          "rotation": 270,
          "texture": "#0"
        },
        "west": {
          "uv": [
            7.5,
            6,
            5.5,
            5
          ],
          "rotation": 270,
          "texture": "#0",
          "tintindex": 0
        },
        "up": {
          "uv": [
            0,
            0,
            0,
            1
          ],
          "rotation": 180,
          "texture": "#0",
          "tintindex": 0
        },
        "down": {
          "uv": [
            0,
            0,
            0,
            1
          ],
          "texture": "#0",
          "tintindex": 0
        }
      }
    }
  ],
  "gui_light": "front",
  "display": {
    "thirdperson_righthand": {
      "rotation": [
        68,
        10,
        0
      ],
      "translation": [
        0,
        2.5,
        0.5
      ],
      "scale": [
        0.68,
        0.68,
        0.68
      ]
    },
    "thirdperson_lefthand": {
      "rotation": [
        68,
        10,
        0
      ],
      "translation": [
        0,
        2.5,
        0.5
      ],
      "scale": [
        0.68,
        0.68,
        0.68
      ]
    },
    "firstperson_righthand": {
      "rotation": [
        0,
        10,
        0
      ],
      "translation": [
        0.5,
        3.5,
        0
      ],
      "scale": [
        0.55,
        0.55,
        0.55
      ]
    },
    "firstperson_lefthand": {
      "rotation": [
        0,
        10,
        0
      ],
      "translation": [
        0.5,
        3.5,
        0
      ],
      "scale": [
        0.55,
        0.55,
        0.55
      ]
    },
    "ground": {
      "rotation": [
        22.5,
        0,
        0
      ],
      "translation": [
        0,
        3,
        0
      ],
      "scale": [
        0.6,
        0.6,
        0.6
      ]
    },
    "gui": {
      "rotation": [
        22.5,
        135,
        0
      ],
      "translation": [
        -1,
        2,
        0
      ],
      "scale": [
        0.7,
        0.7,
        0.7
      ]
    },
    "head": {
      "rotation": [
        22.5,
        0,
        0
      ],
      "translation": [
        0,
        6.25,
        2.75
      ],
      "scale": [
        1.6,
        1.6,
        1.6
      ]
    },
    "fixed": {
      "rotation": [
        0,
        -67.5,
        90
      ],
      "translation": [
        0,
        0,
        -18
      ],
      "scale": [
        2,
        2,
        2
      ]
    }
  }
}