{
  "texture_size": [
    64,
    64
  ],
  "elements": [
    {
      "from": [
        3.5,
        5,
        3.5
      ],
      "to": [
        12.5,
        11,
        12.5
      ],
      "rotation": {
        "angle": 0,
        "axis": "y",
        "origin": [
          2.5,
          2,
          3.5
        ]
      },
      "faces": {
        "north": {
          "uv": [
            2.5,
            0,
            4.75,
            1.5
          ],
          "texture": "#0"
        },
        "east": {
          "uv": [
            2.5,
            1.75,
            4.75,
            3.25
          ],
          "texture": "#0"
        },
        "south": {
          "uv": [
            2.5,
            3.5,
            4.75,
            5
          ],
          "texture": "#0"
        },
        "west": {
          "uv": [
            0,
            5,
            2.25,
            6.5
          ],
          "texture": "#0"
        },
        "up": {
          "uv": [
            2.25,
            2.25,
            0,
            0
          ],
          "texture": "#0"
        },
        "down": {
          "uv": [
            2.25,
            2.5,
            0,
            4.75
          ],
          "texture": "#0"
        }
      }
    },
    {
      "from": [
        2.75,
        8,
        6
      ],
      "to": [
        3.75,
        9,
        8
      ],
      "rotation": {
        "angle": -45,
        "axis": "y",
        "origin": [
          3.25,
          7.5,
          7
        ]
      },
      "faces": {
        "north": {
          "uv": [
            5.5,
            7,
            5.75,
            7.25
          ],
          "texture": "#0"
        },
        "east": {
          "uv": [
            2.5,
            6.75,
            3,
            7
          ],
          "texture": "#0"
        },
        "south": {
          "uv": [
            7,
            5.75,
            7.25,
            6
          ],
          "texture": "#0"
        },
        "west": {
          "uv": [
            6.75,
            2.5,
            7.25,
            2.75
          ],
          "texture": "#0"
        },
        "up": {
          "uv": [
            3.5,
            7.25,
            3.25,
            6.75
          ],
          "texture": "#0"
        },
        "down": {
          "uv": [
            4,
            6.75,
            3.75,
            7.25
          ],
          "texture": "#0"
        }
      }
    },
    {
      "from": [
        2.75,
        6,
        6
      ],
      "to": [
        3.75,
        7,
        8
      ],
      "rotation": {
        "angle": -45,
        "axis": "y",
        "origin": [
          3.25,
          7.5,
          7
        ]
      },
      "faces": {
        "north": {
          "uv": [
            6,
            7,
            6.25,
            7.25
          ],
          "texture": "#0"
        },
        "east": {
          "uv": [
            6.5,
            6.75,
            7,
            7
          ],
          "texture": "#0"
        },
        "south": {
          "uv": [
            7,
            6.25,
            7.25,
            6.5
          ],
          "texture": "#0"
        },
        "west": {
          "uv": [
            4.25,
            7,
            4.75,
            7.25
          ],
          "texture": "#0"
        },
        "up": {
          "uv": [
            5.25,
            7.5,
            5,
            7
          ],
          "texture": "#0"
        },
        "down": {
          "uv": [
            7.25,
            5,
            7,
            5.5
          ],
          "texture": "#0"
        }
      }
    },
    {
      "from": [
        6.5,
        10.225,
        9.5
      ],
      "to": [
        7.5,
        13.225,
        10.5
      ],
      "rotation": {
        "angle": 45,
        "axis": "x",
        "origin": [
          8,
          11.225,
          10
        ]
      },
      "faces": {
        "north": {
          "uv": [
            1,
            6.75,
            1.25,
            7.5
          ],
          "texture": "#0"
        },
        "east": {
          "uv": [
            1.5,
            6.75,
            1.75,
            7.5
          ],
          "texture": "#0"
        },
        "south": {
          "uv": [
            6.75,
            1.5,
            7,
            2.25
          ],
          "texture": "#0"
        },
        "west": {
          "uv": [
            2,
            6.75,
            2.25,
            7.5
          ],
          "texture": "#0"
        },
        "up": {
          "uv": [
            7.5,
            0.25,
            7.25,
            0
          ],
          "texture": "#0"
        },
        "down": {
          "uv": [
            7.5,
            0.5,
            7.25,
            0.75
          ],
          "texture": "#0"
        }
      }
    },
    {
      "from": [
        11.2591,
        8.92282,
        7.63478
      ],
      "to": [
        14.2591,
        13.92282,
        9.63478
      ],
      "rotation": {
        "angle": -45,
        "axis": "z",
        "origin": [
          12.7591,
          11.92282,
          9.13478
        ]
      },
      "faces": {
        "north": {
          "uv": [
            3.25,
            5.25,
            2.5,
            6.5
          ],
          "texture": "#0"
        },
        "east": {
          "uv": [
            6.25,
            5.5,
            5.75,
            6.75
          ],
          "texture": "#0"
        },
        "south": {
          "uv": [
            5.25,
            5.5,
            4.5,
            6.75
          ],
          "texture": "#0"
        },
        "west": {
          "uv": [
            4,
            5.25,
            3.5,
            6.5
          ],
          "texture": "#0"
        },
        "up": {
          "uv": [
            6.25,
            3.5,
            7,
            3
          ],
          "texture": "#0"
        },
        "down": {
          "uv": [
            6.25,
            4,
            7,
            4.75
          ],
          "texture": "#0"
        }
      }
    },
    {
      "from": [
        1.7409,
        8.92282,
        7.63478
      ],
      "to": [
        4.7409,
        13.92282,
        9.63478
      ],
      "rotation": {
        "angle": 45,
        "axis": "z",
        "origin": [
          3.2409,
          11.92282,
          9.13478
        ]
      },
      "faces": {
        "north": {
          "uv": [
            2.5,
            5.25,
            3.25,
            6.5
          ],
          "texture": "#0"
        },
        "east": {
          "uv": [
            3.5,
            5.25,
            4,
            6.5
          ],
          "texture": "#0"
        },
        "south": {
          "uv": [
            4.5,
            5.5,
            5.25,
            6.75
          ],
          "texture": "#0"
        },
        "west": {
          "uv": [
            5.75,
            5.5,
            6.25,
            6.75
          ],
          "texture": "#0"
        },
        "up": {
          "uv": [
            7,
            3.5,
            6.25,
            3
          ],
          "texture": "#0"
        },
        "down": {
          "uv": [
            7,
            4,
            6.25,
            4.75
          ],
          "texture": "#0"
        }
      }
    },
    {
      "from": [
        8.5,
        10.225,
        9.5
      ],
      "to": [
        9.5,
        13.225,
        10.5
      ],
      "rotation": {
        "angle": 45,
        "axis": "x",
        "origin": [
          8,
          11.225,
          10
        ]
      },
      "faces": {
        "north": {
          "uv": [
            1.25,
            6.75,
            1,
            7.5
          ],
          "texture": "#0"
        },
        "east": {
          "uv": [
            2.25,
            6.75,
            2,
            7.5
          ],
          "texture": "#0"
        },
        "south": {
          "uv": [
            7,
            1.5,
            6.75,
            2.25
          ],
          "texture": "#0"
        },
        "west": {
          "uv": [
            1.75,
            6.75,
            1.5,
            7.5
          ],
          "texture": "#0"
        },
        "up": {
          "uv": [
            7.25,
            0.25,
            7.5,
            0
          ],
          "texture": "#0"
        },
        "down": {
          "uv": [
            7.25,
            0.5,
            7.5,
            0.75
          ],
          "texture": "#0"
        }
      }
    },
    {
      "from": [
        12.25,
        8,
        6
      ],
      "to": [
        13.25,
        9,
        8
      ],
      "rotation": {
        "angle": 45,
        "axis": "y",
        "origin": [
          12.75,
          7.5,
          7
        ]
      },
      "faces": {
        "north": {
          "uv": [
            5.75,
            7,
            5.5,
            7.25
          ],
          "texture": "#0"
        },
        "east": {
          "uv": [
            7.25,
            2.5,
            6.75,
            2.75
          ],
          "texture": "#0"
        },
        "south": {
          "uv": [
            7.25,
            5.75,
            7,
            6
          ],
          "texture": "#0"
        },
        "west": {
          "uv": [
            3,
            6.75,
            2.5,
            7
          ],
          "texture": "#0"
        },
        "up": {
          "uv": [
            3.25,
            7.25,
            3.5,
            6.75
          ],
          "texture": "#0"
        },
        "down": {
          "uv": [
            3.75,
            6.75,
            4,
            7.25
          ],
          "texture": "#0"
        }
      }
    },
    {
      "from": [
        12.25,
        6,
        6
      ],
      "to": [
        13.25,
        7,
        8
      ],
      "rotation": {
        "angle": 45,
        "axis": "y",
        "origin": [
          12.75,
          7.5,
          7
        ]
      },
      "faces": {
        "north": {
          "uv": [
            6.25,
            7,
            6,
            7.25
          ],
          "texture": "#0"
        },
        "east": {
          "uv": [
            4.75,
            7,
            4.25,
            7.25
          ],
          "texture": "#0"
        },
        "south": {
          "uv": [
            7.25,
            6.25,
            7,
            6.5
          ],
          "texture": "#0"
        },
        "west": {
          "uv": [
            7,
            6.75,
            6.5,
            7
          ],
          "texture": "#0"
        },
        "up": {
          "uv": [
            5,
            7.5,
            5.25,
            7
          ],
          "texture": "#0"
        },
        "down": {
          "uv": [
            7,
            5,
            7.25,
            5.5
          ],
          "texture": "#0"
        }
      }
    },
    {
      "from": [
        3,
        6,
        3.225
      ],
      "to": [
        7,
        10,
        3.225
      ],
      "rotation": {
        "angle": 0,
        "axis": "y",
        "origin": [
          2,
          2,
          -4.775
        ]
      },
      "faces": {
        "north": {
          "uv": [
            6,
            3,
            5,
            4
          ],
          "texture": "#0"
        },
        "east": {
          "uv": [
            7.25,
            1,
            7.25,
            2
          ],
          "texture": "#0"
        },
        "south": {
          "uv": [
            6,
            3,
            5,
            4
          ],
          "texture": "#0"
        },
        "west": {
          "uv": [
            2.5,
            7.25,
            2.5,
            8.25
          ],
          "texture": "#0"
        },
        "up": {
          "uv": [
            8.25,
            2.25,
            7.25,
            2.25
          ],
          "texture": "#0"
        },
        "down": {
          "uv": [
            8.25,
            3,
            7.25,
            3
          ],
          "texture": "#0"
        }
      }
    },
    {
      "from": [
        9,
        6,
        3.225
      ],
      "to": [
        13,
        10,
        3.225
      ],
      "rotation": {
        "angle": 0,
        "axis": "y",
        "origin": [
          14,
          2,
          -4.775
        ]
      },
      "faces": {
        "north": {
          "uv": [
            6,
            3,
            5,
            4
          ],
          "texture": "#0"
        },
        "east": {
          "uv": [
            2.5,
            7.25,
            2.5,
            8.25
          ],
          "texture": "#0"
        },
        "south": {
          "uv": [
            5,
            3,
            6,
            4
          ],
          "texture": "#0"
        },
        "west": {
          "uv": [
            7.25,
            1,
            7.25,
            2
          ],
          "texture": "#0"
        },
        "up": {
          "uv": [
            7.25,
            2.25,
            8.25,
            2.25
          ],
          "texture": "#0"
        },
        "down": {
          "uv": [
            7.25,
            3,
            8.25,
            3
          ],
          "texture": "#0"
        }
      }
    },
    {
      "from": [
        3.5,
        6,
        3.25
      ],
      "to": [
        6.5,
        9,
        4.25
      ],
      "rotation": {
        "angle": 0,
        "axis": "y",
        "origin": [
          3.5,
          6,
          3.25
        ]
      },
      "faces": {
        "north": {
          "uv": [
            0,
            8.25,
            0.75,
            9
          ],
          "texture": "#0"
        },
        "east": {
          "uv": [
            1,
            8.25,
            1.25,
            9
          ],
          "texture": "#0"
        },
        "south": {
          "uv": [
            0,
            8.25,
            0.75,
            9
          ],
          "texture": "#0"
        },
        "west": {
          "uv": [
            0.75,
            8.25,
            1,
            9
          ],
          "texture": "#0"
        },
        "up": {
          "uv": [
            0,
            9.25,
            0.75,
            9.5
          ],
          "texture": "#0"
        },
        "down": {
          "uv": [
            0,
            9,
            0.75,
            9.25
          ],
          "texture": "#0"
        }
      }
    },
    {
      "from": [
        9.5,
        6,
        3.25
      ],
      "to": [
        12.5,
        9,
        4.25
      ],
      "rotation": {
        "angle": 0,
        "axis": "y",
        "origin": [
          12.5,
          6,
          3.25
        ]
      },
      "faces": {
        "north": {
          "uv": [
            0.75,
            8.25,
            0,
            9
          ],
          "texture": "#0"
        },
        "east": {
          "uv": [
            1,
            8.25,
            0.75,
            9
          ],
          "texture": "#0"
        },
        "south": {
          "uv": [
            0.75,
            8.25,
            0,
            9
          ],
          "texture": "#0"
        },
        "west": {
          "uv": [
            1.25,
            8.25,
            1,
            9
          ],
          "texture": "#0"
        },
        "up": {
          "uv": [
            0.75,
            9.25,
            0,
            9.5
          ],
          "texture": "#0"
        },
        "down": {
          "uv": [
            0.75,
            9,
            0,
            9.25
          ],
          "texture": "#0"
        }
      }
    },
    {
      "from": [
        8,
        6,
        2
      ],
      "to": [
        8,
        13,
        10
      ],
      "rotation": {
        "angle": 0,
        "axis": "y",
        "origin": [
          7,
          0,
          0
        ]
      },
      "faces": {
        "north": {
          "uv": [
            0,
            0,
            0,
            1.75
          ],
          "texture": "#0"
        },
        "east": {
          "uv": [
            1.5,
            7.75,
            3.5,
            9.5
          ],
          "texture": "#0"
        },
        "south": {
          "uv": [
            0,
            0,
            0,
            1.75
          ],
          "texture": "#0"
        },
        "west": {
          "uv": [
            3.5,
            7.75,
            1.5,
            9.5
          ],
          "texture": "#0"
        },
        "up": {
          "uv": [
            0,
            0,
            0,
            2
          ],
          "texture": "#0"
        },
        "down": {
          "uv": [
            0,
            0,
            0,
            2
          ],
          "texture": "#0"
        }
      }
    },
    {
      "from": [
        3.5,
        4,
        9.5
      ],
      "to": [
        12.5,
        5,
        12.5
      ],
      "rotation": {
        "angle": 0,
        "axis": "y",
        "origin": [
          3.5,
          3,
          10.5
        ]
      },
      "faces": {
        "north": {
          "uv": [
            5.75,
            7.5,
            8,
            7.75
          ],
          "texture": "#0"
        },
        "east": {
          "uv": [
            7.25,
            7,
            8,
            7.25
          ],
          "texture": "#0"
        },
        "south": {
          "uv": [
            3.5,
            7.5,
            5.75,
            7.75
          ],
          "texture": "#0"
        },
        "west": {
          "uv": [
            7.25,
            7.25,
            8,
            7.5
          ],
          "texture": "#0"
        },
        "up": {
          "uv": [
            5.75,
            7.75,
            8,
            8.5
          ],
          "texture": "#0"
        },
        "down": {
          "uv": [
            3.5,
            7.75,
            5.75,
            8.5
          ],
          "texture": "#0"
        }
      }
    },
    {
      "from": [
        2.55866,
        2.03806,
        5
      ],
      "to": [
        4.55866,
        6.03806,
        7
      ],
      "rotation": {
        "angle": -22.5,
        "axis": "z",
        "origin": [
          3.55866,
          4.03806,
          8
        ]
      },
      "faces": {
        "north": {
          "uv": [
            7.5,
            2.25,
            8,
            3.25
          ],
          "texture": "#0"
        },
        "east": {
          "uv": [
            8.25,
            0,
            8.75,
            1
          ],
          "texture": "#0"
        },
        "south": {
          "uv": [
            7.5,
            0.25,
            8,
            1.25
          ],
          "texture": "#0"
        },
        "west": {
          "uv": [
            7.5,
            1.25,
            8,
            2.25
          ],
          "texture": "#0"
        },
        "up": {
          "uv": [
            8.25,
            1.5,
            8.75,
            2
          ],
          "texture": "#0"
        },
        "down": {
          "uv": [
            8.25,
            1,
            8.75,
            1.5
          ],
          "texture": "#0"
        }
      }
    },
    {
      "from": [
        2.55866,
        2.03806,
        9
      ],
      "to": [
        4.55866,
        6.03806,
        11
      ],
      "rotation": {
        "angle": -22.5,
        "axis": "z",
        "origin": [
          3.55866,
          4.03806,
          8
        ]
      },
      "faces": {
        "north": {
          "uv": [
            7.5,
            2.25,
            8,
            3.25
          ],
          "texture": "#0"
        },
        "east": {
          "uv": [
            8.25,
            0,
            8.75,
            1
          ],
          "texture": "#0"
        },
        "south": {
          "uv": [
            7.5,
            0.25,
            8,
            1.25
          ],
          "texture": "#0"
        },
        "west": {
          "uv": [
            7.5,
            1.25,
            8,
            2.25
          ],
          "texture": "#0"
        },
        "up": {
          "uv": [
            8.25,
            1.5,
            8.75,
            2
          ],
          "texture": "#0"
        },
        "down": {
          "uv": [
            8.25,
            1,
            8.75,
            1.5
          ],
          "texture": "#0"
        }
      }
    },
    {
      "from": [
        11.44134,
        2.03806,
        5
      ],
      "to": [
        13.44134,
        6.03806,
        7
      ],
      "rotation": {
        "angle": 22.5,
        "axis": "z",
        "origin": [
          12.44134,
          4.03806,
          8
        ]
      },
      "faces": {
        "north": {
          "uv": [
            8,
            2.25,
            7.5,
            3.25
          ],
          "texture": "#0"
        },
        "east": {
          "uv": [
            8,
            1.25,
            7.5,
            2.25
          ],
          "texture": "#0"
        },
        "south": {
          "uv": [
            8,
            0.25,
            7.5,
            1.25
          ],
          "texture": "#0"
        },
        "west": {
          "uv": [
            8.75,
            0,
            8.25,
            1
          ],
          "texture": "#0"
        },
        "up": {
          "uv": [
            8.75,
            1.5,
            8.25,
            2
          ],
          "texture": "#0"
        },
        "down": {
          "uv": [
            8.75,
            1,
            8.25,
            1.5
          ],
          "texture": "#0"
        }
      }
    },
    {
      "from": [
        11.44134,
        2.03806,
        9
      ],
      "to": [
        13.44134,
        6.03806,
        11
      ],
      "rotation": {
        "angle": 22.5,
        "axis": "z",
        "origin": [
          12.44134,
          4.03806,
          8
        ]
      },
      "faces": {
        "north": {
          "uv": [
            8,
            2.25,
            7.5,
            3.25
          ],
          "texture": "#0"
        },
        "east": {
          "uv": [
            8,
            1.25,
            7.5,
            2.25
          ],
          "texture": "#0"
        },
        "south": {
          "uv": [
            8,
            0.25,
            7.5,
            1.25
          ],
          "texture": "#0"
        },
        "west": {
          "uv": [
            8.75,
            0,
            8.25,
            1
          ],
          "texture": "#0"
        },
        "up": {
          "uv": [
            8.75,
            1.5,
            8.25,
            2
          ],
          "texture": "#0"
        },
        "down": {
          "uv": [
            8.75,
            1,
            8.25,
            1.5
          ],
          "texture": "#0"
        }
      }
    }
  ],
  "display": {
    "thirdperson_righthand": {
      "rotation": [
        68,
        10,
        0
      ],
      "translation": [
        0,
        0,
        -1
      ],
      "scale": [
        0.72,
        0.72,
        0.72
      ]
    },
    "thirdperson_lefthand": {
      "rotation": [
        68,
        10,
        0
      ],
      "translation": [
        0,
        0,
        -1
      ],
      "scale": [
        0.72,
        0.72,
        0.72
      ]
    },
    "firstperson_righthand": {
      "rotation": [
        0,
        15,
        0
      ],
      "translation": [
        0.5,
        3.5,
        0
      ],
      "scale": [
        0.6,
        0.6,
        0.6
      ]
    },
    "firstperson_lefthand": {
      "rotation": [
        0,
        15,
        0
      ],
      "translation": [
        0.5,
        3.5,
        0
      ],
      "scale": [
        0.6,
        0.6,
        0.6
      ]
    },
    "ground": {
      "translation": [
        0,
        3,
        0
      ],
      "scale": [
        0.65,
        0.65,
        0.65
      ]
    },
    "gui": {
      "rotation": [
        22.5,
        135,
        0
      ],
      "scale": [
        0.9,
        0.9,
        0.9
      ]
    },
    "head": {
      "rotation": [
        5.75,
        0,
        0
      ],
      "translation": [
        0,
        5.5,
        0.5
      ],
      "scale": [
        1.8,
        1.8,
        1.8
      ]
    },
    "fixed": {
      "rotation": [
        -90,
        0,
        0
      ],
      "translation": [
        0,
        0,
        -10
      ],
      "scale": [
        1.8,
        1.8,
        1.8
      ]
    }
  }
}