{
  "providers": [
    {
      "type": "bitmap",
      "file": "minecraft:font/net_flag.png",
      "ascent": 8,
      "height": 9,
      "chars": [
        "🖝"
      ]
    },
    {
      "type": "bitmap",
      "file": "minecraft:font/fad_flag.png",
      "ascent": 8,
      "height": 9,
      "chars": [
        "🔉"
      ]
    },
    {
      "type": "bitmap",
      "file": "minecraft:font/gangband_flag.png",
      "ascent": 8,
      "height": 9,
      "chars": [
        "🔸"
      ]
    }
  ]
}