{
  "providers": [
    {
      "type": "bitmap",
      "file": "minecraft:font/net_flag.png",
      "ascent": 8,
      "height": 9,
      "chars": [
        "🖝"
      ]
    },
    {
      "type": "bitmap",
      "file": "minecraft:font/fad_flag.png",
      "ascent": 8,
      "height": 9,
      "chars": [
        "🔉"
      ]
    },
    {
      "type": "bitmap",
      "file": "minecraft:font/gangband_flag.png",
      "ascent": 8,
      "height": 9,
      "chars": [
        "🔸"
      ]
    },
    {
      "type": "bitmap",
      "file": "minecraft:font/ganband_flag.png",
      "ascent": 8,
      "height": 9,
      "chars": [
        "🗷"
      ]
    },
    {
      "type": "bitmap",
      "file": "minecraft:font/gaand_flag.png",
      "ascent": 8,
      "height": 9,
      "chars": [
        "🎽"
      ]
    },
    {
      "type": "bitmap",
      "file": "minecraft:font/nd_flag.png",
      "ascent": 8,
      "height": 9,
      "chars": [
        "💶"
      ]
    },
    {
      "type": "bitmap",
      "file": "minecraft:font/nda_flag.png",
      "ascent": 8,
      "height": 9,
      "chars": [
        "🕫"
      ]
    },
    {
      "type": "bitmap",
      "file": "minecraft:font/sasalka_flag.png",
      "ascent": 8,
      "height": 9,
      "chars": [
        "🔦"
      ]
    }
  ]
}