{
  "providers": [
    {
      "type": "bitmap",
      "file": "minecraft:font/sosi1_flag.png",
      "ascent": 8,
      "height": 9,
      "chars": [
        "💿"
      ]
    },
    {
      "type": "bitmap",
      "file": "minecraft:font/sos1_flag.png",
      "ascent": 8,
      "height": 9,
      "chars": [
        "👺"
      ]
    },
    {
      "type": "bitmap",
      "file": "minecraft:font/gdd_flag.png",
      "ascent": 8,
      "height": 9,
      "chars": [
        "🌧"
      ]
    }
  ]
}