{
  "providers": [
    {
      "type": "bitmap",
      "file": "minecraft:font/mgu1_flag.png",
      "ascent": 8,
      "height": 9,
      "chars": [
        "🕶"
      ]
    },
    {
      "type": "bitmap",
      "file": "minecraft:font/pp_flag.png",
      "ascent": 8,
      "height": 9,
      "chars": [
        "🔀"
      ]
    },
    {
      "type": "bitmap",
      "file": "minecraft:font/zabory_flag.png",
      "ascent": 8,
      "height": 9,
      "chars": [
        "🔅"
      ]
    },
    {
      "type": "bitmap",
      "file": "minecraft:font/zaboru_flag.png",
      "ascent": 8,
      "height": 9,
      "chars": [
        "🔉"
      ]
    },
    {
      "type": "bitmap",
      "file": "minecraft:font/kik_flag.png",
      "ascent": 8,
      "height": 9,
      "chars": [
        "🏍"
      ]
    },
    {
      "type": "bitmap",
      "file": "minecraft:font/vladiksosal_flag.png",
      "ascent": 8,
      "height": 9,
      "chars": [
        "🍙"
      ]
    }
  ]
}