{
  "providers": [
    {
      "type": "bitmap",
      "file": "minecraft:font/rabota_flag.png",
      "ascent": 8,
      "height": 9,
      "chars": [
        "🗗"
      ]
    },
    {
      "type": "bitmap",
      "file": "minecraft:font/kurva_flag.png",
      "ascent": 8,
      "height": 9,
      "chars": [
        "📳"
      ]
    },
    {
      "type": "bitmap",
      "file": "minecraft:font/kuvva_flag.png",
      "ascent": 8,
      "height": 9,
      "chars": [
        "📷"
      ]
    }
  ]
}