{
  "display": {
    "thirdperson_righthand": {
      "rotation": [
        0,
        0,
        -3
      ],
      "translation": [
        0.75,
        1.5,
        0
      ],
      "scale": [
        0.8,
        0.8,
        0.8
      ]
    },
    "thirdperson_lefthand": {
      "rotation": [
        0,
        0,
        -3
      ],
      "translation": [
        0.75,
        1.5,
        0
      ],
      "scale": [
        0.8,
        0.8,
        0.8
      ]
    },
    "firstperson_righthand": {
      "rotation": [
        0,
        -8,
        0
      ],
      "translation": [
        -0.5,
        1,
        1.75
      ],
      "scale": [
        0.6,
        0.6,
        0.6
      ]
    },
    "firstperson_lefthand": {
      "rotation": [
        0,
        -8,
        0
      ],
      "translation": [
        -0.5,
        1,
        1.75
      ],
      "scale": [
        0.6,
        0.6,
        0.6
      ]
    },
    "ground": {
      "rotation": [
        14,
        23,
        28
      ],
      "translation": [
        -1,
        2,
        -2.25
      ],
      "scale": [
        0.5,
        0.5,
        0.5
      ]
    },
    "gui": {
      "rotation": [
        22.5,
        135,
        0
      ],
      "translation": [
        -1.75,
        -1.25,
        0
      ],
      "scale": [
        0.5,
        0.5,
        0.5
      ]
    },
    "head": {
      "translation": [
        0,
        2.25,
        -4
      ],
      "scale": [
        1.2,
        1.2,
        1.2
      ]
    },
    "fixed": {
      "translation": [
        0,
        -1,
        5
      ]
    }
  },
  "textures": {
    "0": "civilization:item/tools/pufferfish_cannon/fishflop/default",
    "1": "civilization:item/tools/pufferfish_cannon/fishflop/anim",
    "2": "civilization:item/tools/pufferfish_cannon/fishflop/anim_2",
    "3": "civilization:item/tools/pufferfish_cannon/fishflop/anim_3",
    "particle": "civilization:item/tools/pufferfish_cannon/fishflop/default"
  },
  "elements": [
    {
      "from": [
        10.4327,
        13.92736,
        9.56563
      ],
      "to": [
        11.4327,
        13.92736,
        11.56563
      ],
      "rotation": {
        "angle": -45,
        "axis": "x",
        "origin": [
          8.4327,
          14.0456,
          10.11563
        ]
      },
      "faces": {
        "north": {
          "uv": [
            0,
            0,
            0.5,
            0
          ],
          "texture": "#3"
        },
        "east": {
          "uv": [
            0,
            0,
            1,
            0
          ],
          "texture": "#3"
        },
        "south": {
          "uv": [
            0,
            0,
            0.5,
            0
          ],
          "texture": "#3"
        },
        "west": {
          "uv": [
            0,
            0,
            1,
            0
          ],
          "texture": "#3"
        },
        "up": {
          "uv": [
            7.5,
            14.5,
            7,
            13.5
          ],
          "texture": "#3"
        },
        "down": {
          "uv": [
            8,
            13.5,
            7.5,
            14.5
          ],
          "texture": "#3"
        }
      }
    },
    {
      "from": [
        6.45443,
        12.66385,
        8.66563
      ],
      "to": [
        10.45443,
        15.66385,
        12.66563
      ],
      "rotation": {
        "angle": -45,
        "axis": "x",
        "origin": [
          8.4327,
          14.0456,
          10.11563
        ]
      },
      "faces": {
        "north": {
          "uv": [
            8,
            10,
            10,
            11.5
          ],
          "texture": "#3"
        },
        "east": {
          "uv": [
            10,
            8,
            12,
            9.5
          ],
          "texture": "#3"
        },
        "south": {
          "uv": [
            10,
            9.5,
            12,
            11
          ],
          "texture": "#3"
        },
        "west": {
          "uv": [
            10,
            11,
            12,
            12.5
          ],
          "texture": "#3"
        },
        "up": {
          "uv": [
            2,
            12,
            0,
            10
          ],
          "texture": "#3"
        },
        "down": {
          "uv": [
            12,
            0,
            10,
            2
          ],
          "texture": "#3"
        }
      }
    },
    {
      "from": [
        8.43994,
        13.22736,
        7.01563
      ],
      "to": [
        8.43994,
        15.22736,
        11.01563
      ],
      "rotation": {
        "angle": -45,
        "axis": "x",
        "origin": [
          8.4327,
          14.0456,
          10.11563
        ]
      },
      "faces": {
        "north": {
          "uv": [
            0,
            0,
            0,
            1
          ],
          "texture": "#3"
        },
        "east": {
          "uv": [
            12,
            10.5,
            14,
            11.5
          ],
          "texture": "#3"
        },
        "south": {
          "uv": [
            0,
            0,
            0,
            1
          ],
          "texture": "#3"
        },
        "west": {
          "uv": [
            12,
            11.5,
            14,
            12.5
          ],
          "texture": "#3"
        },
        "up": {
          "uv": [
            0,
            2,
            0,
            0
          ],
          "texture": "#3"
        },
        "down": {
          "uv": [
            0,
            0,
            0,
            2
          ],
          "texture": "#3"
        }
      }
    },
    {
      "from": [
        5.94719,
        11.36385,
        11.21563
      ],
      "to": [
        10.94719,
        16.36385,
        11.21563
      ],
      "rotation": {
        "angle": -45,
        "axis": "x",
        "origin": [
          8.4327,
          14.0456,
          10.11563
        ]
      },
      "faces": {
        "north": {
          "uv": [
            0,
            0,
            2.5,
            2.5
          ],
          "texture": "#3"
        },
        "east": {
          "uv": [
            0,
            0,
            0,
            2.5
          ],
          "texture": "#3"
        },
        "south": {
          "uv": [
            0,
            2.5,
            2.5,
            5
          ],
          "texture": "#3"
        },
        "west": {
          "uv": [
            0,
            0,
            0,
            2.5
          ],
          "texture": "#3"
        },
        "up": {
          "uv": [
            2.5,
            0,
            0,
            0
          ],
          "texture": "#3"
        },
        "down": {
          "uv": [
            2.5,
            0,
            0,
            0
          ],
          "texture": "#3"
        }
      }
    },
    {
      "from": [
        5.94719,
        11.36385,
        9.96563
      ],
      "to": [
        10.94719,
        16.36385,
        9.96563
      ],
      "rotation": {
        "angle": -45,
        "axis": "x",
        "origin": [
          8.4327,
          14.0456,
          10.11563
        ]
      },
      "faces": {
        "north": {
          "uv": [
            2.5,
            0,
            5,
            2.5
          ],
          "texture": "#3"
        },
        "east": {
          "uv": [
            0,
            0,
            0,
            2.5
          ],
          "texture": "#3"
        },
        "south": {
          "uv": [
            2.5,
            2.5,
            5,
            5
          ],
          "texture": "#3"
        },
        "west": {
          "uv": [
            0,
            0,
            0,
            2.5
          ],
          "texture": "#3"
        },
        "up": {
          "uv": [
            2.5,
            0,
            0,
            0
          ],
          "texture": "#3"
        },
        "down": {
          "uv": [
            2.5,
            0,
            0,
            0
          ],
          "texture": "#3"
        }
      }
    },
    {
      "from": [
        5.4327,
        13.92736,
        9.56563
      ],
      "to": [
        6.4327,
        13.92736,
        11.56563
      ],
      "rotation": {
        "angle": -45,
        "axis": "x",
        "origin": [
          8.4327,
          14.0456,
          10.11563
        ]
      },
      "faces": {
        "north": {
          "uv": [
            0,
            0,
            0.5,
            0
          ],
          "texture": "#3"
        },
        "east": {
          "uv": [
            0,
            0,
            1,
            0
          ],
          "texture": "#3"
        },
        "south": {
          "uv": [
            0,
            0,
            0.5,
            0
          ],
          "texture": "#3"
        },
        "west": {
          "uv": [
            0,
            0,
            1,
            0
          ],
          "texture": "#3"
        },
        "up": {
          "uv": [
            10.5,
            14.5,
            10,
            13.5
          ],
          "texture": "#3"
        },
        "down": {
          "uv": [
            11,
            13.5,
            10.5,
            14.5
          ],
          "texture": "#3"
        }
      }
    },
    {
      "from": [
        9.9327,
        14.42736,
        9.06563
      ],
      "to": [
        10.9327,
        14.42736,
        11.06563
      ],
      "rotation": {
        "angle": -45,
        "axis": "x",
        "origin": [
          7.9327,
          14.5456,
          9.61563
        ]
      },
      "faces": {
        "north": {
          "uv": [
            0,
            0,
            0.5,
            0
          ],
          "texture": "#3"
        },
        "east": {
          "uv": [
            0,
            0,
            1,
            0
          ],
          "texture": "#3"
        },
        "south": {
          "uv": [
            0,
            0,
            0.5,
            0
          ],
          "texture": "#3"
        },
        "west": {
          "uv": [
            0,
            0,
            1,
            0
          ],
          "texture": "#3"
        },
        "up": {
          "uv": [
            11.5,
            14.5,
            11,
            13.5
          ],
          "texture": "#3"
        },
        "down": {
          "uv": [
            12,
            13.5,
            11.5,
            14.5
          ],
          "texture": "#3"
        }
      }
    },
    {
      "from": [
        5.95443,
        13.16385,
        8.16563
      ],
      "to": [
        9.95443,
        16.16385,
        12.16563
      ],
      "rotation": {
        "angle": -45,
        "axis": "x",
        "origin": [
          7.9327,
          14.5456,
          9.61563
        ]
      },
      "faces": {
        "north": {
          "uv": [
            8,
            11.5,
            10,
            13
          ],
          "texture": "#3"
        },
        "east": {
          "uv": [
            0,
            12,
            2,
            13.5
          ],
          "texture": "#3"
        },
        "south": {
          "uv": [
            12,
            0,
            14,
            1.5
          ],
          "texture": "#3"
        },
        "west": {
          "uv": [
            12,
            1.5,
            14,
            3
          ],
          "texture": "#3"
        },
        "up": {
          "uv": [
            4,
            12,
            2,
            10
          ],
          "texture": "#3"
        },
        "down": {
          "uv": [
            12,
            2,
            10,
            4
          ],
          "texture": "#3"
        }
      }
    },
    {
      "from": [
        7.93994,
        13.72736,
        6.51563
      ],
      "to": [
        7.93994,
        15.72736,
        10.51563
      ],
      "rotation": {
        "angle": -45,
        "axis": "x",
        "origin": [
          7.9327,
          14.5456,
          9.61563
        ]
      },
      "faces": {
        "north": {
          "uv": [
            0,
            0,
            0,
            1
          ],
          "texture": "#3"
        },
        "east": {
          "uv": [
            10,
            12.5,
            12,
            13.5
          ],
          "texture": "#3"
        },
        "south": {
          "uv": [
            0,
            0,
            0,
            1
          ],
          "texture": "#3"
        },
        "west": {
          "uv": [
            12,
            12.5,
            14,
            13.5
          ],
          "texture": "#3"
        },
        "up": {
          "uv": [
            0,
            2,
            0,
            0
          ],
          "texture": "#3"
        },
        "down": {
          "uv": [
            0,
            0,
            0,
            2
          ],
          "texture": "#3"
        }
      }
    },
    {
      "from": [
        5.44719,
        11.86385,
        10.71563
      ],
      "to": [
        10.44719,
        16.86385,
        10.71563
      ],
      "rotation": {
        "angle": -45,
        "axis": "x",
        "origin": [
          7.9327,
          14.5456,
          9.61563
        ]
      },
      "faces": {
        "north": {
          "uv": [
            0,
            5,
            2.5,
            7.5
          ],
          "texture": "#3"
        },
        "east": {
          "uv": [
            0,
            0,
            0,
            2.5
          ],
          "texture": "#3"
        },
        "south": {
          "uv": [
            5,
            0,
            7.5,
            2.5
          ],
          "texture": "#3"
        },
        "west": {
          "uv": [
            0,
            0,
            0,
            2.5
          ],
          "texture": "#3"
        },
        "up": {
          "uv": [
            2.5,
            0,
            0,
            0
          ],
          "texture": "#3"
        },
        "down": {
          "uv": [
            2.5,
            0,
            0,
            0
          ],
          "texture": "#3"
        }
      }
    },
    {
      "from": [
        5.44719,
        11.86385,
        9.46563
      ],
      "to": [
        10.44719,
        16.86385,
        9.46563
      ],
      "rotation": {
        "angle": -45,
        "axis": "x",
        "origin": [
          7.9327,
          14.5456,
          9.61563
        ]
      },
      "faces": {
        "north": {
          "uv": [
            2.5,
            5,
            5,
            7.5
          ],
          "texture": "#3"
        },
        "east": {
          "uv": [
            0,
            0,
            0,
            2.5
          ],
          "texture": "#3"
        },
        "south": {
          "uv": [
            5,
            2.5,
            7.5,
            5
          ],
          "texture": "#3"
        },
        "west": {
          "uv": [
            0,
            0,
            0,
            2.5
          ],
          "texture": "#3"
        },
        "up": {
          "uv": [
            2.5,
            0,
            0,
            0
          ],
          "texture": "#3"
        },
        "down": {
          "uv": [
            2.5,
            0,
            0,
            0
          ],
          "texture": "#3"
        }
      }
    },
    {
      "from": [
        4.9327,
        14.42736,
        9.06563
      ],
      "to": [
        5.9327,
        14.42736,
        11.06563
      ],
      "rotation": {
        "angle": -45,
        "axis": "x",
        "origin": [
          7.9327,
          14.5456,
          9.61563
        ]
      },
      "faces": {
        "north": {
          "uv": [
            0,
            0,
            0.5,
            0
          ],
          "texture": "#3"
        },
        "east": {
          "uv": [
            0,
            0,
            1,
            0
          ],
          "texture": "#3"
        },
        "south": {
          "uv": [
            0,
            0,
            0.5,
            0
          ],
          "texture": "#3"
        },
        "west": {
          "uv": [
            0,
            0,
            1,
            0
          ],
          "texture": "#3"
        },
        "up": {
          "uv": [
            12.5,
            14.5,
            12,
            13.5
          ],
          "texture": "#3"
        },
        "down": {
          "uv": [
            13,
            13.5,
            12.5,
            14.5
          ],
          "texture": "#3"
        }
      }
    },
    {
      "from": [
        10.1827,
        13.92736,
        9.06563
      ],
      "to": [
        11.1827,
        13.92736,
        11.06563
      ],
      "rotation": {
        "angle": -45,
        "axis": "x",
        "origin": [
          8.1827,
          14.0456,
          9.61563
        ]
      },
      "faces": {
        "north": {
          "uv": [
            0,
            0,
            0.5,
            0
          ],
          "texture": "#3"
        },
        "east": {
          "uv": [
            0,
            0,
            1,
            0
          ],
          "texture": "#3"
        },
        "south": {
          "uv": [
            0,
            0,
            0.5,
            0
          ],
          "texture": "#3"
        },
        "west": {
          "uv": [
            0,
            0,
            1,
            0
          ],
          "texture": "#3"
        },
        "up": {
          "uv": [
            13.5,
            14.5,
            13,
            13.5
          ],
          "texture": "#3"
        },
        "down": {
          "uv": [
            14,
            13.5,
            13.5,
            14.5
          ],
          "texture": "#3"
        }
      }
    },
    {
      "from": [
        6.20443,
        12.66385,
        8.16563
      ],
      "to": [
        10.20443,
        15.66385,
        12.16563
      ],
      "rotation": {
        "angle": -45,
        "axis": "x",
        "origin": [
          8.1827,
          14.0456,
          9.61563
        ]
      },
      "faces": {
        "north": {
          "uv": [
            2,
            12,
            4,
            13.5
          ],
          "texture": "#3"
        },
        "east": {
          "uv": [
            12,
            3,
            14,
            4.5
          ],
          "texture": "#3"
        },
        "south": {
          "uv": [
            4,
            12,
            6,
            13.5
          ],
          "texture": "#3"
        },
        "west": {
          "uv": [
            12,
            4.5,
            14,
            6
          ],
          "texture": "#3"
        },
        "up": {
          "uv": [
            6,
            12,
            4,
            10
          ],
          "texture": "#3"
        },
        "down": {
          "uv": [
            12,
            4,
            10,
            6
          ],
          "texture": "#3"
        }
      }
    },
    {
      "from": [
        8.18994,
        13.22736,
        6.51563
      ],
      "to": [
        8.18994,
        15.22736,
        10.51563
      ],
      "rotation": {
        "angle": -45,
        "axis": "x",
        "origin": [
          8.1827,
          14.0456,
          9.61563
        ]
      },
      "faces": {
        "north": {
          "uv": [
            0,
            0,
            0,
            1
          ],
          "texture": "#3"
        },
        "east": {
          "uv": [
            8,
            13,
            10,
            14
          ],
          "texture": "#3"
        },
        "south": {
          "uv": [
            0,
            0,
            0,
            1
          ],
          "texture": "#3"
        },
        "west": {
          "uv": [
            0,
            13.5,
            2,
            14.5
          ],
          "texture": "#3"
        },
        "up": {
          "uv": [
            0,
            2,
            0,
            0
          ],
          "texture": "#3"
        },
        "down": {
          "uv": [
            0,
            0,
            0,
            2
          ],
          "texture": "#3"
        }
      }
    },
    {
      "from": [
        5.69719,
        11.36385,
        10.71563
      ],
      "to": [
        10.69719,
        16.36385,
        10.71563
      ],
      "rotation": {
        "angle": -45,
        "axis": "x",
        "origin": [
          8.1827,
          14.0456,
          9.61563
        ]
      },
      "faces": {
        "north": {
          "uv": [
            5,
            5,
            7.5,
            7.5
          ],
          "texture": "#3"
        },
        "east": {
          "uv": [
            0,
            0,
            0,
            2.5
          ],
          "texture": "#3"
        },
        "south": {
          "uv": [
            0,
            7.5,
            2.5,
            10
          ],
          "texture": "#3"
        },
        "west": {
          "uv": [
            0,
            0,
            0,
            2.5
          ],
          "texture": "#3"
        },
        "up": {
          "uv": [
            2.5,
            0,
            0,
            0
          ],
          "texture": "#3"
        },
        "down": {
          "uv": [
            2.5,
            0,
            0,
            0
          ],
          "texture": "#3"
        }
      }
    },
    {
      "from": [
        5.69719,
        11.36385,
        9.46563
      ],
      "to": [
        10.69719,
        16.36385,
        9.46563
      ],
      "rotation": {
        "angle": -45,
        "axis": "x",
        "origin": [
          8.1827,
          14.0456,
          9.61563
        ]
      },
      "faces": {
        "north": {
          "uv": [
            7.5,
            0,
            10,
            2.5
          ],
          "texture": "#3"
        },
        "east": {
          "uv": [
            0,
            0,
            0,
            2.5
          ],
          "texture": "#3"
        },
        "south": {
          "uv": [
            2.5,
            7.5,
            5,
            10
          ],
          "texture": "#3"
        },
        "west": {
          "uv": [
            0,
            0,
            0,
            2.5
          ],
          "texture": "#3"
        },
        "up": {
          "uv": [
            2.5,
            0,
            0,
            0
          ],
          "texture": "#3"
        },
        "down": {
          "uv": [
            2.5,
            0,
            0,
            0
          ],
          "texture": "#3"
        }
      }
    },
    {
      "from": [
        5.1827,
        13.92736,
        9.06563
      ],
      "to": [
        6.1827,
        13.92736,
        11.06563
      ],
      "rotation": {
        "angle": -45,
        "axis": "x",
        "origin": [
          8.1827,
          14.0456,
          9.61563
        ]
      },
      "faces": {
        "north": {
          "uv": [
            0,
            0,
            0.5,
            0
          ],
          "texture": "#3"
        },
        "east": {
          "uv": [
            0,
            0,
            1,
            0
          ],
          "texture": "#3"
        },
        "south": {
          "uv": [
            0,
            0,
            0.5,
            0
          ],
          "texture": "#3"
        },
        "west": {
          "uv": [
            0,
            0,
            1,
            0
          ],
          "texture": "#3"
        },
        "up": {
          "uv": [
            6.5,
            14.5,
            6,
            13.5
          ],
          "texture": "#3"
        },
        "down": {
          "uv": [
            7,
            13.5,
            6.5,
            14.5
          ],
          "texture": "#3"
        }
      }
    },
    {
      "from": [
        9.9327,
        14.17736,
        9.81563
      ],
      "to": [
        10.9327,
        14.17736,
        11.81563
      ],
      "rotation": {
        "angle": -45,
        "axis": "x",
        "origin": [
          7.9327,
          14.2956,
          10.36563
        ]
      },
      "faces": {
        "north": {
          "uv": [
            0,
            0,
            0.5,
            0
          ],
          "texture": "#3"
        },
        "east": {
          "uv": [
            0,
            0,
            1,
            0
          ],
          "texture": "#3"
        },
        "south": {
          "uv": [
            0,
            0,
            0.5,
            0
          ],
          "texture": "#3"
        },
        "west": {
          "uv": [
            0,
            0,
            1,
            0
          ],
          "texture": "#3"
        },
        "up": {
          "uv": [
            14.5,
            1,
            14,
            0
          ],
          "texture": "#3"
        },
        "down": {
          "uv": [
            14.5,
            1,
            14,
            2
          ],
          "texture": "#3"
        }
      }
    },
    {
      "from": [
        5.95443,
        12.91385,
        8.91563
      ],
      "to": [
        9.95443,
        15.91385,
        12.91563
      ],
      "rotation": {
        "angle": -45,
        "axis": "x",
        "origin": [
          7.9327,
          14.2956,
          10.36563
        ]
      },
      "faces": {
        "north": {
          "uv": [
            6,
            12,
            8,
            13.5
          ],
          "texture": "#3"
        },
        "east": {
          "uv": [
            12,
            6,
            14,
            7.5
          ],
          "texture": "#3"
        },
        "south": {
          "uv": [
            12,
            7.5,
            14,
            9
          ],
          "texture": "#3"
        },
        "west": {
          "uv": [
            12,
            9,
            14,
            10.5
          ],
          "texture": "#3"
        },
        "up": {
          "uv": [
            8,
            12,
            6,
            10
          ],
          "texture": "#3"
        },
        "down": {
          "uv": [
            12,
            6,
            10,
            8
          ],
          "texture": "#3"
        }
      }
    },
    {
      "from": [
        7.93994,
        13.47736,
        7.26563
      ],
      "to": [
        7.93994,
        15.47736,
        11.26563
      ],
      "rotation": {
        "angle": -45,
        "axis": "x",
        "origin": [
          7.9327,
          14.2956,
          10.36563
        ]
      },
      "faces": {
        "north": {
          "uv": [
            0,
            0,
            0,
            1
          ],
          "texture": "#3"
        },
        "east": {
          "uv": [
            2,
            13.5,
            4,
            14.5
          ],
          "texture": "#3"
        },
        "south": {
          "uv": [
            0,
            0,
            0,
            1
          ],
          "texture": "#3"
        },
        "west": {
          "uv": [
            4,
            13.5,
            6,
            14.5
          ],
          "texture": "#3"
        },
        "up": {
          "uv": [
            0,
            2,
            0,
            0
          ],
          "texture": "#3"
        },
        "down": {
          "uv": [
            0,
            0,
            0,
            2
          ],
          "texture": "#3"
        }
      }
    },
    {
      "from": [
        5.44719,
        11.61385,
        11.46563
      ],
      "to": [
        10.44719,
        16.61385,
        11.46563
      ],
      "rotation": {
        "angle": -45,
        "axis": "x",
        "origin": [
          7.9327,
          14.2956,
          10.36563
        ]
      },
      "faces": {
        "north": {
          "uv": [
            7.5,
            2.5,
            10,
            5
          ],
          "texture": "#3"
        },
        "east": {
          "uv": [
            0,
            0,
            0,
            2.5
          ],
          "texture": "#3"
        },
        "south": {
          "uv": [
            5,
            7.5,
            7.5,
            10
          ],
          "texture": "#3"
        },
        "west": {
          "uv": [
            0,
            0,
            0,
            2.5
          ],
          "texture": "#3"
        },
        "up": {
          "uv": [
            2.5,
            0,
            0,
            0
          ],
          "texture": "#3"
        },
        "down": {
          "uv": [
            2.5,
            0,
            0,
            0
          ],
          "texture": "#3"
        }
      }
    },
    {
      "from": [
        5.44719,
        11.61385,
        10.21563
      ],
      "to": [
        10.44719,
        16.61385,
        10.21563
      ],
      "rotation": {
        "angle": -45,
        "axis": "x",
        "origin": [
          7.9327,
          14.2956,
          10.36563
        ]
      },
      "faces": {
        "north": {
          "uv": [
            7.5,
            5,
            10,
            7.5
          ],
          "texture": "#3"
        },
        "east": {
          "uv": [
            0,
            0,
            0,
            2.5
          ],
          "texture": "#3"
        },
        "south": {
          "uv": [
            7.5,
            7.5,
            10,
            10
          ],
          "texture": "#3"
        },
        "west": {
          "uv": [
            0,
            0,
            0,
            2.5
          ],
          "texture": "#3"
        },
        "up": {
          "uv": [
            2.5,
            0,
            0,
            0
          ],
          "texture": "#3"
        },
        "down": {
          "uv": [
            2.5,
            0,
            0,
            0
          ],
          "texture": "#3"
        }
      }
    },
    {
      "from": [
        4.9327,
        14.17736,
        9.81563
      ],
      "to": [
        5.9327,
        14.17736,
        11.81563
      ],
      "rotation": {
        "angle": -45,
        "axis": "x",
        "origin": [
          7.9327,
          14.2956,
          10.36563
        ]
      },
      "faces": {
        "north": {
          "uv": [
            0,
            0,
            0.5,
            0
          ],
          "texture": "#3"
        },
        "east": {
          "uv": [
            0,
            0,
            1,
            0
          ],
          "texture": "#3"
        },
        "south": {
          "uv": [
            0,
            0,
            0.5,
            0
          ],
          "texture": "#3"
        },
        "west": {
          "uv": [
            0,
            0,
            1,
            0
          ],
          "texture": "#3"
        },
        "up": {
          "uv": [
            14.5,
            3,
            14,
            2
          ],
          "texture": "#3"
        },
        "down": {
          "uv": [
            14.5,
            3,
            14,
            4
          ],
          "texture": "#3"
        }
      }
    },
    {
      "from": [
        4.5,
        5.5,
        1.5
      ],
      "to": [
        11.5,
        7.5,
        16.5
      ],
      "rotation": {
        "angle": 0,
        "axis": "y",
        "origin": [
          8,
          4.5,
          8
        ]
      },
      "faces": {
        "north": {
          "uv": [
            9.125,
            8,
            10,
            8.25
          ],
          "texture": "#0"
        },
        "east": {
          "uv": [
            7.25,
            8.125,
            9.125,
            8.375
          ],
          "texture": "#0"
        },
        "south": {
          "uv": [
            4,
            9.375,
            4.875,
            9.625
          ],
          "texture": "#0"
        },
        "west": {
          "uv": [
            8.125,
            7.5,
            10,
            7.75
          ],
          "texture": "#0"
        },
        "up": {
          "uv": [
            1.875,
            3.875,
            1,
            2
          ],
          "texture": "#0"
        },
        "down": {
          "uv": [
            2.75,
            2,
            1.875,
            3.875
          ],
          "texture": "#0"
        }
      }
    },
    {
      "from": [
        5.5,
        13.5,
        17.5
      ],
      "to": [
        10.5,
        18.5,
        26.5
      ],
      "rotation": {
        "angle": 0,
        "axis": "y",
        "origin": [
          8,
          12.5,
          8
        ]
      },
      "faces": {
        "north": {
          "uv": [
            3.625,
            8.75,
            4.25,
            9.375
          ],
          "texture": "#0"
        },
        "east": {
          "uv": [
            7.125,
            0,
            8.25,
            0.625
          ],
          "texture": "#0"
        },
        "south": {
          "uv": [
            4.25,
            8.75,
            4.875,
            9.375
          ],
          "texture": "#0"
        },
        "west": {
          "uv": [
            7.125,
            0.625,
            8.25,
            1.25
          ],
          "texture": "#0"
        },
        "up": {
          "uv": [
            3.25,
            8.125,
            2.625,
            7
          ],
          "texture": "#0"
        },
        "down": {
          "uv": [
            7.875,
            1.25,
            7.25,
            2.375
          ],
          "texture": "#0"
        }
      }
    },
    {
      "from": [
        5.25,
        13.25,
        17.75
      ],
      "to": [
        10.75,
        18.75,
        26.25
      ],
      "rotation": {
        "angle": 0,
        "axis": "y",
        "origin": [
          8,
          12.5,
          8.5
        ]
      },
      "faces": {
        "north": {
          "uv": [
            4.875,
            8.75,
            5.5,
            9.375
          ],
          "texture": "#0"
        },
        "east": {
          "uv": [
            0.5,
            7.875,
            1.5,
            8.5
          ],
          "texture": "#0"
        },
        "south": {
          "uv": [
            6.75,
            8.75,
            7.375,
            9.375
          ],
          "texture": "#0"
        },
        "west": {
          "uv": [
            7.875,
            1.25,
            8.875,
            1.875
          ],
          "texture": "#0"
        },
        "up": {
          "uv": [
            2.125,
            8.875,
            1.5,
            7.875
          ],
          "texture": "#0"
        },
        "down": {
          "uv": [
            8.5,
            4,
            7.875,
            5
          ],
          "texture": "#0"
        }
      }
    },
    {
      "from": [
        4.5,
        11.5,
        1.5
      ],
      "to": [
        11.5,
        13.5,
        16.5
      ],
      "rotation": {
        "angle": 0,
        "axis": "y",
        "origin": [
          8,
          11.5,
          8
        ]
      },
      "faces": {
        "north": {
          "uv": [
            9.375,
            4.375,
            10.25,
            4.625
          ],
          "texture": "#0"
        },
        "east": {
          "uv": [
            8.125,
            7.75,
            10,
            8
          ],
          "texture": "#0"
        },
        "south": {
          "uv": [
            9.375,
            4.625,
            10.25,
            4.875
          ],
          "texture": "#0"
        },
        "west": {
          "uv": [
            8.25,
            0,
            10.125,
            0.25
          ],
          "texture": "#0"
        },
        "up": {
          "uv": [
            3.625,
            3.875,
            2.75,
            2
          ],
          "texture": "#0"
        },
        "down": {
          "uv": [
            3.875,
            0,
            3,
            1.875
          ],
          "texture": "#0"
        }
      }
    },
    {
      "from": [
        6.5,
        11.5,
        18.5
      ],
      "to": [
        9.5,
        13.5,
        25.5
      ],
      "rotation": {
        "angle": 0,
        "axis": "y",
        "origin": [
          8,
          11.5,
          16
        ]
      },
      "faces": {
        "north": {
          "uv": [
            0.625,
            5,
            1,
            5.25
          ],
          "texture": "#0"
        },
        "east": {
          "uv": [
            9.5,
            3,
            10.375,
            3.25
          ],
          "texture": "#0"
        },
        "south": {
          "uv": [
            6.625,
            4.625,
            7,
            4.875
          ],
          "texture": "#0"
        },
        "west": {
          "uv": [
            9.5,
            3.25,
            10.375,
            3.5
          ],
          "texture": "#0"
        },
        "up": {
          "uv": [
            6.625,
            10,
            6.25,
            9.125
          ],
          "texture": "#0"
        },
        "down": {
          "uv": [
            9.625,
            8.75,
            9.25,
            9.625
          ],
          "texture": "#0"
        }
      }
    },
    {
      "from": [
        5,
        10.5,
        20
      ],
      "to": [
        11,
        12.5,
        24
      ],
      "rotation": {
        "angle": 0,
        "axis": "y",
        "origin": [
          6.5,
          15,
          9.5
        ]
      },
      "faces": {
        "north": {
          "uv": [
            9.625,
            1,
            10.375,
            1.25
          ],
          "texture": "#0"
        },
        "east": {
          "uv": [
            7,
            5.875,
            7.5,
            6.125
          ],
          "texture": "#0"
        },
        "south": {
          "uv": [
            9.625,
            1.25,
            10.375,
            1.5
          ],
          "texture": "#0"
        },
        "west": {
          "uv": [
            2.125,
            7.875,
            2.625,
            8.125
          ],
          "texture": "#0"
        },
        "up": {
          "uv": [
            9.625,
            1.75,
            8.875,
            1.25
          ],
          "texture": "#0"
        },
        "down": {
          "uv": [
            9.625,
            1.75,
            8.875,
            2.25
          ],
          "texture": "#0"
        }
      }
    },
    {
      "from": [
        5,
        6.5,
        20
      ],
      "to": [
        11,
        8.5,
        24
      ],
      "rotation": {
        "angle": 0,
        "axis": "y",
        "origin": [
          6.5,
          1,
          9.5
        ]
      },
      "faces": {
        "north": {
          "uv": [
            9.625,
            1.5,
            10.375,
            1.75
          ],
          "texture": "#0"
        },
        "east": {
          "uv": [
            6.75,
            8.5,
            7.25,
            8.75
          ],
          "texture": "#0"
        },
        "south": {
          "uv": [
            9.625,
            1.75,
            10.375,
            2
          ],
          "texture": "#0"
        },
        "west": {
          "uv": [
            9.625,
            2.5,
            10.125,
            2.75
          ],
          "texture": "#0"
        },
        "up": {
          "uv": [
            9.625,
            2.75,
            8.875,
            2.25
          ],
          "texture": "#0"
        },
        "down": {
          "uv": [
            9.625,
            5.75,
            8.875,
            6.25
          ],
          "texture": "#0"
        }
      }
    },
    {
      "from": [
        4.5,
        6,
        25.5
      ],
      "to": [
        11.5,
        13,
        30.5
      ],
      "rotation": {
        "angle": 0,
        "axis": "y",
        "origin": [
          6.5,
          1,
          9.5
        ]
      },
      "faces": {
        "north": {
          "uv": [
            6.375,
            1.5,
            7.25,
            2.375
          ],
          "texture": "#0"
        },
        "east": {
          "uv": [
            4.875,
            7.875,
            5.5,
            8.75
          ],
          "texture": "#0"
        },
        "south": {
          "uv": [
            6.375,
            2.375,
            7.25,
            3.25
          ],
          "texture": "#0"
        },
        "west": {
          "uv": [
            7.875,
            5,
            8.5,
            5.875
          ],
          "texture": "#0"
        },
        "up": {
          "uv": [
            6.375,
            8.5,
            5.5,
            7.875
          ],
          "texture": "#0"
        },
        "down": {
          "uv": [
            7.25,
            7.875,
            6.375,
            8.5
          ],
          "texture": "#0"
        }
      }
    },
    {
      "from": [
        3.5,
        11,
        5
      ],
      "to": [
        12.5,
        14,
        14
      ],
      "rotation": {
        "angle": 0,
        "axis": "y",
        "origin": [
          7,
          11.5,
          9.5
        ]
      },
      "faces": {
        "north": {
          "uv": [
            8.375,
            3.125,
            9.5,
            3.5
          ],
          "texture": "#0"
        },
        "east": {
          "uv": [
            8.375,
            3.5,
            9.5,
            3.875
          ],
          "texture": "#0"
        },
        "south": {
          "uv": [
            7.25,
            8.375,
            8.375,
            8.75
          ],
          "texture": "#0"
        },
        "west": {
          "uv": [
            8.375,
            8.375,
            9.5,
            8.75
          ],
          "texture": "#0"
        },
        "up": {
          "uv": [
            4.75,
            3,
            3.625,
            1.875
          ],
          "texture": "#0"
        },
        "down": {
          "uv": [
            4.75,
            3,
            3.625,
            4.125
          ],
          "texture": "#0"
        }
      }
    },
    {
      "from": [
        11.5,
        14.25,
        6
      ],
      "to": [
        4.5,
        18.25,
        13
      ],
      "rotation": {
        "angle": 0,
        "axis": "y",
        "origin": [
          13,
          16.75,
          10.5
        ]
      },
      "faces": {
        "north": {
          "uv": [
            3.875,
            1.375,
            4.75,
            1.875
          ],
          "texture": "#0"
        },
        "east": {
          "uv": [
            8.25,
            0.25,
            9.125,
            0.75
          ],
          "texture": "#0"
        },
        "south": {
          "uv": [
            8.25,
            0.75,
            9.125,
            1.25
          ],
          "texture": "#0"
        },
        "west": {
          "uv": [
            4,
            8.25,
            4.875,
            8.75
          ],
          "texture": "#0"
        },
        "up": {
          "uv": [
            2.625,
            7.875,
            1.75,
            7
          ],
          "texture": "#0"
        },
        "down": {
          "uv": [
            7.875,
            4.125,
            7,
            5
          ],
          "texture": "#0"
        }
      }
    },
    {
      "from": [
        4,
        14,
        5.5
      ],
      "to": [
        12,
        21,
        13.5
      ],
      "rotation": {
        "angle": 0,
        "axis": "y",
        "origin": [
          6.5,
          16.5,
          10
        ]
      },
      "faces": {
        "north": {
          "uv": [
            3.625,
            5.125,
            4.625,
            6
          ],
          "texture": "#0"
        },
        "east": {
          "uv": [
            4.625,
            5.125,
            5.625,
            6
          ],
          "texture": "#0"
        },
        "south": {
          "uv": [
            0.625,
            5.25,
            1.625,
            6.125
          ],
          "texture": "#0"
        },
        "west": {
          "uv": [
            1.625,
            5.25,
            2.625,
            6.125
          ],
          "texture": "#0"
        },
        "up": {
          "uv": [
            1,
            5,
            0,
            4
          ],
          "texture": "#0"
        },
        "down": {
          "uv": [
            4.625,
            4.125,
            3.625,
            5.125
          ],
          "texture": "#0"
        }
      }
    },
    {
      "from": [
        12,
        14,
        5.5
      ],
      "to": [
        4,
        21,
        13.5
      ],
      "rotation": {
        "angle": 0,
        "axis": "y",
        "origin": [
          14.5,
          16.5,
          10
        ]
      },
      "faces": {
        "north": {
          "uv": [
            2.625,
            5.25,
            3.625,
            6.125
          ],
          "texture": "#0"
        },
        "east": {
          "uv": [
            5.375,
            2.25,
            6.375,
            3.125
          ],
          "texture": "#0"
        },
        "south": {
          "uv": [
            5.375,
            3.125,
            6.375,
            4
          ],
          "texture": "#0"
        },
        "west": {
          "uv": [
            5.625,
            4,
            6.625,
            4.875
          ],
          "texture": "#0"
        },
        "up": {
          "uv": [
            5.625,
            5.125,
            4.625,
            4.125
          ],
          "texture": "#0"
        },
        "down": {
          "uv": [
            5.75,
            0,
            4.75,
            1
          ],
          "texture": "#0"
        }
      }
    },
    {
      "from": [
        4.5,
        6,
        -2.5
      ],
      "to": [
        11.5,
        7,
        4.5
      ],
      "rotation": {
        "angle": 0,
        "axis": "y",
        "origin": [
          6.5,
          1,
          8.5
        ]
      },
      "faces": {
        "north": {
          "uv": [
            9.75,
            9.25,
            10.625,
            9.375
          ],
          "texture": "#0"
        },
        "east": {
          "uv": [
            9.75,
            9.375,
            10.625,
            9.5
          ],
          "texture": "#0"
        },
        "south": {
          "uv": [
            9.75,
            9.5,
            10.625,
            9.625
          ],
          "texture": "#0"
        },
        "west": {
          "uv": [
            9.75,
            9.625,
            10.625,
            9.75
          ],
          "texture": "#0"
        },
        "up": {
          "uv": [
            6.75,
            7.875,
            5.875,
            7
          ],
          "texture": "#0"
        },
        "down": {
          "uv": [
            7.625,
            7,
            6.75,
            7.875
          ],
          "texture": "#0"
        }
      }
    },
    {
      "from": [
        4.5,
        7,
        -2.5
      ],
      "to": [
        5.5,
        12,
        4.5
      ],
      "rotation": {
        "angle": 0,
        "axis": "y",
        "origin": [
          6.5,
          1,
          8.5
        ]
      },
      "faces": {
        "north": {
          "uv": [
            9.5,
            9.625,
            9.625,
            10.25
          ],
          "texture": "#0"
        },
        "east": {
          "uv": [
            2.125,
            8.125,
            3,
            8.75
          ],
          "texture": "#0"
        },
        "south": {
          "uv": [
            9.75,
            9.75,
            9.875,
            10.375
          ],
          "texture": "#0"
        },
        "west": {
          "uv": [
            8.125,
            6.875,
            9,
            7.5
          ],
          "texture": "#0"
        },
        "up": {
          "uv": [
            9.75,
            9.875,
            9.625,
            9
          ],
          "texture": "#0"
        },
        "down": {
          "uv": [
            9.375,
            9.625,
            9.25,
            10.5
          ],
          "texture": "#0"
        }
      }
    },
    {
      "from": [
        4.5,
        12,
        -2.5
      ],
      "to": [
        11.5,
        13,
        4.5
      ],
      "rotation": {
        "angle": 0,
        "axis": "y",
        "origin": [
          6.5,
          1,
          8.5
        ]
      },
      "faces": {
        "north": {
          "uv": [
            8.125,
            8,
            9,
            8.125
          ],
          "texture": "#0"
        },
        "east": {
          "uv": [
            9.5,
            3.75,
            10.375,
            3.875
          ],
          "texture": "#0"
        },
        "south": {
          "uv": [
            9.75,
            9,
            10.625,
            9.125
          ],
          "texture": "#0"
        },
        "west": {
          "uv": [
            9.75,
            9.125,
            10.625,
            9.25
          ],
          "texture": "#0"
        },
        "up": {
          "uv": [
            0.875,
            7.875,
            0,
            7
          ],
          "texture": "#0"
        },
        "down": {
          "uv": [
            1.75,
            7,
            0.875,
            7.875
          ],
          "texture": "#0"
        }
      }
    },
    {
      "from": [
        10.5,
        7,
        -2.5
      ],
      "to": [
        11.5,
        12,
        4.5
      ],
      "rotation": {
        "angle": 0,
        "axis": "y",
        "origin": [
          6.5,
          1,
          8.5
        ]
      },
      "faces": {
        "north": {
          "uv": [
            6.25,
            1.5,
            6.375,
            2.125
          ],
          "texture": "#0"
        },
        "east": {
          "uv": [
            8,
            1.875,
            8.875,
            2.5
          ],
          "texture": "#0"
        },
        "south": {
          "uv": [
            9.375,
            9.625,
            9.5,
            10.25
          ],
          "texture": "#0"
        },
        "west": {
          "uv": [
            8,
            2.5,
            8.875,
            3.125
          ],
          "texture": "#0"
        },
        "up": {
          "uv": [
            5.5,
            10.25,
            5.375,
            9.375
          ],
          "texture": "#0"
        },
        "down": {
          "uv": [
            1.75,
            9.5,
            1.625,
            10.375
          ],
          "texture": "#0"
        }
      }
    },
    {
      "from": [
        2.5,
        4,
        -2.5
      ],
      "to": [
        4.5,
        15,
        4.5
      ],
      "rotation": {
        "angle": 0,
        "axis": "y",
        "origin": [
          6.5,
          1,
          11.5
        ]
      },
      "faces": {
        "north": {
          "uv": [
            2.75,
            8.75,
            3,
            10.125
          ],
          "texture": "#0"
        },
        "east": {
          "uv": [
            3.875,
            0,
            4.75,
            1.375
          ],
          "texture": "#0"
        },
        "south": {
          "uv": [
            1.75,
            8.875,
            2,
            10.25
          ],
          "texture": "#0"
        },
        "west": {
          "uv": [
            1,
            3.875,
            1.875,
            5.25
          ],
          "texture": "#0"
        },
        "up": {
          "uv": [
            2.75,
            10.25,
            2.5,
            9.375
          ],
          "texture": "#0"
        },
        "down": {
          "uv": [
            5.125,
            9.375,
            4.875,
            10.25
          ],
          "texture": "#0"
        }
      }
    },
    {
      "from": [
        2,
        6,
        -0.5
      ],
      "to": [
        3,
        10,
        2.5
      ],
      "rotation": {
        "angle": 0,
        "axis": "y",
        "origin": [
          -3,
          8,
          1
        ]
      },
      "faces": {
        "north": {
          "uv": [
            0.5,
            6.5,
            0.625,
            7
          ],
          "texture": "#0"
        },
        "east": {
          "uv": [
            3.25,
            6.125,
            3.625,
            6.625
          ],
          "texture": "#0"
        },
        "south": {
          "uv": [
            7.875,
            1.875,
            8,
            2.375
          ],
          "texture": "#0"
        },
        "west": {
          "uv": [
            6.625,
            4.125,
            7,
            4.625
          ],
          "texture": "#0"
        },
        "up": {
          "uv": [
            5.375,
            4.125,
            5.25,
            3.75
          ],
          "texture": "#0"
        },
        "down": {
          "uv": [
            5,
            7.5,
            4.875,
            7.875
          ],
          "texture": "#0"
        }
      }
    },
    {
      "from": [
        13,
        6,
        -0.5
      ],
      "to": [
        14,
        10,
        2.5
      ],
      "rotation": {
        "angle": 0,
        "axis": "y",
        "origin": [
          19,
          8,
          1
        ]
      },
      "faces": {
        "north": {
          "uv": [
            2,
            8.875,
            2.125,
            9.375
          ],
          "texture": "#0"
        },
        "east": {
          "uv": [
            1.25,
            9.5,
            1.625,
            10
          ],
          "texture": "#0"
        },
        "south": {
          "uv": [
            2,
            9.875,
            2.125,
            10.375
          ],
          "texture": "#0"
        },
        "west": {
          "uv": [
            9.625,
            2,
            10,
            2.5
          ],
          "texture": "#0"
        },
        "up": {
          "uv": [
            1.5,
            8.875,
            1.375,
            8.5
          ],
          "texture": "#0"
        },
        "down": {
          "uv": [
            3.625,
            9,
            3.5,
            9.375
          ],
          "texture": "#0"
        }
      }
    },
    {
      "from": [
        4.5,
        4,
        -2.5
      ],
      "to": [
        11.5,
        6,
        4.5
      ],
      "rotation": {
        "angle": 0,
        "axis": "y",
        "origin": [
          6.5,
          1,
          8.5
        ]
      },
      "faces": {
        "north": {
          "uv": [
            9.375,
            4.875,
            10.25,
            5.125
          ],
          "texture": "#0"
        },
        "east": {
          "uv": [
            6.625,
            9.375,
            7.5,
            9.625
          ],
          "texture": "#0"
        },
        "south": {
          "uv": [
            7.5,
            9.375,
            8.375,
            9.625
          ],
          "texture": "#0"
        },
        "west": {
          "uv": [
            8.375,
            9.375,
            9.25,
            9.625
          ],
          "texture": "#0"
        },
        "up": {
          "uv": [
            4.125,
            7.5,
            3.25,
            6.625
          ],
          "texture": "#0"
        },
        "down": {
          "uv": [
            7.5,
            3.25,
            6.625,
            4.125
          ],
          "texture": "#0"
        }
      }
    },
    {
      "from": [
        11.5,
        4,
        -2.5
      ],
      "to": [
        13.5,
        15,
        4.5
      ],
      "rotation": {
        "angle": 0,
        "axis": "y",
        "origin": [
          6.5,
          1,
          8.5
        ]
      },
      "faces": {
        "north": {
          "uv": [
            3,
            9,
            3.25,
            10.375
          ],
          "texture": "#0"
        },
        "east": {
          "uv": [
            1.875,
            3.875,
            2.75,
            5.25
          ],
          "texture": "#0"
        },
        "south": {
          "uv": [
            3.25,
            9,
            3.5,
            10.375
          ],
          "texture": "#0"
        },
        "west": {
          "uv": [
            2.75,
            3.875,
            3.625,
            5.25
          ],
          "texture": "#0"
        },
        "up": {
          "uv": [
            5.375,
            10.25,
            5.125,
            9.375
          ],
          "texture": "#0"
        },
        "down": {
          "uv": [
            1.25,
            9.5,
            1,
            10.375
          ],
          "texture": "#0"
        }
      }
    },
    {
      "from": [
        4.5,
        6,
        -1.5
      ],
      "to": [
        11.5,
        13,
        4.5
      ],
      "rotation": {
        "angle": 0,
        "axis": "y",
        "origin": [
          6.5,
          1,
          8.5
        ]
      },
      "faces": {
        "north": {
          "uv": [
            4.125,
            6.625,
            5,
            7.5
          ],
          "texture": "#0"
        },
        "east": {
          "uv": [
            7.25,
            2.375,
            8,
            3.25
          ],
          "texture": "#0"
        },
        "south": {
          "uv": [
            6.75,
            6.125,
            7.625,
            7
          ],
          "texture": "#0"
        },
        "west": {
          "uv": [
            3.25,
            7.5,
            4,
            8.375
          ],
          "texture": "#0"
        },
        "up": {
          "uv": [
            8.375,
            4,
            7.5,
            3.25
          ],
          "texture": "#0"
        },
        "down": {
          "uv": [
            4.875,
            7.5,
            4,
            8.25
          ],
          "texture": "#0"
        }
      }
    },
    {
      "from": [
        4.5,
        13,
        -2.5
      ],
      "to": [
        11.5,
        15,
        4.5
      ],
      "rotation": {
        "angle": 0,
        "axis": "y",
        "origin": [
          6.5,
          1,
          8.5
        ]
      },
      "faces": {
        "north": {
          "uv": [
            9.5,
            3.5,
            10.375,
            3.75
          ],
          "texture": "#0"
        },
        "east": {
          "uv": [
            9.5,
            8.25,
            10.375,
            8.5
          ],
          "texture": "#0"
        },
        "south": {
          "uv": [
            9.5,
            8.5,
            10.375,
            8.75
          ],
          "texture": "#0"
        },
        "west": {
          "uv": [
            9.625,
            0.75,
            10.5,
            1
          ],
          "texture": "#0"
        },
        "up": {
          "uv": [
            5.875,
            7.875,
            5,
            7
          ],
          "texture": "#0"
        },
        "down": {
          "uv": [
            7.875,
            5,
            7,
            5.875
          ],
          "texture": "#0"
        }
      }
    },
    {
      "from": [
        3,
        12.6,
        -2.6
      ],
      "to": [
        4,
        13.6,
        -2.6
      ],
      "rotation": {
        "angle": 0,
        "axis": "y",
        "origin": [
          6.5,
          1,
          11.5
        ]
      },
      "faces": {
        "north": {
          "uv": [
            3,
            1.875,
            3.125,
            2
          ],
          "texture": "#0"
        },
        "east": {
          "uv": [
            0,
            0,
            0,
            0.125
          ],
          "texture": "#0"
        },
        "south": {
          "uv": [
            3.125,
            1.875,
            3.25,
            2
          ],
          "texture": "#0"
        },
        "west": {
          "uv": [
            0,
            0,
            0,
            0.125
          ],
          "texture": "#0"
        },
        "up": {
          "uv": [
            0.125,
            0,
            0,
            0
          ],
          "texture": "#0"
        },
        "down": {
          "uv": [
            0.125,
            0,
            0,
            0
          ],
          "texture": "#0"
        }
      }
    },
    {
      "from": [
        12,
        12.6,
        -2.6
      ],
      "to": [
        13,
        13.6,
        -2.6
      ],
      "rotation": {
        "angle": 0,
        "axis": "y",
        "origin": [
          9.5,
          1,
          11.5
        ]
      },
      "faces": {
        "north": {
          "uv": [
            3.25,
            1.875,
            3.375,
            2
          ],
          "texture": "#0"
        },
        "east": {
          "uv": [
            0,
            0,
            0,
            0.125
          ],
          "texture": "#0"
        },
        "south": {
          "uv": [
            3.375,
            1.875,
            3.5,
            2
          ],
          "texture": "#0"
        },
        "west": {
          "uv": [
            0,
            0,
            0,
            0.125
          ],
          "texture": "#0"
        },
        "up": {
          "uv": [
            0.125,
            0,
            0,
            0
          ],
          "texture": "#0"
        },
        "down": {
          "uv": [
            0.125,
            0,
            0,
            0
          ],
          "texture": "#0"
        }
      }
    },
    {
      "from": [
        2.49269,
        4,
        -2.99058
      ],
      "to": [
        4.49269,
        15,
        -2.99058
      ],
      "rotation": {
        "angle": 22.5,
        "axis": "y",
        "origin": [
          8,
          9.5,
          0.5
        ]
      },
      "faces": {
        "north": {
          "uv": [
            0,
            9.125,
            0.25,
            10.5
          ],
          "texture": "#0"
        },
        "east": {
          "uv": [
            0,
            0,
            0,
            1.375
          ],
          "texture": "#0"
        },
        "south": {
          "uv": [
            0.25,
            9.125,
            0.5,
            10.5
          ],
          "texture": "#0"
        },
        "west": {
          "uv": [
            0,
            0,
            0,
            1.375
          ],
          "texture": "#0"
        },
        "up": {
          "uv": [
            0.25,
            0,
            0,
            0
          ],
          "texture": "#0"
        },
        "down": {
          "uv": [
            0.25,
            0,
            0,
            0
          ],
          "texture": "#0"
        }
      }
    },
    {
      "from": [
        1.34464,
        4,
        0.78106
      ],
      "to": [
        3.34464,
        15,
        0.78106
      ],
      "rotation": {
        "angle": 22.5,
        "axis": "y",
        "origin": [
          8,
          9.5,
          1.5
        ]
      },
      "faces": {
        "north": {
          "uv": [
            0.5,
            9.125,
            0.75,
            10.5
          ],
          "texture": "#0"
        },
        "east": {
          "uv": [
            0,
            0,
            0,
            1.375
          ],
          "texture": "#0"
        },
        "south": {
          "uv": [
            0.75,
            9.125,
            1,
            10.5
          ],
          "texture": "#0"
        },
        "west": {
          "uv": [
            0,
            0,
            0,
            1.375
          ],
          "texture": "#0"
        },
        "up": {
          "uv": [
            0.25,
            0,
            0,
            0
          ],
          "texture": "#0"
        },
        "down": {
          "uv": [
            0.25,
            0,
            0,
            0
          ],
          "texture": "#0"
        }
      }
    },
    {
      "from": [
        2.5,
        13.00731,
        -2.49058
      ],
      "to": [
        13.5,
        15.00731,
        -2.49058
      ],
      "rotation": {
        "angle": 22.5,
        "axis": "x",
        "origin": [
          8,
          9.5,
          1
        ]
      },
      "faces": {
        "north": {
          "uv": [
            8.875,
            2.75,
            10.25,
            3
          ],
          "texture": "#0"
        },
        "east": {
          "uv": [
            0,
            0,
            0,
            0.25
          ],
          "texture": "#0"
        },
        "south": {
          "uv": [
            8.875,
            6.25,
            10.25,
            6.5
          ],
          "texture": "#0"
        },
        "west": {
          "uv": [
            0,
            0,
            0,
            0.25
          ],
          "texture": "#0"
        },
        "up": {
          "uv": [
            1.375,
            0,
            0,
            0
          ],
          "texture": "#0"
        },
        "down": {
          "uv": [
            1.375,
            0,
            0,
            0
          ],
          "texture": "#0"
        }
      }
    },
    {
      "from": [
        2.5,
        14.15536,
        0.28106
      ],
      "to": [
        13.5,
        16.15536,
        0.28106
      ],
      "rotation": {
        "angle": 22.5,
        "axis": "x",
        "origin": [
          8,
          9.5,
          1
        ]
      },
      "faces": {
        "north": {
          "uv": [
            8.875,
            6.5,
            10.25,
            6.75
          ],
          "texture": "#0"
        },
        "east": {
          "uv": [
            0,
            0,
            0,
            0.25
          ],
          "texture": "#0"
        },
        "south": {
          "uv": [
            9,
            6.75,
            10.375,
            7
          ],
          "texture": "#0"
        },
        "west": {
          "uv": [
            0,
            0,
            0,
            0.25
          ],
          "texture": "#0"
        },
        "up": {
          "uv": [
            1.375,
            0,
            0,
            0
          ],
          "texture": "#0"
        },
        "down": {
          "uv": [
            1.375,
            0,
            0,
            0
          ],
          "texture": "#0"
        }
      }
    },
    {
      "from": [
        2.5,
        3.99269,
        -2.49058
      ],
      "to": [
        13.5,
        5.99269,
        -2.49058
      ],
      "rotation": {
        "angle": -22.5,
        "axis": "x",
        "origin": [
          8,
          9.5,
          1
        ]
      },
      "faces": {
        "north": {
          "uv": [
            9,
            7,
            10.375,
            7.25
          ],
          "texture": "#0"
        },
        "east": {
          "uv": [
            0,
            0,
            0,
            0.25
          ],
          "texture": "#0"
        },
        "south": {
          "uv": [
            9,
            7.25,
            10.375,
            7.5
          ],
          "texture": "#0"
        },
        "west": {
          "uv": [
            0,
            0,
            0,
            0.25
          ],
          "texture": "#0"
        },
        "up": {
          "uv": [
            1.375,
            0,
            0,
            0
          ],
          "texture": "#0"
        },
        "down": {
          "uv": [
            1.375,
            0,
            0,
            0
          ],
          "texture": "#0"
        }
      }
    },
    {
      "from": [
        12.65536,
        4,
        0.78106
      ],
      "to": [
        14.65536,
        15,
        0.78106
      ],
      "rotation": {
        "angle": -22.5,
        "axis": "y",
        "origin": [
          8,
          9.5,
          1.5
        ]
      },
      "faces": {
        "north": {
          "uv": [
            9.125,
            3.875,
            9.375,
            5.25
          ],
          "texture": "#0"
        },
        "east": {
          "uv": [
            0,
            0,
            0,
            1.375
          ],
          "texture": "#0"
        },
        "south": {
          "uv": [
            5.5,
            9.125,
            5.75,
            10.5
          ],
          "texture": "#0"
        },
        "west": {
          "uv": [
            0,
            0,
            0,
            1.375
          ],
          "texture": "#0"
        },
        "up": {
          "uv": [
            0.25,
            0,
            0,
            0
          ],
          "texture": "#0"
        },
        "down": {
          "uv": [
            0.25,
            0,
            0,
            0
          ],
          "texture": "#0"
        }
      }
    },
    {
      "from": [
        2.5,
        2.84464,
        0.28106
      ],
      "to": [
        13.5,
        4.84464,
        0.28106
      ],
      "rotation": {
        "angle": -22.5,
        "axis": "x",
        "origin": [
          8,
          9.5,
          1
        ]
      },
      "faces": {
        "north": {
          "uv": [
            9.125,
            0.25,
            10.5,
            0.5
          ],
          "texture": "#0"
        },
        "east": {
          "uv": [
            0,
            0,
            0,
            0.25
          ],
          "texture": "#0"
        },
        "south": {
          "uv": [
            9.125,
            0.5,
            10.5,
            0.75
          ],
          "texture": "#0"
        },
        "west": {
          "uv": [
            0,
            0,
            0,
            0.25
          ],
          "texture": "#0"
        },
        "up": {
          "uv": [
            1.375,
            0,
            0,
            0
          ],
          "texture": "#0"
        },
        "down": {
          "uv": [
            1.375,
            0,
            0,
            0
          ],
          "texture": "#0"
        }
      }
    },
    {
      "from": [
        11.50731,
        4,
        -2.99058
      ],
      "to": [
        13.50731,
        15,
        -2.99058
      ],
      "rotation": {
        "angle": -22.5,
        "axis": "y",
        "origin": [
          8,
          9.5,
          0.5
        ]
      },
      "faces": {
        "north": {
          "uv": [
            5.75,
            9.125,
            6,
            10.5
          ],
          "texture": "#0"
        },
        "east": {
          "uv": [
            0,
            0,
            0,
            1.375
          ],
          "texture": "#0"
        },
        "south": {
          "uv": [
            6,
            9.125,
            6.25,
            10.5
          ],
          "texture": "#0"
        },
        "west": {
          "uv": [
            0,
            0,
            0,
            1.375
          ],
          "texture": "#0"
        },
        "up": {
          "uv": [
            0.25,
            0,
            0,
            0
          ],
          "texture": "#0"
        },
        "down": {
          "uv": [
            0.25,
            0,
            0,
            0
          ],
          "texture": "#0"
        }
      }
    },
    {
      "from": [
        8,
        2.5,
        4.5
      ],
      "to": [
        8,
        6.5,
        8.5
      ],
      "rotation": {
        "angle": 0,
        "axis": "y",
        "origin": [
          6.5,
          1,
          8.5
        ]
      },
      "faces": {
        "north": {
          "uv": [
            0,
            0,
            0,
            0.5
          ],
          "texture": "#0"
        },
        "east": {
          "uv": [
            0,
            6.5,
            0.5,
            7
          ],
          "texture": "#0"
        },
        "south": {
          "uv": [
            0,
            0,
            0,
            0.5
          ],
          "texture": "#0"
        },
        "west": {
          "uv": [
            9.125,
            0.75,
            9.625,
            1.25
          ],
          "texture": "#0"
        },
        "up": {
          "uv": [
            0,
            0.5,
            0,
            0
          ],
          "texture": "#0"
        },
        "down": {
          "uv": [
            0,
            0,
            0,
            0.5
          ],
          "texture": "#0"
        }
      }
    },
    {
      "from": [
        7,
        1,
        8.5
      ],
      "to": [
        9,
        6,
        10.5
      ],
      "rotation": {
        "angle": 0,
        "axis": "y",
        "origin": [
          6.5,
          1,
          8.5
        ]
      },
      "faces": {
        "north": {
          "uv": [
            6.375,
            3.25,
            6.625,
            3.875
          ],
          "texture": "#0"
        },
        "east": {
          "uv": [
            7,
            9.625,
            7.25,
            10.25
          ],
          "texture": "#0"
        },
        "south": {
          "uv": [
            7.25,
            9.625,
            7.5,
            10.25
          ],
          "texture": "#0"
        },
        "west": {
          "uv": [
            7.5,
            9.625,
            7.75,
            10.25
          ],
          "texture": "#0"
        },
        "up": {
          "uv": [
            3.25,
            8.375,
            3,
            8.125
          ],
          "texture": "#0"
        },
        "down": {
          "uv": [
            1.375,
            8.5,
            1.125,
            8.75
          ],
          "texture": "#0"
        }
      }
    },
    {
      "from": [
        6.5,
        -1,
        7.5
      ],
      "to": [
        9.5,
        1,
        11.5
      ],
      "rotation": {
        "angle": 0,
        "axis": "y",
        "origin": [
          7,
          1,
          8.5
        ]
      },
      "faces": {
        "north": {
          "uv": [
            7.25,
            7.875,
            7.625,
            8.125
          ],
          "texture": "#0"
        },
        "east": {
          "uv": [
            8.75,
            9.625,
            9.25,
            9.875
          ],
          "texture": "#0"
        },
        "south": {
          "uv": [
            3.625,
            8.375,
            4,
            8.625
          ],
          "texture": "#0"
        },
        "west": {
          "uv": [
            9.625,
            8.75,
            10.125,
            9
          ],
          "texture": "#0"
        },
        "up": {
          "uv": [
            4.875,
            10.125,
            4.5,
            9.625
          ],
          "texture": "#0"
        },
        "down": {
          "uv": [
            7,
            9.625,
            6.625,
            10.125
          ],
          "texture": "#0"
        }
      }
    },
    {
      "from": [
        10,
        7.85,
        4.75
      ],
      "to": [
        6,
        11.85,
        14.25
      ],
      "rotation": {
        "angle": 0,
        "axis": "y",
        "origin": [
          11,
          0.85,
          9
        ]
      },
      "faces": {
        "north": {
          "uv": [
            9.125,
            5.25,
            9.625,
            5.75
          ],
          "texture": "#0"
        },
        "east": {
          "uv": [
            7.625,
            5.875,
            8.875,
            6.375
          ],
          "texture": "#0"
        },
        "south": {
          "uv": [
            2,
            9.375,
            2.5,
            9.875
          ],
          "texture": "#0"
        },
        "west": {
          "uv": [
            7.625,
            6.375,
            8.875,
            6.875
          ],
          "texture": "#0"
        },
        "up": {
          "uv": [
            8.125,
            8.125,
            7.625,
            6.875
          ],
          "texture": "#0"
        },
        "down": {
          "uv": [
            0.5,
            7.875,
            0,
            9.125
          ],
          "texture": "#0"
        }
      }
    },
    {
      "from": [
        10.5,
        7,
        3.5
      ],
      "to": [
        10.5,
        12,
        14.5
      ],
      "rotation": {
        "angle": 0,
        "axis": "y",
        "origin": [
          -10,
          1,
          9.5
        ]
      },
      "faces": {
        "north": {
          "uv": [
            0,
            0,
            0,
            0.625
          ],
          "texture": "#0"
        },
        "east": {
          "uv": [
            5.625,
            4.875,
            7,
            5.5
          ],
          "texture": "#0"
        },
        "south": {
          "uv": [
            0,
            0,
            0,
            0.625
          ],
          "texture": "#0"
        },
        "west": {
          "uv": [
            5.625,
            5.5,
            7,
            6.125
          ],
          "texture": "#0"
        },
        "up": {
          "uv": [
            0,
            1.375,
            0,
            0
          ],
          "texture": "#0"
        },
        "down": {
          "uv": [
            0,
            0,
            0,
            1.375
          ],
          "texture": "#0"
        }
      }
    },
    {
      "from": [
        5.5,
        7,
        3.5
      ],
      "to": [
        5.5,
        12,
        14.5
      ],
      "rotation": {
        "angle": 0,
        "axis": "y",
        "origin": [
          -15,
          1,
          9.5
        ]
      },
      "faces": {
        "north": {
          "uv": [
            0,
            0,
            0,
            0.625
          ],
          "texture": "#0"
        },
        "east": {
          "uv": [
            5.75,
            0,
            7.125,
            0.625
          ],
          "texture": "#0"
        },
        "south": {
          "uv": [
            0,
            0,
            0,
            0.625
          ],
          "texture": "#0"
        },
        "west": {
          "uv": [
            3.625,
            6,
            5,
            6.625
          ],
          "texture": "#0"
        },
        "up": {
          "uv": [
            0,
            1.375,
            0,
            0
          ],
          "texture": "#0"
        },
        "down": {
          "uv": [
            0,
            0,
            0,
            1.375
          ],
          "texture": "#0"
        }
      }
    },
    {
      "from": [
        5.5,
        7,
        14.5
      ],
      "to": [
        10.5,
        12,
        26.5
      ],
      "rotation": {
        "angle": 0,
        "axis": "y",
        "origin": [
          6.5,
          1,
          9.5
        ]
      },
      "faces": {
        "north": {
          "uv": [
            6.125,
            8.5,
            6.75,
            9.125
          ],
          "texture": "#0"
        },
        "east": {
          "uv": [
            4.75,
            1,
            6.25,
            1.625
          ],
          "texture": "#0"
        },
        "south": {
          "uv": [
            2.125,
            8.75,
            2.75,
            9.375
          ],
          "texture": "#0"
        },
        "west": {
          "uv": [
            4.75,
            1.625,
            6.25,
            2.25
          ],
          "texture": "#0"
        },
        "up": {
          "uv": [
            5.375,
            3.75,
            4.75,
            2.25
          ],
          "texture": "#0"
        },
        "down": {
          "uv": [
            0.625,
            5,
            0,
            6.5
          ],
          "texture": "#0"
        }
      }
    },
    {
      "name": "vfx",
      "from": [
        4,
        13.75,
        9.5
      ],
      "to": [
        12,
        18.75,
        9.5
      ],
      "rotation": {
        "angle": 45,
        "axis": "y",
        "origin": [
          8,
          16.25,
          9.5
        ]
      },
      "faces": {
        "north": {
          "uv": [
            0,
            11,
            8,
            16
          ],
          "texture": "#1"
        },
        "east": {
          "uv": [
            0,
            0,
            0,
            0
          ],
          "texture": "#1"
        },
        "south": {
          "uv": [
            8,
            11,
            0,
            16
          ],
          "texture": "#1"
        },
        "west": {
          "uv": [
            0,
            0,
            0,
            0
          ],
          "texture": "#1"
        },
        "up": {
          "uv": [
            0,
            0,
            0,
            0
          ],
          "rotation": 270,
          "texture": "#1"
        },
        "down": {
          "uv": [
            0,
            0,
            0,
            0
          ],
          "rotation": 90,
          "texture": "#1"
        }
      }
    },
    {
      "name": "vfx",
      "from": [
        8,
        13.75,
        5.5
      ],
      "to": [
        8,
        18.75,
        13.5
      ],
      "rotation": {
        "angle": 45,
        "axis": "y",
        "origin": [
          8,
          17.25,
          9.5
        ]
      },
      "faces": {
        "north": {
          "uv": [
            0,
            0,
            0,
            0
          ],
          "texture": "#1"
        },
        "east": {
          "uv": [
            16,
            11,
            8,
            16
          ],
          "texture": "#1"
        },
        "south": {
          "uv": [
            0,
            0,
            0,
            0
          ],
          "texture": "#1"
        },
        "west": {
          "uv": [
            8,
            11,
            16,
            16
          ],
          "texture": "#1"
        },
        "up": {
          "uv": [
            0,
            0,
            0,
            0
          ],
          "texture": "#1"
        },
        "down": {
          "uv": [
            0,
            0,
            0,
            0
          ],
          "texture": "#1"
        }
      }
    },
    {
      "name": "vfx",
      "from": [
        8,
        7.75,
        7.5
      ],
      "to": [
        8,
        12.75,
        15.5
      ],
      "rotation": {
        "angle": 22.5,
        "axis": "y",
        "origin": [
          8,
          10.25,
          11.5
        ]
      },
      "faces": {
        "north": {
          "uv": [
            0,
            0,
            0,
            0
          ],
          "texture": "#1"
        },
        "east": {
          "uv": [
            16,
            11,
            8,
            16
          ],
          "texture": "#1"
        },
        "south": {
          "uv": [
            0,
            0,
            0,
            0
          ],
          "texture": "#1"
        },
        "west": {
          "uv": [
            8,
            11,
            16,
            16
          ],
          "texture": "#1"
        },
        "up": {
          "uv": [
            0,
            0,
            0,
            0
          ],
          "texture": "#1"
        },
        "down": {
          "uv": [
            0,
            0,
            0,
            0
          ],
          "texture": "#1"
        }
      }
    },
    {
      "name": "vfx",
      "from": [
        8,
        7.75,
        5.5
      ],
      "to": [
        8,
        12.75,
        13.5
      ],
      "rotation": {
        "angle": -22.5,
        "axis": "y",
        "origin": [
          8,
          10.25,
          9.5
        ]
      },
      "faces": {
        "north": {
          "uv": [
            0,
            0,
            0,
            0
          ],
          "texture": "#1"
        },
        "east": {
          "uv": [
            0,
            11,
            8,
            16
          ],
          "texture": "#1"
        },
        "south": {
          "uv": [
            0,
            0,
            0,
            0
          ],
          "texture": "#1"
        },
        "west": {
          "uv": [
            8,
            11,
            0,
            16
          ],
          "texture": "#1"
        },
        "up": {
          "uv": [
            0,
            0,
            0,
            0
          ],
          "rotation": 180,
          "texture": "#1"
        },
        "down": {
          "uv": [
            0,
            0,
            0,
            0
          ],
          "rotation": 180,
          "texture": "#1"
        }
      }
    },
    {
      "from": [
        -1.47487,
        14.47487,
        7.5
      ],
      "to": [
        6.52513,
        14.47487,
        23.5
      ],
      "rotation": {
        "angle": -45,
        "axis": "z",
        "origin": [
          2.02513,
          14.47487,
          17
        ]
      },
      "faces": {
        "north": {
          "uv": [
            0,
            0,
            1,
            0
          ],
          "texture": "#2"
        },
        "east": {
          "uv": [
            0,
            0,
            2,
            0
          ],
          "texture": "#2"
        },
        "south": {
          "uv": [
            0,
            0,
            1,
            0
          ],
          "texture": "#2"
        },
        "west": {
          "uv": [
            0,
            0,
            2,
            0
          ],
          "texture": "#2"
        },
        "up": {
          "uv": [
            8,
            16,
            0,
            0
          ],
          "texture": "#2"
        },
        "down": {
          "uv": [
            8,
            0,
            0,
            16
          ],
          "texture": "#2"
        }
      }
    },
    {
      "from": [
        9.47487,
        14.47487,
        7.5
      ],
      "to": [
        17.47487,
        14.47487,
        23.5
      ],
      "rotation": {
        "angle": 45,
        "axis": "z",
        "origin": [
          13.97487,
          14.47487,
          17
        ]
      },
      "faces": {
        "north": {
          "uv": [
            0,
            0,
            1,
            0
          ],
          "texture": "#2"
        },
        "east": {
          "uv": [
            0,
            0,
            2,
            0
          ],
          "texture": "#2"
        },
        "south": {
          "uv": [
            0,
            0,
            1,
            0
          ],
          "texture": "#2"
        },
        "west": {
          "uv": [
            0,
            0,
            2,
            0
          ],
          "texture": "#2"
        },
        "up": {
          "uv": [
            0,
            16,
            8,
            0
          ],
          "texture": "#2"
        },
        "down": {
          "uv": [
            0,
            0,
            8,
            16
          ],
          "texture": "#2"
        }
      }
    }
  ],
  "gui_light": "front"
}