{
  "texture_size": [
    32,
    32
  ],
  "elements": [
    {
      "from": [
        3.5,
        -3,
        3.5
      ],
      "to": [
        12.5,
        8,
        12.5
      ],
      "rotation": {
        "angle": 0,
        "axis": "y",
        "origin": [
          7,
          0,
          7
        ]
      },
      "faces": {
        "north": {
          "uv": [
            0,
            6.5,
            4.5,
            12
          ],
          "texture": "#0"
        },
        "east": {
          "uv": [
            9,
            2,
            4.5,
            7.5
          ],
          "texture": "#0"
        },
        "south": {
          "uv": [
            4.5,
            8.5,
            9,
            14
          ],
          "texture": "#0"
        },
        "west": {
          "uv": [
            4.5,
            2,
            9,
            7.5
          ],
          "texture": "#0"
        },
        "up": {
          "uv": [
            11,
            0.5,
            15.5,
            5
          ],
          "texture": "#0"
        },
        "down": {
          "uv": [
            10.5,
            0.5,
            15,
            5
          ],
          "texture": "#0"
        }
      }
    },
    {
      "from": [
        12.5,
        8,
        12.5
      ],
      "to": [
        3.5,
        -3,
        3.5
      ],
      "rotation": {
        "angle": 0,
        "axis": "y",
        "origin": [
          7,
          0,
          7
        ]
      },
      "faces": {
        "north": {
          "uv": [
            4.5,
            14,
            9,
            8.5
          ],
          "texture": "#0"
        },
        "east": {
          "uv": [
            4.5,
            7.5,
            9,
            2
          ],
          "texture": "#0"
        },
        "south": {
          "uv": [
            0,
            12,
            4.5,
            6.5
          ],
          "texture": "#0"
        },
        "west": {
          "uv": [
            9,
            7.5,
            4.5,
            2
          ],
          "texture": "#0"
        },
        "up": {
          "uv": [
            11,
            0.5,
            15.5,
            5
          ],
          "texture": "#0"
        },
        "down": {
          "uv": [
            11,
            0.5,
            15.5,
            5
          ],
          "texture": "#0"
        }
      }
    },
    {
      "from": [
        9.5,
        3.5,
        3.15
      ],
      "to": [
        12.5,
        6.5,
        3.15
      ],
      "rotation": {
        "angle": 0,
        "axis": "y",
        "origin": [
          8,
          5.5,
          3.075
        ]
      },
      "faces": {
        "north": {
          "uv": [
            1.5,
            1.5,
            3,
            3
          ],
          "texture": "#0"
        },
        "east": {
          "uv": [
            0,
            1.5,
            0,
            3
          ],
          "texture": "#0"
        },
        "south": {
          "uv": [
            1.5,
            1.5,
            3,
            3
          ],
          "texture": "#0"
        },
        "west": {
          "uv": [
            0,
            1.5,
            0,
            3
          ],
          "texture": "#0"
        },
        "up": {
          "uv": [
            1.5,
            0,
            0,
            0
          ],
          "texture": "#0"
        },
        "down": {
          "uv": [
            1.5,
            0,
            0,
            0
          ],
          "texture": "#0"
        }
      }
    },
    {
      "from": [
        9.375,
        3.375,
        2.9
      ],
      "to": [
        12.625,
        6.625,
        3.4
      ],
      "rotation": {
        "angle": 0,
        "axis": "y",
        "origin": [
          8,
          5.5,
          3.075
        ]
      },
      "faces": {
        "north": {
          "uv": [
            1.5,
            0,
            3,
            1.5
          ],
          "texture": "#0"
        },
        "east": {
          "uv": [
            1.5,
            0,
            2,
            1.5
          ],
          "texture": "#0"
        },
        "south": {
          "uv": [
            1.5,
            0,
            3,
            1.5
          ],
          "texture": "#0"
        },
        "west": {
          "uv": [
            1.5,
            0,
            2,
            1.5
          ],
          "texture": "#0"
        },
        "up": {
          "uv": [
            3,
            0,
            1.5,
            0.5
          ],
          "texture": "#0"
        },
        "down": {
          "uv": [
            3,
            1,
            1.5,
            1.5
          ],
          "texture": "#0"
        }
      }
    },
    {
      "from": [
        12.625,
        6.625,
        3.4
      ],
      "to": [
        9.375,
        3.375,
        2.9
      ],
      "rotation": {
        "angle": 0,
        "axis": "y",
        "origin": [
          8,
          5.5,
          3.075
        ]
      },
      "faces": {
        "north": {
          "uv": [
            1.5,
            1.5,
            3,
            0
          ],
          "texture": "#0"
        },
        "east": {
          "uv": [
            1.5,
            1.5,
            2,
            0
          ],
          "texture": "#0"
        },
        "south": {
          "uv": [
            1.5,
            1.5,
            3,
            0
          ],
          "texture": "#0"
        },
        "west": {
          "uv": [
            1.5,
            1.5,
            2,
            0
          ],
          "texture": "#0"
        },
        "up": {
          "uv": [
            1.5,
            1,
            3,
            1.5
          ],
          "texture": "#0"
        },
        "down": {
          "uv": [
            1.5,
            0,
            3,
            0.5
          ],
          "texture": "#0"
        }
      }
    },
    {
      "from": [
        6.5,
        4.5,
        3
      ],
      "to": [
        9.5,
        7.5,
        3
      ],
      "rotation": {
        "angle": 0,
        "axis": "y",
        "origin": [
          8,
          5.5,
          3.075
        ]
      },
      "faces": {
        "north": {
          "uv": [
            0,
            1.5,
            1.5,
            3
          ],
          "texture": "#0"
        },
        "east": {
          "uv": [
            0,
            1.5,
            0,
            3
          ],
          "texture": "#0"
        },
        "south": {
          "uv": [
            0,
            1.5,
            1.5,
            3
          ],
          "texture": "#0"
        },
        "west": {
          "uv": [
            0,
            1.5,
            0,
            3
          ],
          "texture": "#0"
        },
        "up": {
          "uv": [
            1.5,
            0,
            0,
            0
          ],
          "texture": "#0"
        },
        "down": {
          "uv": [
            1.5,
            0,
            0,
            0
          ],
          "texture": "#0"
        }
      }
    },
    {
      "from": [
        6.375,
        4.375,
        2.75
      ],
      "to": [
        9.625,
        7.625,
        3.25
      ],
      "rotation": {
        "angle": 0,
        "axis": "y",
        "origin": [
          8,
          5.5,
          3.075
        ]
      },
      "faces": {
        "north": {
          "uv": [
            0,
            0,
            1.5,
            1.5
          ],
          "texture": "#0"
        },
        "east": {
          "uv": [
            0,
            0,
            0.5,
            1.5
          ],
          "texture": "#0"
        },
        "south": {
          "uv": [
            0,
            0,
            1.5,
            1.5
          ],
          "texture": "#0"
        },
        "west": {
          "uv": [
            0,
            0,
            0.5,
            1.5
          ],
          "texture": "#0"
        },
        "up": {
          "uv": [
            1.5,
            0,
            0,
            0.5
          ],
          "texture": "#0"
        },
        "down": {
          "uv": [
            1.5,
            0,
            0,
            0.5
          ],
          "texture": "#0"
        }
      }
    },
    {
      "from": [
        9.625,
        7.625,
        3.25
      ],
      "to": [
        6.375,
        4.375,
        2.75
      ],
      "rotation": {
        "angle": 0,
        "axis": "y",
        "origin": [
          8,
          5.5,
          3.075
        ]
      },
      "faces": {
        "north": {
          "uv": [
            0,
            1.5,
            1.5,
            0
          ],
          "texture": "#0"
        },
        "east": {
          "uv": [
            0,
            1.5,
            0.5,
            0
          ],
          "texture": "#0"
        },
        "south": {
          "uv": [
            0,
            1.5,
            1.5,
            0
          ],
          "texture": "#0"
        },
        "west": {
          "uv": [
            0,
            1.5,
            0.5,
            0
          ],
          "texture": "#0"
        },
        "up": {
          "uv": [
            0,
            0,
            1.5,
            0.5
          ],
          "texture": "#0"
        },
        "down": {
          "uv": [
            0,
            0,
            1.5,
            0.5
          ],
          "texture": "#0"
        }
      }
    },
    {
      "from": [
        3.5,
        3.5,
        3.15
      ],
      "to": [
        6.5,
        6.5,
        3.15
      ],
      "rotation": {
        "angle": 0,
        "axis": "y",
        "origin": [
          8,
          5.5,
          3.075
        ]
      },
      "faces": {
        "north": {
          "uv": [
            1.5,
            1.5,
            3,
            3
          ],
          "texture": "#0"
        },
        "east": {
          "uv": [
            0,
            1.5,
            0,
            3
          ],
          "texture": "#0"
        },
        "south": {
          "uv": [
            1.5,
            1.5,
            3,
            3
          ],
          "texture": "#0"
        },
        "west": {
          "uv": [
            0,
            1.5,
            0,
            3
          ],
          "texture": "#0"
        },
        "up": {
          "uv": [
            1.5,
            0,
            0,
            0
          ],
          "texture": "#0"
        },
        "down": {
          "uv": [
            1.5,
            0,
            0,
            0
          ],
          "texture": "#0"
        }
      }
    },
    {
      "from": [
        3.375,
        3.375,
        2.9
      ],
      "to": [
        6.625,
        6.625,
        3.4
      ],
      "rotation": {
        "angle": 0,
        "axis": "y",
        "origin": [
          8,
          5.5,
          3.075
        ]
      },
      "faces": {
        "north": {
          "uv": [
            1.5,
            0,
            3,
            1.5
          ],
          "texture": "#0"
        },
        "east": {
          "uv": [
            1.5,
            0,
            2,
            1.5
          ],
          "texture": "#0"
        },
        "south": {
          "uv": [
            1.5,
            0,
            3,
            1.5
          ],
          "texture": "#0"
        },
        "west": {
          "uv": [
            1.5,
            0,
            2,
            1.5
          ],
          "texture": "#0"
        },
        "up": {
          "uv": [
            3,
            0,
            1.5,
            0.5
          ],
          "texture": "#0"
        },
        "down": {
          "uv": [
            3,
            1,
            1.5,
            1.5
          ],
          "texture": "#0"
        }
      }
    },
    {
      "from": [
        6.625,
        6.625,
        3.4
      ],
      "to": [
        3.375,
        3.375,
        2.9
      ],
      "rotation": {
        "angle": 0,
        "axis": "y",
        "origin": [
          8,
          5.5,
          3.075
        ]
      },
      "faces": {
        "north": {
          "uv": [
            1.5,
            1.5,
            3,
            0
          ],
          "texture": "#0"
        },
        "east": {
          "uv": [
            1.5,
            1.5,
            2,
            0
          ],
          "texture": "#0"
        },
        "south": {
          "uv": [
            1.5,
            1.5,
            3,
            0
          ],
          "texture": "#0"
        },
        "west": {
          "uv": [
            1.5,
            1.5,
            2,
            0
          ],
          "texture": "#0"
        },
        "up": {
          "uv": [
            1.5,
            1,
            3,
            1.5
          ],
          "texture": "#0"
        },
        "down": {
          "uv": [
            1.5,
            0,
            3,
            0.5
          ],
          "texture": "#0"
        }
      }
    },
    {
      "from": [
        3.15,
        2.75,
        3
      ],
      "to": [
        3.15,
        5.75,
        6
      ],
      "rotation": {
        "angle": -22.5,
        "axis": "x",
        "origin": [
          3.15,
          4.25,
          4.5
        ]
      },
      "faces": {
        "north": {
          "uv": [
            1.5,
            0,
            0,
            0
          ],
          "rotation": 270,
          "texture": "#0"
        },
        "east": {
          "uv": [
            0,
            1.5,
            1.5,
            3
          ],
          "rotation": 270,
          "texture": "#0"
        },
        "south": {
          "uv": [
            1.5,
            0,
            0,
            0
          ],
          "rotation": 270,
          "texture": "#0"
        },
        "west": {
          "uv": [
            0,
            1.5,
            1.5,
            3
          ],
          "rotation": 90,
          "texture": "#0"
        },
        "up": {
          "uv": [
            0,
            1.5,
            0,
            3
          ],
          "rotation": 180,
          "texture": "#0"
        },
        "down": {
          "uv": [
            0,
            1.5,
            0,
            3
          ],
          "texture": "#0"
        }
      }
    },
    {
      "from": [
        2.9,
        2.625,
        2.875
      ],
      "to": [
        3.4,
        5.875,
        6.125
      ],
      "rotation": {
        "angle": -22.5,
        "axis": "x",
        "origin": [
          3.15,
          4.25,
          4.5
        ]
      },
      "faces": {
        "north": {
          "uv": [
            1.5,
            0,
            0,
            0.5
          ],
          "rotation": 270,
          "texture": "#0"
        },
        "east": {
          "uv": [
            0,
            0,
            1.5,
            1.5
          ],
          "rotation": 270,
          "texture": "#0"
        },
        "south": {
          "uv": [
            1.5,
            0,
            0,
            0.5
          ],
          "rotation": 270,
          "texture": "#0"
        },
        "west": {
          "uv": [
            0,
            0,
            1.5,
            1.5
          ],
          "rotation": 90,
          "texture": "#0"
        },
        "up": {
          "uv": [
            0,
            0,
            0.5,
            1.5
          ],
          "rotation": 180,
          "texture": "#0"
        },
        "down": {
          "uv": [
            0,
            0,
            0.5,
            1.5
          ],
          "texture": "#0"
        }
      }
    },
    {
      "from": [
        3.4,
        5.875,
        6.125
      ],
      "to": [
        2.9,
        2.625,
        2.875
      ],
      "rotation": {
        "angle": -22.5,
        "axis": "x",
        "origin": [
          3.15,
          4.25,
          4.5
        ]
      },
      "faces": {
        "north": {
          "uv": [
            0,
            0,
            1.5,
            0.5
          ],
          "rotation": 270,
          "texture": "#0"
        },
        "east": {
          "uv": [
            0,
            1.5,
            1.5,
            0
          ],
          "rotation": 270,
          "texture": "#0"
        },
        "south": {
          "uv": [
            0,
            0,
            1.5,
            0.5
          ],
          "rotation": 270,
          "texture": "#0"
        },
        "west": {
          "uv": [
            0,
            1.5,
            1.5,
            0
          ],
          "rotation": 90,
          "texture": "#0"
        },
        "up": {
          "uv": [
            0,
            1.5,
            0.5,
            0
          ],
          "rotation": 180,
          "texture": "#0"
        },
        "down": {
          "uv": [
            0,
            1.5,
            0.5,
            0
          ],
          "texture": "#0"
        }
      }
    },
    {
      "from": [
        3,
        3.5,
        5.65
      ],
      "to": [
        3,
        6.5,
        8.65
      ],
      "rotation": {
        "angle": 0,
        "axis": "x",
        "origin": [
          3,
          5,
          7.15
        ]
      },
      "faces": {
        "north": {
          "uv": [
            0,
            1.5,
            0,
            3
          ],
          "texture": "#0"
        },
        "east": {
          "uv": [
            1.5,
            1.5,
            3,
            3
          ],
          "texture": "#0"
        },
        "south": {
          "uv": [
            0,
            1.5,
            0,
            3
          ],
          "texture": "#0"
        },
        "west": {
          "uv": [
            1.5,
            1.5,
            3,
            3
          ],
          "texture": "#0"
        },
        "up": {
          "uv": [
            1.5,
            0,
            0,
            0
          ],
          "rotation": 270,
          "texture": "#0"
        },
        "down": {
          "uv": [
            1.5,
            0,
            0,
            0
          ],
          "rotation": 90,
          "texture": "#0"
        }
      }
    },
    {
      "from": [
        2.75,
        3.375,
        5.525
      ],
      "to": [
        3.25,
        6.625,
        8.775
      ],
      "rotation": {
        "angle": 0,
        "axis": "x",
        "origin": [
          3,
          5,
          7.15
        ]
      },
      "faces": {
        "north": {
          "uv": [
            1.5,
            0,
            2,
            1.5
          ],
          "texture": "#0"
        },
        "east": {
          "uv": [
            1.5,
            0,
            3,
            1.5
          ],
          "texture": "#0"
        },
        "south": {
          "uv": [
            1.5,
            0,
            2,
            1.5
          ],
          "texture": "#0"
        },
        "west": {
          "uv": [
            1.5,
            0,
            3,
            1.5
          ],
          "texture": "#0"
        },
        "up": {
          "uv": [
            3,
            0,
            1.5,
            0.5
          ],
          "rotation": 270,
          "texture": "#0"
        },
        "down": {
          "uv": [
            3,
            1,
            1.5,
            1.5
          ],
          "rotation": 90,
          "texture": "#0"
        }
      }
    },
    {
      "from": [
        3.25,
        6.625,
        8.775
      ],
      "to": [
        2.75,
        3.375,
        5.525
      ],
      "rotation": {
        "angle": 0,
        "axis": "x",
        "origin": [
          3,
          5,
          7.15
        ]
      },
      "faces": {
        "north": {
          "uv": [
            1.5,
            1.5,
            2,
            0
          ],
          "texture": "#0"
        },
        "east": {
          "uv": [
            1.5,
            1.5,
            3,
            0
          ],
          "texture": "#0"
        },
        "south": {
          "uv": [
            1.5,
            1.5,
            2,
            0
          ],
          "texture": "#0"
        },
        "west": {
          "uv": [
            1.5,
            1.5,
            3,
            0
          ],
          "texture": "#0"
        },
        "up": {
          "uv": [
            1.5,
            1,
            3,
            1.5
          ],
          "rotation": 270,
          "texture": "#0"
        },
        "down": {
          "uv": [
            1.5,
            0,
            3,
            0.5
          ],
          "rotation": 90,
          "texture": "#0"
        }
      }
    },
    {
      "from": [
        3.15,
        1.75,
        7.5
      ],
      "to": [
        3.15,
        4.75,
        10.5
      ],
      "rotation": {
        "angle": 22.5,
        "axis": "x",
        "origin": [
          3.15,
          3.25,
          9
        ]
      },
      "faces": {
        "north": {
          "uv": [
            0,
            1.5,
            0,
            3
          ],
          "texture": "#0"
        },
        "east": {
          "uv": [
            0,
            1.5,
            1.5,
            3
          ],
          "texture": "#0"
        },
        "south": {
          "uv": [
            0,
            1.5,
            0,
            3
          ],
          "texture": "#0"
        },
        "west": {
          "uv": [
            0,
            1.5,
            1.5,
            3
          ],
          "texture": "#0"
        },
        "up": {
          "uv": [
            1.5,
            0,
            0,
            0
          ],
          "rotation": 270,
          "texture": "#0"
        },
        "down": {
          "uv": [
            1.5,
            0,
            0,
            0
          ],
          "rotation": 90,
          "texture": "#0"
        }
      }
    },
    {
      "from": [
        2.9,
        1.625,
        7.375
      ],
      "to": [
        3.4,
        4.875,
        10.625
      ],
      "rotation": {
        "angle": 22.5,
        "axis": "x",
        "origin": [
          3.15,
          3.25,
          9
        ]
      },
      "faces": {
        "north": {
          "uv": [
            0,
            0,
            0.5,
            1.5
          ],
          "texture": "#0"
        },
        "east": {
          "uv": [
            0,
            0,
            1.5,
            1.5
          ],
          "texture": "#0"
        },
        "south": {
          "uv": [
            0,
            0,
            0.5,
            1.5
          ],
          "texture": "#0"
        },
        "west": {
          "uv": [
            0,
            0,
            1.5,
            1.5
          ],
          "texture": "#0"
        },
        "up": {
          "uv": [
            1.5,
            0,
            0,
            0.5
          ],
          "rotation": 270,
          "texture": "#0"
        },
        "down": {
          "uv": [
            1.5,
            0,
            0,
            0.5
          ],
          "rotation": 90,
          "texture": "#0"
        }
      }
    },
    {
      "from": [
        3.4,
        4.875,
        10.625
      ],
      "to": [
        2.9,
        1.625,
        7.375
      ],
      "rotation": {
        "angle": 22.5,
        "axis": "x",
        "origin": [
          3.15,
          3.25,
          9
        ]
      },
      "faces": {
        "north": {
          "uv": [
            0,
            1.5,
            0.5,
            0
          ],
          "texture": "#0"
        },
        "east": {
          "uv": [
            0,
            1.5,
            1.5,
            0
          ],
          "texture": "#0"
        },
        "south": {
          "uv": [
            0,
            1.5,
            0.5,
            0
          ],
          "texture": "#0"
        },
        "west": {
          "uv": [
            0,
            1.5,
            1.5,
            0
          ],
          "texture": "#0"
        },
        "up": {
          "uv": [
            0,
            0,
            1.5,
            0.5
          ],
          "rotation": 270,
          "texture": "#0"
        },
        "down": {
          "uv": [
            0,
            0,
            1.5,
            0.5
          ],
          "rotation": 90,
          "texture": "#0"
        }
      }
    },
    {
      "from": [
        3,
        0.5,
        10.15
      ],
      "to": [
        3,
        3.5,
        13.15
      ],
      "rotation": {
        "angle": -22.5,
        "axis": "x",
        "origin": [
          3,
          2,
          11.15
        ]
      },
      "faces": {
        "north": {
          "uv": [
            0,
            1.5,
            0,
            3
          ],
          "texture": "#0"
        },
        "east": {
          "uv": [
            1.5,
            1.5,
            3,
            3
          ],
          "texture": "#0"
        },
        "south": {
          "uv": [
            0,
            1.5,
            0,
            3
          ],
          "texture": "#0"
        },
        "west": {
          "uv": [
            1.5,
            1.5,
            3,
            3
          ],
          "texture": "#0"
        },
        "up": {
          "uv": [
            1.5,
            0,
            0,
            0
          ],
          "rotation": 270,
          "texture": "#0"
        },
        "down": {
          "uv": [
            1.5,
            0,
            0,
            0
          ],
          "rotation": 90,
          "texture": "#0"
        }
      }
    },
    {
      "from": [
        2.75,
        0.375,
        10.025
      ],
      "to": [
        3.25,
        3.625,
        13.275
      ],
      "rotation": {
        "angle": -22.5,
        "axis": "x",
        "origin": [
          3,
          2,
          11.15
        ]
      },
      "faces": {
        "north": {
          "uv": [
            1.5,
            0,
            2,
            1.5
          ],
          "texture": "#0"
        },
        "east": {
          "uv": [
            1.5,
            0,
            3,
            1.5
          ],
          "texture": "#0"
        },
        "south": {
          "uv": [
            1.5,
            0,
            2,
            1.5
          ],
          "texture": "#0"
        },
        "west": {
          "uv": [
            1.5,
            0,
            3,
            1.5
          ],
          "texture": "#0"
        },
        "up": {
          "uv": [
            3,
            0,
            1.5,
            0.5
          ],
          "rotation": 270,
          "texture": "#0"
        },
        "down": {
          "uv": [
            3,
            1,
            1.5,
            1.5
          ],
          "rotation": 90,
          "texture": "#0"
        }
      }
    },
    {
      "from": [
        3.25,
        3.625,
        13.275
      ],
      "to": [
        2.75,
        0.375,
        10.025
      ],
      "rotation": {
        "angle": -22.5,
        "axis": "x",
        "origin": [
          3,
          2,
          11.15
        ]
      },
      "faces": {
        "north": {
          "uv": [
            1.5,
            1.5,
            2,
            0
          ],
          "texture": "#0"
        },
        "east": {
          "uv": [
            1.5,
            1.5,
            3,
            0
          ],
          "texture": "#0"
        },
        "south": {
          "uv": [
            1.5,
            1.5,
            2,
            0
          ],
          "texture": "#0"
        },
        "west": {
          "uv": [
            1.5,
            1.5,
            3,
            0
          ],
          "texture": "#0"
        },
        "up": {
          "uv": [
            1.5,
            1,
            3,
            1.5
          ],
          "rotation": 270,
          "texture": "#0"
        },
        "down": {
          "uv": [
            1.5,
            0,
            3,
            0.5
          ],
          "rotation": 90,
          "texture": "#0"
        }
      }
    },
    {
      "from": [
        12.85,
        2.75,
        3
      ],
      "to": [
        12.85,
        5.75,
        6
      ],
      "rotation": {
        "angle": -22.5,
        "axis": "x",
        "origin": [
          12.85,
          4.25,
          4.5
        ]
      },
      "faces": {
        "north": {
          "uv": [
            1.5,
            0,
            0,
            0
          ],
          "rotation": 270,
          "texture": "#0"
        },
        "east": {
          "uv": [
            0,
            3,
            1.5,
            1.5
          ],
          "rotation": 90,
          "texture": "#0"
        },
        "south": {
          "uv": [
            1.5,
            0,
            0,
            0
          ],
          "rotation": 270,
          "texture": "#0"
        },
        "west": {
          "uv": [
            0,
            3,
            1.5,
            1.5
          ],
          "rotation": 270,
          "texture": "#0"
        },
        "up": {
          "uv": [
            0,
            1.5,
            0,
            3
          ],
          "rotation": 180,
          "texture": "#0"
        },
        "down": {
          "uv": [
            0,
            1.5,
            0,
            3
          ],
          "texture": "#0"
        }
      }
    },
    {
      "from": [
        12.6,
        2.625,
        2.875
      ],
      "to": [
        13.1,
        5.875,
        6.125
      ],
      "rotation": {
        "angle": -22.5,
        "axis": "x",
        "origin": [
          12.85,
          4.25,
          4.5
        ]
      },
      "faces": {
        "north": {
          "uv": [
            1.5,
            0.5,
            0,
            0
          ],
          "rotation": 270,
          "texture": "#0"
        },
        "east": {
          "uv": [
            0,
            1.5,
            1.5,
            0
          ],
          "rotation": 90,
          "texture": "#0"
        },
        "south": {
          "uv": [
            1.5,
            0.5,
            0,
            0
          ],
          "rotation": 270,
          "texture": "#0"
        },
        "west": {
          "uv": [
            0,
            1.5,
            1.5,
            0
          ],
          "rotation": 270,
          "texture": "#0"
        },
        "up": {
          "uv": [
            0.5,
            0,
            0,
            1.5
          ],
          "rotation": 180,
          "texture": "#0"
        },
        "down": {
          "uv": [
            0.5,
            0,
            0,
            1.5
          ],
          "texture": "#0"
        }
      }
    },
    {
      "from": [
        13.1,
        5.875,
        6.125
      ],
      "to": [
        12.6,
        2.625,
        2.875
      ],
      "rotation": {
        "angle": -22.5,
        "axis": "x",
        "origin": [
          12.85,
          4.25,
          4.5
        ]
      },
      "faces": {
        "north": {
          "uv": [
            0,
            0.5,
            1.5,
            0
          ],
          "rotation": 270,
          "texture": "#0"
        },
        "east": {
          "uv": [
            0,
            0,
            1.5,
            1.5
          ],
          "rotation": 90,
          "texture": "#0"
        },
        "south": {
          "uv": [
            0,
            0.5,
            1.5,
            0
          ],
          "rotation": 270,
          "texture": "#0"
        },
        "west": {
          "uv": [
            0,
            0,
            1.5,
            1.5
          ],
          "rotation": 270,
          "texture": "#0"
        },
        "up": {
          "uv": [
            0.5,
            1.5,
            0,
            0
          ],
          "rotation": 180,
          "texture": "#0"
        },
        "down": {
          "uv": [
            0.5,
            1.5,
            0,
            0
          ],
          "texture": "#0"
        }
      }
    },
    {
      "from": [
        13,
        3.5,
        5.65
      ],
      "to": [
        13,
        6.5,
        8.65
      ],
      "rotation": {
        "angle": 0,
        "axis": "y",
        "origin": [
          13,
          5,
          7.15
        ]
      },
      "faces": {
        "north": {
          "uv": [
            0,
            1.5,
            0,
            3
          ],
          "texture": "#0"
        },
        "east": {
          "uv": [
            3,
            1.5,
            1.5,
            3
          ],
          "texture": "#0"
        },
        "south": {
          "uv": [
            0,
            1.5,
            0,
            3
          ],
          "texture": "#0"
        },
        "west": {
          "uv": [
            3,
            1.5,
            1.5,
            3
          ],
          "texture": "#0"
        },
        "up": {
          "uv": [
            1.5,
            0,
            0,
            0
          ],
          "rotation": 270,
          "texture": "#0"
        },
        "down": {
          "uv": [
            1.5,
            0,
            0,
            0
          ],
          "rotation": 90,
          "texture": "#0"
        }
      }
    },
    {
      "from": [
        12.75,
        3.375,
        5.525
      ],
      "to": [
        13.25,
        6.625,
        8.775
      ],
      "rotation": {
        "angle": 0,
        "axis": "y",
        "origin": [
          13,
          5,
          7.15
        ]
      },
      "faces": {
        "north": {
          "uv": [
            2,
            0,
            1.5,
            1.5
          ],
          "texture": "#0"
        },
        "east": {
          "uv": [
            3,
            0,
            1.5,
            1.5
          ],
          "texture": "#0"
        },
        "south": {
          "uv": [
            2,
            0,
            1.5,
            1.5
          ],
          "texture": "#0"
        },
        "west": {
          "uv": [
            3,
            0,
            1.5,
            1.5
          ],
          "texture": "#0"
        },
        "up": {
          "uv": [
            3,
            0.5,
            1.5,
            0
          ],
          "rotation": 270,
          "texture": "#0"
        },
        "down": {
          "uv": [
            3,
            1.5,
            1.5,
            1
          ],
          "rotation": 90,
          "texture": "#0"
        }
      }
    },
    {
      "from": [
        13.25,
        6.625,
        8.775
      ],
      "to": [
        12.75,
        3.375,
        5.525
      ],
      "rotation": {
        "angle": 0,
        "axis": "y",
        "origin": [
          13,
          5,
          7.15
        ]
      },
      "faces": {
        "north": {
          "uv": [
            2,
            1.5,
            1.5,
            0
          ],
          "texture": "#0"
        },
        "east": {
          "uv": [
            3,
            1.5,
            1.5,
            0
          ],
          "texture": "#0"
        },
        "south": {
          "uv": [
            2,
            1.5,
            1.5,
            0
          ],
          "texture": "#0"
        },
        "west": {
          "uv": [
            3,
            1.5,
            1.5,
            0
          ],
          "texture": "#0"
        },
        "up": {
          "uv": [
            1.5,
            1.5,
            3,
            1
          ],
          "rotation": 270,
          "texture": "#0"
        },
        "down": {
          "uv": [
            1.5,
            0.5,
            3,
            0
          ],
          "rotation": 90,
          "texture": "#0"
        }
      }
    },
    {
      "from": [
        12.85,
        1.75,
        7.5
      ],
      "to": [
        12.85,
        4.75,
        10.5
      ],
      "rotation": {
        "angle": 22.5,
        "axis": "x",
        "origin": [
          12.85,
          3.25,
          9
        ]
      },
      "faces": {
        "north": {
          "uv": [
            0,
            1.5,
            0,
            3
          ],
          "texture": "#0"
        },
        "east": {
          "uv": [
            1.5,
            1.5,
            0,
            3
          ],
          "texture": "#0"
        },
        "south": {
          "uv": [
            0,
            1.5,
            0,
            3
          ],
          "texture": "#0"
        },
        "west": {
          "uv": [
            1.5,
            1.5,
            0,
            3
          ],
          "texture": "#0"
        },
        "up": {
          "uv": [
            1.5,
            0,
            0,
            0
          ],
          "rotation": 270,
          "texture": "#0"
        },
        "down": {
          "uv": [
            1.5,
            0,
            0,
            0
          ],
          "rotation": 90,
          "texture": "#0"
        }
      }
    },
    {
      "from": [
        12.6,
        1.625,
        7.375
      ],
      "to": [
        13.1,
        4.875,
        10.625
      ],
      "rotation": {
        "angle": 22.5,
        "axis": "x",
        "origin": [
          12.85,
          3.25,
          9
        ]
      },
      "faces": {
        "north": {
          "uv": [
            0.5,
            0,
            0,
            1.5
          ],
          "texture": "#0"
        },
        "east": {
          "uv": [
            1.5,
            0,
            0,
            1.5
          ],
          "texture": "#0"
        },
        "south": {
          "uv": [
            0.5,
            0,
            0,
            1.5
          ],
          "texture": "#0"
        },
        "west": {
          "uv": [
            1.5,
            0,
            0,
            1.5
          ],
          "texture": "#0"
        },
        "up": {
          "uv": [
            1.5,
            0.5,
            0,
            0
          ],
          "rotation": 270,
          "texture": "#0"
        },
        "down": {
          "uv": [
            1.5,
            0.5,
            0,
            0
          ],
          "rotation": 90,
          "texture": "#0"
        }
      }
    },
    {
      "from": [
        13.1,
        4.875,
        10.625
      ],
      "to": [
        12.6,
        1.625,
        7.375
      ],
      "rotation": {
        "angle": 22.5,
        "axis": "x",
        "origin": [
          12.85,
          3.25,
          9
        ]
      },
      "faces": {
        "north": {
          "uv": [
            0.5,
            1.5,
            0,
            0
          ],
          "texture": "#0"
        },
        "east": {
          "uv": [
            1.5,
            1.5,
            0,
            0
          ],
          "texture": "#0"
        },
        "south": {
          "uv": [
            0.5,
            1.5,
            0,
            0
          ],
          "texture": "#0"
        },
        "west": {
          "uv": [
            1.5,
            1.5,
            0,
            0
          ],
          "texture": "#0"
        },
        "up": {
          "uv": [
            0,
            0.5,
            1.5,
            0
          ],
          "rotation": 270,
          "texture": "#0"
        },
        "down": {
          "uv": [
            0,
            0.5,
            1.5,
            0
          ],
          "rotation": 90,
          "texture": "#0"
        }
      }
    },
    {
      "from": [
        13,
        0.5,
        10.15
      ],
      "to": [
        13,
        3.5,
        13.15
      ],
      "rotation": {
        "angle": -22.5,
        "axis": "x",
        "origin": [
          13,
          2,
          11.15
        ]
      },
      "faces": {
        "north": {
          "uv": [
            0,
            1.5,
            0,
            3
          ],
          "texture": "#0"
        },
        "east": {
          "uv": [
            3,
            1.5,
            1.5,
            3
          ],
          "texture": "#0"
        },
        "south": {
          "uv": [
            0,
            1.5,
            0,
            3
          ],
          "texture": "#0"
        },
        "west": {
          "uv": [
            3,
            1.5,
            1.5,
            3
          ],
          "texture": "#0"
        },
        "up": {
          "uv": [
            1.5,
            0,
            0,
            0
          ],
          "rotation": 270,
          "texture": "#0"
        },
        "down": {
          "uv": [
            1.5,
            0,
            0,
            0
          ],
          "rotation": 90,
          "texture": "#0"
        }
      }
    },
    {
      "from": [
        12.75,
        0.375,
        10.025
      ],
      "to": [
        13.25,
        3.625,
        13.275
      ],
      "rotation": {
        "angle": -22.5,
        "axis": "x",
        "origin": [
          13,
          2,
          11.15
        ]
      },
      "faces": {
        "north": {
          "uv": [
            2,
            0,
            1.5,
            1.5
          ],
          "texture": "#0"
        },
        "east": {
          "uv": [
            3,
            0,
            1.5,
            1.5
          ],
          "texture": "#0"
        },
        "south": {
          "uv": [
            2,
            0,
            1.5,
            1.5
          ],
          "texture": "#0"
        },
        "west": {
          "uv": [
            3,
            0,
            1.5,
            1.5
          ],
          "texture": "#0"
        },
        "up": {
          "uv": [
            3,
            0.5,
            1.5,
            0
          ],
          "rotation": 270,
          "texture": "#0"
        },
        "down": {
          "uv": [
            3,
            1.5,
            1.5,
            1
          ],
          "rotation": 90,
          "texture": "#0"
        }
      }
    },
    {
      "from": [
        13.25,
        3.625,
        13.275
      ],
      "to": [
        12.75,
        0.375,
        10.025
      ],
      "rotation": {
        "angle": -22.5,
        "axis": "x",
        "origin": [
          13,
          2,
          11.15
        ]
      },
      "faces": {
        "north": {
          "uv": [
            2,
            1.5,
            1.5,
            0
          ],
          "texture": "#0"
        },
        "east": {
          "uv": [
            3,
            1.5,
            1.5,
            0
          ],
          "texture": "#0"
        },
        "south": {
          "uv": [
            2,
            1.5,
            1.5,
            0
          ],
          "texture": "#0"
        },
        "west": {
          "uv": [
            3,
            1.5,
            1.5,
            0
          ],
          "texture": "#0"
        },
        "up": {
          "uv": [
            1.5,
            1.5,
            3,
            1
          ],
          "rotation": 270,
          "texture": "#0"
        },
        "down": {
          "uv": [
            1.5,
            0.5,
            3,
            0
          ],
          "rotation": 90,
          "texture": "#0"
        }
      }
    },
    {
      "from": [
        9.5,
        -0.5,
        12.85
      ],
      "to": [
        12.5,
        2.5,
        12.85
      ],
      "rotation": {
        "angle": -22.5,
        "axis": "z",
        "origin": [
          11,
          1,
          12.85
        ]
      },
      "faces": {
        "north": {
          "uv": [
            1.5,
            3,
            0,
            1.5
          ],
          "texture": "#0"
        },
        "east": {
          "uv": [
            0,
            3,
            0,
            1.5
          ],
          "texture": "#0"
        },
        "south": {
          "uv": [
            1.5,
            3,
            0,
            1.5
          ],
          "texture": "#0"
        },
        "west": {
          "uv": [
            0,
            3,
            0,
            1.5
          ],
          "texture": "#0"
        },
        "up": {
          "uv": [
            1.5,
            0,
            0,
            0
          ],
          "texture": "#0"
        },
        "down": {
          "uv": [
            1.5,
            0,
            0,
            0
          ],
          "texture": "#0"
        }
      }
    },
    {
      "from": [
        9.375,
        -0.625,
        12.6
      ],
      "to": [
        12.625,
        2.625,
        13.1
      ],
      "rotation": {
        "angle": -22.5,
        "axis": "z",
        "origin": [
          11,
          1,
          12.85
        ]
      },
      "faces": {
        "north": {
          "uv": [
            1.5,
            1.5,
            0,
            0
          ],
          "texture": "#0"
        },
        "east": {
          "uv": [
            0.5,
            1.5,
            0,
            0
          ],
          "texture": "#0"
        },
        "south": {
          "uv": [
            1.5,
            1.5,
            0,
            0
          ],
          "texture": "#0"
        },
        "west": {
          "uv": [
            0.5,
            1.5,
            0,
            0
          ],
          "texture": "#0"
        },
        "up": {
          "uv": [
            1.5,
            1,
            0,
            1.5
          ],
          "texture": "#0"
        },
        "down": {
          "uv": [
            1.5,
            0,
            0,
            0.5
          ],
          "texture": "#0"
        }
      }
    },
    {
      "from": [
        12.625,
        2.625,
        13.1
      ],
      "to": [
        9.375,
        -0.625,
        12.6
      ],
      "rotation": {
        "angle": -22.5,
        "axis": "z",
        "origin": [
          11,
          1,
          12.85
        ]
      },
      "faces": {
        "north": {
          "uv": [
            3,
            0,
            1.5,
            1.5
          ],
          "texture": "#0"
        },
        "east": {
          "uv": [
            2,
            0,
            1.5,
            1.5
          ],
          "texture": "#0"
        },
        "south": {
          "uv": [
            3,
            0,
            1.5,
            1.5
          ],
          "texture": "#0"
        },
        "west": {
          "uv": [
            2,
            0,
            1.5,
            1.5
          ],
          "texture": "#0"
        },
        "up": {
          "uv": [
            1.5,
            0,
            3,
            0.5
          ],
          "texture": "#0"
        },
        "down": {
          "uv": [
            1.5,
            1,
            3,
            1.5
          ],
          "texture": "#0"
        }
      }
    },
    {
      "from": [
        6.5,
        -1.5,
        13
      ],
      "to": [
        9.5,
        1.5,
        13
      ],
      "rotation": {
        "angle": 0,
        "axis": "y",
        "origin": [
          8,
          10.5,
          12.925
        ]
      },
      "faces": {
        "north": {
          "uv": [
            3,
            3,
            1.5,
            1.5
          ],
          "texture": "#0"
        },
        "east": {
          "uv": [
            1.5,
            3,
            1.5,
            1.5
          ],
          "texture": "#0"
        },
        "south": {
          "uv": [
            3,
            3,
            1.5,
            1.5
          ],
          "texture": "#0"
        },
        "west": {
          "uv": [
            1.5,
            3,
            1.5,
            1.5
          ],
          "texture": "#0"
        },
        "up": {
          "uv": [
            3,
            0,
            1.5,
            0
          ],
          "texture": "#0"
        },
        "down": {
          "uv": [
            3,
            0,
            1.5,
            0
          ],
          "texture": "#0"
        }
      }
    },
    {
      "from": [
        6.375,
        -1.625,
        12.75
      ],
      "to": [
        9.625,
        1.625,
        13.25
      ],
      "rotation": {
        "angle": 0,
        "axis": "y",
        "origin": [
          8,
          10.5,
          12.925
        ]
      },
      "faces": {
        "north": {
          "uv": [
            3,
            1.5,
            1.5,
            0
          ],
          "texture": "#0"
        },
        "east": {
          "uv": [
            2,
            1.5,
            1.5,
            0
          ],
          "texture": "#0"
        },
        "south": {
          "uv": [
            3,
            1.5,
            1.5,
            0
          ],
          "texture": "#0"
        },
        "west": {
          "uv": [
            2,
            1.5,
            1.5,
            0
          ],
          "texture": "#0"
        },
        "up": {
          "uv": [
            3,
            0,
            1.5,
            0.5
          ],
          "texture": "#0"
        },
        "down": {
          "uv": [
            3,
            0,
            1.5,
            0.5
          ],
          "texture": "#0"
        }
      }
    },
    {
      "from": [
        9.625,
        1.625,
        13.25
      ],
      "to": [
        6.375,
        -1.625,
        12.75
      ],
      "rotation": {
        "angle": 0,
        "axis": "y",
        "origin": [
          8,
          10.5,
          12.925
        ]
      },
      "faces": {
        "north": {
          "uv": [
            3,
            0,
            1.5,
            1.5
          ],
          "texture": "#0"
        },
        "east": {
          "uv": [
            2,
            0,
            1.5,
            1.5
          ],
          "texture": "#0"
        },
        "south": {
          "uv": [
            3,
            0,
            1.5,
            1.5
          ],
          "texture": "#0"
        },
        "west": {
          "uv": [
            2,
            0,
            1.5,
            1.5
          ],
          "texture": "#0"
        },
        "up": {
          "uv": [
            1.5,
            0,
            3,
            0.5
          ],
          "texture": "#0"
        },
        "down": {
          "uv": [
            1.5,
            0,
            3,
            0.5
          ],
          "texture": "#0"
        }
      }
    },
    {
      "from": [
        3.5,
        -0.5,
        12.85
      ],
      "to": [
        6.5,
        2.5,
        12.85
      ],
      "rotation": {
        "angle": -22.5,
        "axis": "z",
        "origin": [
          5,
          1,
          12.85
        ]
      },
      "faces": {
        "north": {
          "uv": [
            1.5,
            3,
            0,
            1.5
          ],
          "texture": "#0"
        },
        "east": {
          "uv": [
            0,
            3,
            0,
            1.5
          ],
          "texture": "#0"
        },
        "south": {
          "uv": [
            1.5,
            3,
            0,
            1.5
          ],
          "texture": "#0"
        },
        "west": {
          "uv": [
            0,
            3,
            0,
            1.5
          ],
          "texture": "#0"
        },
        "up": {
          "uv": [
            1.5,
            1.5,
            0,
            1.5
          ],
          "texture": "#0"
        },
        "down": {
          "uv": [
            1.5,
            1.5,
            0,
            1.5
          ],
          "texture": "#0"
        }
      }
    },
    {
      "from": [
        3.375,
        -0.625,
        12.6
      ],
      "to": [
        6.625,
        2.625,
        13.1
      ],
      "rotation": {
        "angle": -22.5,
        "axis": "z",
        "origin": [
          5,
          1,
          12.85
        ]
      },
      "faces": {
        "north": {
          "uv": [
            1.5,
            1.5,
            0,
            0
          ],
          "texture": "#0"
        },
        "east": {
          "uv": [
            0.5,
            1.5,
            0,
            0
          ],
          "texture": "#0"
        },
        "south": {
          "uv": [
            1.5,
            1.5,
            0,
            0
          ],
          "texture": "#0"
        },
        "west": {
          "uv": [
            0.5,
            1.5,
            0,
            0
          ],
          "texture": "#0"
        },
        "up": {
          "uv": [
            1.5,
            1,
            0,
            1.5
          ],
          "texture": "#0"
        },
        "down": {
          "uv": [
            1.5,
            0,
            0,
            0.5
          ],
          "texture": "#0"
        }
      }
    },
    {
      "from": [
        6.625,
        2.625,
        13.1
      ],
      "to": [
        3.375,
        -0.625,
        12.6
      ],
      "rotation": {
        "angle": -22.5,
        "axis": "z",
        "origin": [
          5,
          1,
          12.85
        ]
      },
      "faces": {
        "north": {
          "uv": [
            1.5,
            0,
            0,
            1.5
          ],
          "texture": "#0"
        },
        "east": {
          "uv": [
            0.5,
            0,
            0,
            1.5
          ],
          "texture": "#0"
        },
        "south": {
          "uv": [
            1.5,
            0,
            0,
            1.5
          ],
          "texture": "#0"
        },
        "west": {
          "uv": [
            0.5,
            0,
            0,
            1.5
          ],
          "texture": "#0"
        },
        "up": {
          "uv": [
            0,
            0,
            1.5,
            0.5
          ],
          "texture": "#0"
        },
        "down": {
          "uv": [
            0,
            1,
            1.5,
            1.5
          ],
          "texture": "#0"
        }
      }
    }
  ],
  "gui_light": "front",
  "display": {
    "thirdperson_righthand": {
      "rotation": [
        55,
        0,
        0
      ],
      "translation": [
        0,
        3,
        2.25
      ],
      "scale": [
        0.6,
        0.6,
        0.6
      ]
    },
    "thirdperson_lefthand": {
      "rotation": [
        55,
        0,
        0
      ],
      "translation": [
        0,
        3,
        2.25
      ],
      "scale": [
        0.6,
        0.6,
        0.6
      ]
    },
    "firstperson_righthand": {
      "translation": [
        0.5,
        4.5,
        0
      ],
      "scale": [
        0.6,
        0.6,
        0.6
      ]
    },
    "firstperson_lefthand": {
      "translation": [
        0.5,
        4.5,
        0
      ],
      "scale": [
        0.6,
        0.6,
        0.6
      ]
    },
    "ground": {
      "translation": [
        0,
        5,
        0
      ],
      "scale": [
        0.75,
        0.75,
        0.75
      ]
    },
    "gui": {
      "rotation": [
        27,
        -45,
        0
      ],
      "translation": [
        0,
        4,
        0
      ],
      "scale": [
        0.9,
        0.9,
        0.9
      ]
    },
    "head": {
      "translation": [
        0,
        8.1,
        0
      ],
      "scale": [
        1.61,
        1.61,
        1.61
      ]
    },
    "fixed": {
      "rotation": [
        -90,
        0,
        0
      ],
      "translation": [
        0,
        0,
        -14.5
      ],
      "scale": [
        2,
        2,
        2
      ]
    }
  }
}