{
  "texture_size": [
    64,
    64
  ],
  "textures": {
    "0": "civilization:item/tools/armadillo_detonator/armadillo_detonator",
    "particle": "civilization:item/tools/armadillo_detonator/armadillo_detonator"
  },
  "elements": [
    {
      "name": "body",
      "from": [
        4,
        1,
        -6
      ],
      "to": [
        12,
        3,
        -4
      ],
      "rotation": {
        "angle": 0,
        "axis": "y",
        "origin": [
          8,
          0,
          -1
        ]
      },
      "faces": {
        "north": {
          "uv": [
            2,
            4.25,
            4,
            4.75
          ],
          "texture": "#0"
        },
        "east": {
          "uv": [
            5.75,
            9.75,
            6.25,
            10.25
          ],
          "texture": "#0"
        },
        "south": {
          "uv": [
            9.75,
            3.5,
            11.75,
            4
          ],
          "texture": "#0"
        },
        "west": {
          "uv": [
            12,
            5,
            12.5,
            5.5
          ],
          "texture": "#0"
        },
        "up": {
          "uv": [
            11.75,
            4.5,
            9.75,
            4
          ],
          "texture": "#0"
        },
        "down": {
          "uv": [
            11,
            10,
            9,
            10.5
          ],
          "texture": "#0"
        }
      }
    },
    {
      "name": "body",
      "from": [
        4,
        3,
        -6
      ],
      "to": [
        6,
        9,
        -4
      ],
      "rotation": {
        "angle": 0,
        "axis": "y",
        "origin": [
          8,
          0,
          -1
        ]
      },
      "faces": {
        "north": {
          "uv": [
            6.5,
            9.75,
            7,
            11.25
          ],
          "texture": "#0"
        },
        "east": {
          "uv": [
            0.75,
            10.75,
            1.25,
            12.25
          ],
          "texture": "#0"
        },
        "south": {
          "uv": [
            10.75,
            4.5,
            11.25,
            6
          ],
          "texture": "#0"
        },
        "west": {
          "uv": [
            5.75,
            10.75,
            6.25,
            12.25
          ],
          "texture": "#0"
        },
        "up": {
          "uv": [
            10.25,
            13.25,
            9.75,
            12.75
          ],
          "texture": "#0"
        },
        "down": {
          "uv": [
            13.25,
            10,
            12.75,
            10.5
          ],
          "texture": "#0"
        }
      }
    },
    {
      "name": "body",
      "from": [
        10,
        3,
        -6
      ],
      "to": [
        12,
        9,
        -4
      ],
      "rotation": {
        "angle": 0,
        "axis": "y",
        "origin": [
          8,
          0,
          -1
        ]
      },
      "faces": {
        "north": {
          "uv": [
            7.75,
            10.75,
            8.25,
            12.25
          ],
          "texture": "#0"
        },
        "east": {
          "uv": [
            8.25,
            10.75,
            8.75,
            12.25
          ],
          "texture": "#0"
        },
        "south": {
          "uv": [
            11,
            2,
            11.5,
            3.5
          ],
          "texture": "#0"
        },
        "west": {
          "uv": [
            11,
            9.75,
            11.5,
            11.25
          ],
          "texture": "#0"
        },
        "up": {
          "uv": [
            13.25,
            11,
            12.75,
            10.5
          ],
          "texture": "#0"
        },
        "down": {
          "uv": [
            13.25,
            12.25,
            12.75,
            12.75
          ],
          "texture": "#0"
        }
      }
    },
    {
      "name": "body",
      "from": [
        4,
        9,
        -6
      ],
      "to": [
        12,
        11,
        -4
      ],
      "rotation": {
        "angle": 0,
        "axis": "y",
        "origin": [
          8,
          0,
          -1
        ]
      },
      "faces": {
        "north": {
          "uv": [
            4.5,
            10.25,
            6.5,
            10.75
          ],
          "texture": "#0"
        },
        "east": {
          "uv": [
            12.5,
            11.75,
            13,
            12.25
          ],
          "texture": "#0"
        },
        "south": {
          "uv": [
            10.25,
            8.75,
            12.25,
            9.25
          ],
          "texture": "#0"
        },
        "west": {
          "uv": [
            12.75,
            9.5,
            13.25,
            10
          ],
          "texture": "#0"
        },
        "up": {
          "uv": [
            12.25,
            9.75,
            10.25,
            9.25
          ],
          "texture": "#0"
        },
        "down": {
          "uv": [
            12.5,
            0,
            10.5,
            0.5
          ],
          "texture": "#0"
        }
      }
    },
    {
      "name": "body",
      "from": [
        10.65,
        -0.75,
        0
      ],
      "to": [
        12.65,
        3.25,
        2
      ],
      "rotation": {
        "angle": 22.5,
        "axis": "z",
        "origin": [
          11.65,
          0.75,
          1
        ]
      },
      "faces": {
        "north": {
          "uv": [
            7.5,
            12.25,
            8,
            13.25
          ],
          "texture": "#0"
        },
        "east": {
          "uv": [
            8,
            12.25,
            8.5,
            13.25
          ],
          "texture": "#0"
        },
        "south": {
          "uv": [
            12.25,
            8.25,
            12.75,
            9.25
          ],
          "texture": "#0"
        },
        "west": {
          "uv": [
            11.75,
            12.25,
            12.25,
            13.25
          ],
          "texture": "#0"
        },
        "up": {
          "uv": [
            13.5,
            12,
            13,
            11.5
          ],
          "texture": "#0"
        },
        "down": {
          "uv": [
            0.5,
            13.25,
            0,
            13.75
          ],
          "texture": "#0"
        }
      }
    },
    {
      "name": "body",
      "from": [
        10.65,
        -1.75,
        -3
      ],
      "to": [
        12.65,
        2.25,
        -1
      ],
      "rotation": {
        "angle": 22.5,
        "axis": "z",
        "origin": [
          11.65,
          0.75,
          -2
        ]
      },
      "faces": {
        "north": {
          "uv": [
            5.5,
            12.25,
            6,
            13.25
          ],
          "texture": "#0"
        },
        "east": {
          "uv": [
            6,
            12.25,
            6.5,
            13.25
          ],
          "texture": "#0"
        },
        "south": {
          "uv": [
            6.5,
            12.25,
            7,
            13.25
          ],
          "texture": "#0"
        },
        "west": {
          "uv": [
            12.25,
            7.25,
            12.75,
            8.25
          ],
          "texture": "#0"
        },
        "up": {
          "uv": [
            13.5,
            11.5,
            13,
            11
          ],
          "texture": "#0"
        },
        "down": {
          "uv": [
            11.75,
            13,
            11.25,
            13.5
          ],
          "texture": "#0"
        }
      }
    },
    {
      "name": "body",
      "from": [
        3.35,
        -0.75,
        0
      ],
      "to": [
        5.35,
        3.25,
        2
      ],
      "rotation": {
        "angle": -22.5,
        "axis": "z",
        "origin": [
          4.35,
          0.75,
          1
        ]
      },
      "faces": {
        "north": {
          "uv": [
            3,
            12.25,
            3.5,
            13.25
          ],
          "texture": "#0"
        },
        "east": {
          "uv": [
            3.5,
            12.25,
            4,
            13.25
          ],
          "texture": "#0"
        },
        "south": {
          "uv": [
            4,
            12.25,
            4.5,
            13.25
          ],
          "texture": "#0"
        },
        "west": {
          "uv": [
            4.5,
            12.25,
            5,
            13.25
          ],
          "texture": "#0"
        },
        "up": {
          "uv": [
            10.75,
            13.5,
            10.25,
            13
          ],
          "texture": "#0"
        },
        "down": {
          "uv": [
            11.25,
            13,
            10.75,
            13.5
          ],
          "texture": "#0"
        }
      }
    },
    {
      "name": "body",
      "from": [
        3.35,
        -1.75,
        -3
      ],
      "to": [
        5.35,
        2.25,
        -1
      ],
      "rotation": {
        "angle": -22.5,
        "axis": "z",
        "origin": [
          4.35,
          0.75,
          -2
        ]
      },
      "faces": {
        "north": {
          "uv": [
            1,
            12.25,
            1.5,
            13.25
          ],
          "texture": "#0"
        },
        "east": {
          "uv": [
            1.5,
            12.25,
            2,
            13.25
          ],
          "texture": "#0"
        },
        "south": {
          "uv": [
            2,
            12.25,
            2.5,
            13.25
          ],
          "texture": "#0"
        },
        "west": {
          "uv": [
            2.5,
            12.25,
            3,
            13.25
          ],
          "texture": "#0"
        },
        "up": {
          "uv": [
            13.5,
            8.25,
            13,
            7.75
          ],
          "texture": "#0"
        },
        "down": {
          "uv": [
            13.5,
            8.25,
            13,
            8.75
          ],
          "texture": "#0"
        }
      }
    },
    {
      "name": "body",
      "from": [
        4,
        1,
        -4
      ],
      "to": [
        12,
        11,
        4
      ],
      "rotation": {
        "angle": 0,
        "axis": "y",
        "origin": [
          8,
          0,
          -1.5
        ]
      },
      "faces": {
        "north": {
          "uv": [
            2,
            1.75,
            4,
            4.25
          ],
          "texture": "#0"
        },
        "east": {
          "uv": [
            0,
            3,
            2,
            5.5
          ],
          "texture": "#0"
        },
        "south": {
          "uv": [
            4,
            0,
            6,
            2.5
          ],
          "texture": "#0"
        },
        "west": {
          "uv": [
            4,
            2.5,
            6,
            5
          ],
          "texture": "#0"
        },
        "up": {
          "uv": [
            2,
            7.5,
            0,
            5.5
          ],
          "texture": "#0"
        },
        "down": {
          "uv": [
            8,
            0,
            6,
            2
          ],
          "texture": "#0"
        }
      }
    },
    {
      "name": "body",
      "from": [
        2,
        5,
        -3
      ],
      "to": [
        4,
        9,
        0
      ],
      "rotation": {
        "angle": 0,
        "axis": "y",
        "origin": [
          8,
          0,
          -1.5
        ]
      },
      "faces": {
        "north": {
          "uv": [
            10.75,
            12,
            11.25,
            13
          ],
          "texture": "#0"
        },
        "east": {
          "uv": [
            10.75,
            6,
            11.5,
            7
          ],
          "texture": "#0"
        },
        "south": {
          "uv": [
            11.25,
            12,
            11.75,
            13
          ],
          "texture": "#0"
        },
        "west": {
          "uv": [
            1.25,
            11.25,
            2,
            12.25
          ],
          "texture": "#0"
        },
        "up": {
          "uv": [
            13,
            11.75,
            12.5,
            11
          ],
          "texture": "#0"
        },
        "down": {
          "uv": [
            13.25,
            1,
            12.75,
            1.75
          ],
          "texture": "#0"
        }
      }
    },
    {
      "name": "body",
      "from": [
        1,
        11.25,
        -2
      ],
      "to": [
        6,
        17.25,
        -1
      ],
      "rotation": {
        "angle": 22.5,
        "axis": "x",
        "origin": [
          8,
          14.25,
          -3
        ]
      },
      "faces": {
        "north": {
          "uv": [
            2.5,
            0,
            3.75,
            1.5
          ],
          "texture": "#0"
        },
        "east": {
          "uv": [
            12.5,
            2.75,
            12.75,
            4.25
          ],
          "texture": "#0"
        },
        "south": {
          "uv": [
            7.25,
            3.25,
            8.5,
            4.75
          ],
          "texture": "#0"
        },
        "west": {
          "uv": [
            7,
            12.75,
            7.25,
            14.25
          ],
          "texture": "#0"
        },
        "up": {
          "uv": [
            3.75,
            1.75,
            2.5,
            1.5
          ],
          "texture": "#0"
        },
        "down": {
          "uv": [
            3.25,
            4.75,
            2,
            5
          ],
          "texture": "#0"
        }
      }
    },
    {
      "name": "body",
      "from": [
        3,
        13.75,
        -4
      ],
      "to": [
        4,
        14.75,
        -2
      ],
      "rotation": {
        "angle": 22.5,
        "axis": "x",
        "origin": [
          8,
          14.25,
          -3
        ]
      },
      "faces": {
        "north": {
          "uv": [
            10,
            4.5,
            10.25,
            4.75
          ],
          "texture": "#0"
        },
        "east": {
          "uv": [
            9,
            4.75,
            9.5,
            5
          ],
          "texture": "#0"
        },
        "south": {
          "uv": [
            10,
            7.25,
            10.25,
            7.5
          ],
          "texture": "#0"
        },
        "west": {
          "uv": [
            9.5,
            7.25,
            10,
            7.5
          ],
          "texture": "#0"
        },
        "up": {
          "uv": [
            6.5,
            11.25,
            6.25,
            10.75
          ],
          "texture": "#0"
        },
        "down": {
          "uv": [
            9,
            10.75,
            8.75,
            11.25
          ],
          "texture": "#0"
        }
      }
    },
    {
      "name": "body",
      "from": [
        2.5,
        13.25,
        -6
      ],
      "to": [
        4.5,
        15.25,
        -4
      ],
      "rotation": {
        "angle": 22.5,
        "axis": "x",
        "origin": [
          8,
          14.25,
          -3
        ]
      },
      "faces": {
        "north": {
          "uv": [
            13,
            4.75,
            13.5,
            5.25
          ],
          "texture": "#0"
        },
        "east": {
          "uv": [
            13,
            5.25,
            13.5,
            5.75
          ],
          "texture": "#0"
        },
        "south": {
          "uv": [
            13,
            5.75,
            13.5,
            6.25
          ],
          "texture": "#0"
        },
        "west": {
          "uv": [
            13,
            6.25,
            13.5,
            6.75
          ],
          "texture": "#0"
        },
        "up": {
          "uv": [
            13.5,
            7.25,
            13,
            6.75
          ],
          "texture": "#0"
        },
        "down": {
          "uv": [
            13.5,
            7.25,
            13,
            7.75
          ],
          "texture": "#0"
        }
      }
    },
    {
      "name": "body",
      "from": [
        11.5,
        13.25,
        -6
      ],
      "to": [
        13.5,
        15.25,
        -4
      ],
      "rotation": {
        "angle": 22.5,
        "axis": "x",
        "origin": [
          8,
          14.25,
          -3
        ]
      },
      "faces": {
        "north": {
          "uv": [
            13,
            1.75,
            13.5,
            2.25
          ],
          "texture": "#0"
        },
        "east": {
          "uv": [
            13,
            2.25,
            13.5,
            2.75
          ],
          "texture": "#0"
        },
        "south": {
          "uv": [
            13,
            2.75,
            13.5,
            3.25
          ],
          "texture": "#0"
        },
        "west": {
          "uv": [
            13,
            3.25,
            13.5,
            3.75
          ],
          "texture": "#0"
        },
        "up": {
          "uv": [
            13.5,
            4.25,
            13,
            3.75
          ],
          "texture": "#0"
        },
        "down": {
          "uv": [
            13.5,
            4.25,
            13,
            4.75
          ],
          "texture": "#0"
        }
      }
    },
    {
      "name": "body",
      "from": [
        3,
        7,
        -2
      ],
      "to": [
        4,
        14,
        -1
      ],
      "rotation": {
        "angle": 0,
        "axis": "y",
        "origin": [
          8,
          15,
          -3
        ]
      },
      "faces": {
        "north": {
          "uv": [
            3.75,
            0,
            4,
            1.75
          ],
          "texture": "#0"
        },
        "east": {
          "uv": [
            9.5,
            12,
            9.75,
            13.75
          ],
          "texture": "#0"
        },
        "south": {
          "uv": [
            8.5,
            12.25,
            8.75,
            14
          ],
          "texture": "#0"
        },
        "west": {
          "uv": [
            12.5,
            9.25,
            12.75,
            11
          ],
          "texture": "#0"
        },
        "up": {
          "uv": [
            10.5,
            4.75,
            10.25,
            4.5
          ],
          "texture": "#0"
        },
        "down": {
          "uv": [
            10.5,
            7.25,
            10.25,
            7.5
          ],
          "texture": "#0"
        }
      }
    },
    {
      "name": "body",
      "from": [
        12,
        7,
        -2
      ],
      "to": [
        13,
        14,
        -1
      ],
      "rotation": {
        "angle": 0,
        "axis": "y",
        "origin": [
          17,
          15,
          -3
        ]
      },
      "faces": {
        "north": {
          "uv": [
            12.75,
            2.75,
            13,
            4.5
          ],
          "texture": "#0"
        },
        "east": {
          "uv": [
            12.75,
            4.5,
            13,
            6.25
          ],
          "texture": "#0"
        },
        "south": {
          "uv": [
            5,
            12.75,
            5.25,
            14.5
          ],
          "texture": "#0"
        },
        "west": {
          "uv": [
            5.25,
            12.75,
            5.5,
            14.5
          ],
          "texture": "#0"
        },
        "up": {
          "uv": [
            10.5,
            10,
            10.25,
            9.75
          ],
          "texture": "#0"
        },
        "down": {
          "uv": [
            10.75,
            4.5,
            10.5,
            4.75
          ],
          "texture": "#0"
        }
      }
    },
    {
      "name": "body",
      "from": [
        12,
        13.75,
        -4
      ],
      "to": [
        13,
        14.75,
        -2
      ],
      "rotation": {
        "angle": 22.5,
        "axis": "x",
        "origin": [
          8,
          14.25,
          -3
        ]
      },
      "faces": {
        "north": {
          "uv": [
            3.75,
            4.75,
            4,
            5
          ],
          "texture": "#0"
        },
        "east": {
          "uv": [
            3.25,
            4.75,
            3.75,
            5
          ],
          "texture": "#0"
        },
        "south": {
          "uv": [
            9.75,
            4.5,
            10,
            4.75
          ],
          "texture": "#0"
        },
        "west": {
          "uv": [
            8.5,
            4.75,
            9,
            5
          ],
          "texture": "#0"
        },
        "up": {
          "uv": [
            6.5,
            10.25,
            6.25,
            9.75
          ],
          "texture": "#0"
        },
        "down": {
          "uv": [
            11,
            2,
            10.75,
            2.5
          ],
          "texture": "#0"
        }
      }
    },
    {
      "name": "body",
      "from": [
        10,
        11.25,
        -2
      ],
      "to": [
        15,
        17.25,
        -1
      ],
      "rotation": {
        "angle": 22.5,
        "axis": "x",
        "origin": [
          8,
          14.25,
          -3
        ]
      },
      "faces": {
        "north": {
          "uv": [
            8.5,
            3.25,
            9.75,
            4.75
          ],
          "texture": "#0"
        },
        "east": {
          "uv": [
            7.25,
            12.75,
            7.5,
            14.25
          ],
          "texture": "#0"
        },
        "south": {
          "uv": [
            4.5,
            8.75,
            5.75,
            10.25
          ],
          "texture": "#0"
        },
        "west": {
          "uv": [
            12.75,
            7.25,
            13,
            8.75
          ],
          "texture": "#0"
        },
        "up": {
          "uv": [
            8.5,
            5,
            7.25,
            4.75
          ],
          "texture": "#0"
        },
        "down": {
          "uv": [
            13.75,
            0,
            12.5,
            0.25
          ],
          "texture": "#0"
        }
      }
    },
    {
      "name": "body",
      "from": [
        12,
        5,
        -3
      ],
      "to": [
        14,
        9,
        0
      ],
      "rotation": {
        "angle": 0,
        "axis": "y",
        "origin": [
          18,
          0,
          -1.5
        ]
      },
      "faces": {
        "north": {
          "uv": [
            12,
            11.25,
            12.5,
            12.25
          ],
          "texture": "#0"
        },
        "east": {
          "uv": [
            11.25,
            4.5,
            12,
            5.5
          ],
          "texture": "#0"
        },
        "south": {
          "uv": [
            0.5,
            12.25,
            1,
            13.25
          ],
          "texture": "#0"
        },
        "west": {
          "uv": [
            6.25,
            11.25,
            7,
            12.25
          ],
          "texture": "#0"
        },
        "up": {
          "uv": [
            9.25,
            13.5,
            8.75,
            12.75
          ],
          "texture": "#0"
        },
        "down": {
          "uv": [
            13.25,
            8.75,
            12.75,
            9.5
          ],
          "texture": "#0"
        }
      }
    },
    {
      "name": "body",
      "from": [
        7,
        -4,
        0
      ],
      "to": [
        9,
        1,
        2
      ],
      "rotation": {
        "angle": 0,
        "axis": "y",
        "origin": [
          8,
          -4,
          1
        ]
      },
      "faces": {
        "north": {
          "uv": [
            5,
            11.5,
            5.5,
            12.75
          ],
          "texture": "#0"
        },
        "east": {
          "uv": [
            11.75,
            7.25,
            12.25,
            8.5
          ],
          "texture": "#0"
        },
        "south": {
          "uv": [
            10.25,
            11.75,
            10.75,
            13
          ],
          "texture": "#0"
        },
        "west": {
          "uv": [
            0,
            12,
            0.5,
            13.25
          ],
          "texture": "#0"
        },
        "up": {
          "uv": [
            13.25,
            13.25,
            12.75,
            12.75
          ],
          "texture": "#0"
        },
        "down": {
          "uv": [
            13.5,
            0.25,
            13,
            0.75
          ],
          "texture": "#0"
        }
      }
    },
    {
      "name": "body",
      "from": [
        8,
        -4,
        -6
      ],
      "to": [
        8,
        1,
        0
      ],
      "rotation": {
        "angle": 0,
        "axis": "y",
        "origin": [
          8,
          -4,
          -1
        ]
      },
      "faces": {
        "north": {
          "uv": [
            0,
            0,
            0,
            1.25
          ],
          "texture": "#0"
        },
        "east": {
          "uv": [
            8,
            6.25,
            9.5,
            7.5
          ],
          "texture": "#0"
        },
        "south": {
          "uv": [
            0,
            0,
            0,
            1.25
          ],
          "texture": "#0"
        },
        "west": {
          "uv": [
            9,
            7.5,
            10.5,
            8.75
          ],
          "texture": "#0"
        },
        "up": {
          "uv": [
            0,
            1.5,
            0,
            0
          ],
          "texture": "#0"
        },
        "down": {
          "uv": [
            0,
            0,
            0,
            1.5
          ],
          "texture": "#0"
        }
      }
    },
    {
      "name": "body",
      "from": [
        7.5,
        0,
        2
      ],
      "to": [
        8.5,
        3,
        6
      ],
      "rotation": {
        "angle": 0,
        "axis": "y",
        "origin": [
          8.5,
          -4,
          8
        ]
      },
      "faces": {
        "north": {
          "uv": [
            9.25,
            1.25,
            9.5,
            2
          ],
          "texture": "#0"
        },
        "east": {
          "uv": [
            11.5,
            9.75,
            12.5,
            10.5
          ],
          "texture": "#0"
        },
        "south": {
          "uv": [
            9.5,
            2.5,
            9.75,
            3.25
          ],
          "texture": "#0"
        },
        "west": {
          "uv": [
            11.5,
            10.5,
            12.5,
            11.25
          ],
          "texture": "#0"
        },
        "up": {
          "uv": [
            7.75,
            12.25,
            7.5,
            11.25
          ],
          "texture": "#0"
        },
        "down": {
          "uv": [
            12.75,
            5,
            12.5,
            6
          ],
          "texture": "#0"
        }
      }
    },
    {
      "name": "body",
      "from": [
        3.79219,
        10.2064,
        4
      ],
      "to": [
        8.79219,
        10.2064,
        12
      ],
      "rotation": {
        "angle": -45,
        "axis": "z",
        "origin": [
          5.79219,
          10.2064,
          6.5
        ]
      },
      "faces": {
        "north": {
          "uv": [
            0,
            0,
            1.25,
            0
          ],
          "texture": "#0"
        },
        "east": {
          "uv": [
            0,
            0,
            2,
            0
          ],
          "texture": "#0"
        },
        "south": {
          "uv": [
            0,
            0,
            1.25,
            0
          ],
          "texture": "#0"
        },
        "west": {
          "uv": [
            0,
            0,
            2,
            0
          ],
          "texture": "#0"
        },
        "up": {
          "uv": [
            9,
            9.5,
            7.75,
            7.5
          ],
          "texture": "#0"
        },
        "down": {
          "uv": [
            9.25,
            0,
            8,
            2
          ],
          "texture": "#0"
        }
      }
    },
    {
      "name": "body",
      "from": [
        7.20781,
        10.2064,
        4
      ],
      "to": [
        12.20781,
        10.2064,
        12
      ],
      "rotation": {
        "angle": 45,
        "axis": "z",
        "origin": [
          10.20781,
          10.2064,
          6.5
        ]
      },
      "faces": {
        "north": {
          "uv": [
            0,
            0,
            1.25,
            0
          ],
          "texture": "#0"
        },
        "east": {
          "uv": [
            0,
            0,
            2,
            0
          ],
          "texture": "#0"
        },
        "south": {
          "uv": [
            0,
            0,
            1.25,
            0
          ],
          "texture": "#0"
        },
        "west": {
          "uv": [
            0,
            0,
            2,
            0
          ],
          "texture": "#0"
        },
        "up": {
          "uv": [
            3.25,
            10.75,
            2,
            8.75
          ],
          "texture": "#0"
        },
        "down": {
          "uv": [
            4.5,
            8.75,
            3.25,
            10.75
          ],
          "texture": "#0"
        }
      }
    },
    {
      "name": "body",
      "from": [
        7.20781,
        1.7936,
        4
      ],
      "to": [
        12.20781,
        1.7936,
        14
      ],
      "rotation": {
        "angle": -45,
        "axis": "z",
        "origin": [
          10.20781,
          1.7936,
          6.5
        ]
      },
      "faces": {
        "north": {
          "uv": [
            0,
            0,
            1.25,
            0
          ],
          "texture": "#0"
        },
        "east": {
          "uv": [
            0,
            0,
            2.5,
            0
          ],
          "texture": "#0"
        },
        "south": {
          "uv": [
            0,
            0,
            1.25,
            0
          ],
          "texture": "#0"
        },
        "west": {
          "uv": [
            0,
            0,
            2.5,
            0
          ],
          "texture": "#0"
        },
        "up": {
          "uv": [
            4.5,
            8.75,
            3.25,
            6.25
          ],
          "texture": "#0"
        },
        "down": {
          "uv": [
            5.75,
            6.25,
            4.5,
            8.75
          ],
          "texture": "#0"
        }
      }
    },
    {
      "name": "body",
      "from": [
        3.79219,
        1.7936,
        4
      ],
      "to": [
        8.79219,
        1.7936,
        14
      ],
      "rotation": {
        "angle": 45,
        "axis": "z",
        "origin": [
          5.79219,
          1.7936,
          6.5
        ]
      },
      "faces": {
        "north": {
          "uv": [
            0,
            0,
            1.25,
            0
          ],
          "texture": "#0"
        },
        "east": {
          "uv": [
            0,
            0,
            2.5,
            0
          ],
          "texture": "#0"
        },
        "south": {
          "uv": [
            0,
            0,
            1.25,
            0
          ],
          "texture": "#0"
        },
        "west": {
          "uv": [
            0,
            0,
            2.5,
            0
          ],
          "texture": "#0"
        },
        "up": {
          "uv": [
            7.25,
            4.5,
            6,
            2
          ],
          "texture": "#0"
        },
        "down": {
          "uv": [
            3.25,
            6.25,
            2,
            8.75
          ],
          "texture": "#0"
        }
      }
    },
    {
      "name": "body",
      "from": [
        5.5,
        6.5,
        4
      ],
      "to": [
        10.5,
        9.5,
        9
      ],
      "rotation": {
        "angle": 0,
        "axis": "y",
        "origin": [
          10.5,
          1.5,
          10
        ]
      },
      "faces": {
        "north": {
          "uv": [
            10.75,
            1.25,
            12,
            2
          ],
          "texture": "#0"
        },
        "east": {
          "uv": [
            2,
            10.75,
            3.25,
            11.5
          ],
          "texture": "#0"
        },
        "south": {
          "uv": [
            3.25,
            10.75,
            4.5,
            11.5
          ],
          "texture": "#0"
        },
        "west": {
          "uv": [
            4.5,
            10.75,
            5.75,
            11.5
          ],
          "texture": "#0"
        },
        "up": {
          "uv": [
            10.75,
            7.25,
            9.5,
            6
          ],
          "texture": "#0"
        },
        "down": {
          "uv": [
            9,
            9.5,
            7.75,
            10.75
          ],
          "texture": "#0"
        }
      }
    },
    {
      "name": "body",
      "from": [
        5.5,
        2.5,
        4
      ],
      "to": [
        10.5,
        5.5,
        9
      ],
      "rotation": {
        "angle": 0,
        "axis": "y",
        "origin": [
          10.5,
          -1.5,
          10
        ]
      },
      "faces": {
        "north": {
          "uv": [
            10.5,
            0.5,
            11.75,
            1.25
          ],
          "texture": "#0"
        },
        "east": {
          "uv": [
            10.5,
            7.25,
            11.75,
            8
          ],
          "texture": "#0"
        },
        "south": {
          "uv": [
            10.5,
            8,
            11.75,
            8.75
          ],
          "texture": "#0"
        },
        "west": {
          "uv": [
            9,
            10.5,
            10.25,
            11.25
          ],
          "texture": "#0"
        },
        "up": {
          "uv": [
            10.25,
            10,
            9,
            8.75
          ],
          "texture": "#0"
        },
        "down": {
          "uv": [
            10.5,
            0,
            9.25,
            1.25
          ],
          "texture": "#0"
        }
      }
    },
    {
      "name": "body",
      "from": [
        2.5,
        4.5,
        5
      ],
      "to": [
        6.5,
        7.5,
        8
      ],
      "rotation": {
        "angle": 0,
        "axis": "y",
        "origin": [
          8.5,
          0.5,
          9
        ]
      },
      "faces": {
        "north": {
          "uv": [
            8.75,
            11.25,
            9.75,
            12
          ],
          "texture": "#0"
        },
        "east": {
          "uv": [
            11.75,
            3.5,
            12.5,
            4.25
          ],
          "texture": "#0"
        },
        "south": {
          "uv": [
            11,
            11.25,
            12,
            12
          ],
          "texture": "#0"
        },
        "west": {
          "uv": [
            12,
            1,
            12.75,
            1.75
          ],
          "texture": "#0"
        },
        "up": {
          "uv": [
            3,
            12.25,
            2,
            11.5
          ],
          "texture": "#0"
        },
        "down": {
          "uv": [
            12.5,
            2,
            11.5,
            2.75
          ],
          "texture": "#0"
        }
      }
    },
    {
      "name": "body",
      "from": [
        9.5,
        4.5,
        5
      ],
      "to": [
        13.5,
        7.5,
        8
      ],
      "rotation": {
        "angle": 0,
        "axis": "y",
        "origin": [
          7.5,
          0.5,
          9
        ]
      },
      "faces": {
        "north": {
          "uv": [
            11.5,
            2.75,
            12.5,
            3.5
          ],
          "texture": "#0"
        },
        "east": {
          "uv": [
            12,
            4.25,
            12.75,
            5
          ],
          "texture": "#0"
        },
        "south": {
          "uv": [
            3,
            11.5,
            4,
            12.25
          ],
          "texture": "#0"
        },
        "west": {
          "uv": [
            8.75,
            12,
            9.5,
            12.75
          ],
          "texture": "#0"
        },
        "up": {
          "uv": [
            5,
            12.25,
            4,
            11.5
          ],
          "texture": "#0"
        },
        "down": {
          "uv": [
            12.5,
            5.5,
            11.5,
            6.25
          ],
          "texture": "#0"
        }
      }
    },
    {
      "name": "body",
      "from": [
        7,
        2,
        11.5
      ],
      "to": [
        9,
        4,
        17.5
      ],
      "rotation": {
        "angle": 0,
        "axis": "y",
        "origin": [
          9,
          -6,
          6.5
        ]
      },
      "faces": {
        "north": {
          "uv": [
            0.5,
            13.25,
            1,
            13.75
          ],
          "texture": "#0"
        },
        "east": {
          "uv": [
            11.5,
            6.25,
            13,
            6.75
          ],
          "texture": "#0"
        },
        "south": {
          "uv": [
            13.25,
            0.75,
            13.75,
            1.25
          ],
          "texture": "#0"
        },
        "west": {
          "uv": [
            11.5,
            6.75,
            13,
            7.25
          ],
          "texture": "#0"
        },
        "up": {
          "uv": [
            7.5,
            12.75,
            7,
            11.25
          ],
          "texture": "#0"
        },
        "down": {
          "uv": [
            10.25,
            11.25,
            9.75,
            12.75
          ],
          "texture": "#0"
        }
      }
    },
    {
      "name": "body",
      "from": [
        5.497,
        0.997,
        17.497
      ],
      "to": [
        10.503,
        5.003,
        19.503
      ],
      "rotation": {
        "angle": 0,
        "axis": "y",
        "origin": [
          9.5,
          -6,
          8.5
        ]
      },
      "faces": {
        "north": {
          "uv": [
            0,
            9.75,
            1.25,
            10.75
          ],
          "texture": "#0"
        },
        "east": {
          "uv": [
            12.25,
            12.25,
            12.75,
            13.25
          ],
          "texture": "#0"
        },
        "south": {
          "uv": [
            9.75,
            2.5,
            11,
            3.5
          ],
          "texture": "#0"
        },
        "west": {
          "uv": [
            12.5,
            1.75,
            13,
            2.75
          ],
          "texture": "#0"
        },
        "up": {
          "uv": [
            7.25,
            5,
            6,
            4.5
          ],
          "texture": "#0"
        },
        "down": {
          "uv": [
            13,
            0.5,
            11.75,
            1
          ],
          "texture": "#0"
        }
      }
    },
    {
      "name": "body",
      "from": [
        5.497,
        4.997,
        10.497
      ],
      "to": [
        10.503,
        10.003,
        19.503
      ],
      "rotation": {
        "angle": 0,
        "axis": "y",
        "origin": [
          9.5,
          0,
          8.5
        ]
      },
      "faces": {
        "north": {
          "uv": [
            9.5,
            1.25,
            10.75,
            2.5
          ],
          "texture": "#0"
        },
        "east": {
          "uv": [
            5.75,
            6.25,
            8,
            7.5
          ],
          "texture": "#0"
        },
        "south": {
          "uv": [
            9.5,
            4.75,
            10.75,
            6
          ],
          "texture": "#0"
        },
        "west": {
          "uv": [
            7.25,
            2,
            9.5,
            3.25
          ],
          "texture": "#0"
        },
        "up": {
          "uv": [
            1.25,
            9.75,
            0,
            7.5
          ],
          "texture": "#0"
        },
        "down": {
          "uv": [
            7,
            7.5,
            5.75,
            9.75
          ],
          "texture": "#0"
        }
      }
    },
    {
      "name": "body",
      "from": [
        6.5,
        3.5,
        3.5
      ],
      "to": [
        9.5,
        8.5,
        18.5
      ],
      "rotation": {
        "angle": 0,
        "axis": "y",
        "origin": [
          10.5,
          -1.5,
          9.5
        ]
      },
      "faces": {
        "north": {
          "uv": [
            10.25,
            10.5,
            11,
            11.75
          ],
          "texture": "#0"
        },
        "east": {
          "uv": [
            2,
            5,
            5.75,
            6.25
          ],
          "texture": "#0"
        },
        "south": {
          "uv": [
            0,
            10.75,
            0.75,
            12
          ],
          "texture": "#0"
        },
        "west": {
          "uv": [
            5.75,
            5,
            9.5,
            6.25
          ],
          "texture": "#0"
        },
        "up": {
          "uv": [
            2,
            11.25,
            1.25,
            7.5
          ],
          "texture": "#0"
        },
        "down": {
          "uv": [
            7.75,
            7.5,
            7,
            11.25
          ],
          "texture": "#0"
        }
      }
    },
    {
      "name": "right_ear",
      "from": [
        9.42388,
        4.92595,
        -1.44483
      ],
      "to": [
        11.42388,
        9.92595,
        -1.44483
      ],
      "rotation": {
        "angle": 22.5,
        "axis": "y",
        "origin": [
          10.42388,
          7.42595,
          -1.44483
        ]
      },
      "faces": {
        "north": {
          "uv": [
            0,
            1.75,
            0.5,
            3
          ],
          "texture": "#0"
        },
        "east": {
          "uv": [
            0,
            1.75,
            0,
            3
          ],
          "texture": "#0"
        },
        "south": {
          "uv": [
            0.5,
            1.75,
            1,
            3
          ],
          "texture": "#0"
        },
        "west": {
          "uv": [
            0.5,
            1.75,
            0.5,
            3
          ],
          "texture": "#0"
        },
        "up": {
          "uv": [
            0.5,
            1.75,
            0,
            1.75
          ],
          "texture": "#0"
        },
        "down": {
          "uv": [
            1,
            1.75,
            0.5,
            1.75
          ],
          "texture": "#0"
        }
      }
    },
    {
      "name": "left_ear",
      "from": [
        4.57612,
        4.92595,
        -1.44483
      ],
      "to": [
        6.57612,
        9.92595,
        -1.44483
      ],
      "rotation": {
        "angle": -22.5,
        "axis": "y",
        "origin": [
          5.57612,
          7.42595,
          -1.44483
        ]
      },
      "faces": {
        "north": {
          "uv": [
            1,
            1.75,
            1.5,
            3
          ],
          "texture": "#0"
        },
        "east": {
          "uv": [
            1,
            1.75,
            1,
            3
          ],
          "texture": "#0"
        },
        "south": {
          "uv": [
            1.5,
            1.75,
            2,
            3
          ],
          "texture": "#0"
        },
        "west": {
          "uv": [
            1.5,
            1.75,
            1.5,
            3
          ],
          "texture": "#0"
        },
        "up": {
          "uv": [
            1.5,
            1.75,
            1,
            1.75
          ],
          "texture": "#0"
        },
        "down": {
          "uv": [
            2,
            1.75,
            1.5,
            1.75
          ],
          "texture": "#0"
        }
      }
    },
    {
      "name": "head",
      "from": [
        6.5,
        2.31489,
        -1.33579
      ],
      "to": [
        9.5,
        7.31489,
        0.66421
      ],
      "rotation": {
        "angle": 45,
        "axis": "x",
        "origin": [
          8,
          6.02007,
          -1.1
        ]
      },
      "faces": {
        "north": {
          "uv": [
            0.5,
            0.5,
            1.25,
            1.75
          ],
          "texture": "#0"
        },
        "east": {
          "uv": [
            0,
            0.5,
            0.5,
            1.75
          ],
          "texture": "#0"
        },
        "south": {
          "uv": [
            1.75,
            0.5,
            2.5,
            1.75
          ],
          "texture": "#0"
        },
        "west": {
          "uv": [
            1.25,
            0.5,
            1.75,
            1.75
          ],
          "texture": "#0"
        },
        "up": {
          "uv": [
            1.25,
            0.5,
            0.5,
            0
          ],
          "texture": "#0"
        },
        "down": {
          "uv": [
            2,
            0,
            1.25,
            0.5
          ],
          "texture": "#0"
        }
      }
    }
  ],
  "display": {
    "thirdperson_righthand": {
      "translation": [
        0,
        7.5,
        8.75
      ]
    },
    "thirdperson_lefthand": {
      "translation": [
        0,
        7.5,
        8.75
      ]
    },
    "firstperson_righthand": {
      "translation": [
        6,
        -1.25,
        -0.75
      ]
    },
    "firstperson_lefthand": {
      "translation": [
        6,
        -1.25,
        -0.75
      ]
    },
    "ground": {
      "rotation": [
        45,
        0,
        0
      ],
      "translation": [
        0,
        4.75,
        0.75
      ],
      "scale": [
        0.25,
        0.25,
        0.25
      ]
    },
    "gui": {
      "rotation": [
        30,
        135,
        0
      ],
      "translation": [
        1.25,
        1.5,
        0
      ],
      "scale": [
        0.55,
        0.55,
        0.55
      ]
    },
    "fixed": {
      "rotation": [
        90,
        -45,
        90
      ],
      "translation": [
        -2.25,
        0.25,
        -0.5
      ],
      "scale": [
        0.6,
        0.6,
        0.6
      ]
    }
  }
}