{
  "texture_size": [
    128,
    128
  ],
  "textures": {
    "0": "civilization:item/tools/shrink_ray/normal/pulling/3",
    "particle": "civilization:item/tools/shrink_ray/normal/pulling/3"
  },
  "elements": [
    {
      "from": [
        4.5,
        7,
        -2.75
      ],
      "to": [
        11.5,
        14,
        -0.75
      ],
      "rotation": {
        "angle": 45,
        "axis": "z",
        "origin": [
          8,
          10.5,
          -1.75
        ]
      },
      "faces": {
        "north": {
          "uv": [
            5.5,
            1.5,
            6.375,
            2.375
          ],
          "texture": "#0"
        },
        "east": {
          "uv": [
            10.625,
            8,
            10.875,
            8.875
          ],
          "texture": "#0"
        },
        "south": {
          "uv": [
            5.5,
            2.5,
            6.375,
            3.375
          ],
          "texture": "#0"
        },
        "west": {
          "uv": [
            10,
            10.625,
            10.25,
            11.5
          ],
          "texture": "#0"
        },
        "up": {
          "uv": [
            11.5,
            6.375,
            10.625,
            6.125
          ],
          "texture": "#0"
        },
        "down": {
          "uv": [
            11.625,
            9,
            10.75,
            9.25
          ],
          "texture": "#0"
        }
      }
    },
    {
      "from": [
        4.4,
        6.9,
        -2.85
      ],
      "to": [
        11.6,
        14.1,
        -0.65
      ],
      "rotation": {
        "angle": 45,
        "axis": "z",
        "origin": [
          8,
          10.5,
          -1.75
        ]
      },
      "faces": {
        "north": {
          "uv": [
            5.375,
            5.625,
            6.25,
            6.5
          ],
          "texture": "#0"
        },
        "east": {
          "uv": [
            7.75,
            10.75,
            8,
            11.625
          ],
          "texture": "#0"
        },
        "south": {
          "uv": [
            0,
            5.875,
            0.875,
            6.75
          ],
          "texture": "#0"
        },
        "west": {
          "uv": [
            8.125,
            10.75,
            8.375,
            11.625
          ],
          "texture": "#0"
        },
        "up": {
          "uv": [
            11.625,
            9.625,
            10.75,
            9.375
          ],
          "texture": "#0"
        },
        "down": {
          "uv": [
            11.75,
            0,
            10.875,
            0.25
          ],
          "texture": "#0"
        }
      }
    },
    {
      "from": [
        2.5,
        5,
        -5.25
      ],
      "to": [
        13.5,
        16,
        -5.25
      ],
      "rotation": {
        "angle": 0,
        "axis": "y",
        "origin": [
          8,
          10.5,
          -5.25
        ]
      },
      "faces": {
        "north": {
          "uv": [
            0,
            0,
            1.375,
            1.375
          ],
          "texture": "#0"
        },
        "east": {
          "uv": [
            5.5,
            11.5,
            5.5,
            12.875
          ],
          "texture": "#0"
        },
        "south": {
          "uv": [
            0,
            1.5,
            1.375,
            2.875
          ],
          "texture": "#0"
        },
        "west": {
          "uv": [
            11,
            11.75,
            11,
            13.125
          ],
          "texture": "#0"
        },
        "up": {
          "uv": [
            13.125,
            8.625,
            11.75,
            8.625
          ],
          "texture": "#0"
        },
        "down": {
          "uv": [
            13.25,
            3.25,
            11.875,
            3.25
          ],
          "texture": "#0"
        }
      }
    },
    {
      "from": [
        6.5,
        9,
        -6.75
      ],
      "to": [
        9.5,
        12,
        -3.75
      ],
      "rotation": {
        "angle": 0,
        "axis": "y",
        "origin": [
          8,
          10.5,
          -5.25
        ]
      },
      "faces": {
        "north": {
          "uv": [
            6,
            6.625,
            6.125,
            6.75
          ],
          "texture": "#0"
        },
        "east": {
          "uv": [
            0.75,
            6.875,
            0.875,
            7
          ],
          "texture": "#0"
        },
        "south": {
          "uv": [
            7.75,
            2.75,
            7.875,
            2.875
          ],
          "texture": "#0"
        },
        "west": {
          "uv": [
            5,
            8.75,
            5.125,
            8.875
          ],
          "texture": "#0"
        },
        "up": {
          "uv": [
            10,
            1.75,
            9.875,
            1.625
          ],
          "texture": "#0"
        },
        "down": {
          "uv": [
            10,
            7.5,
            9.875,
            7.625
          ],
          "texture": "#0"
        }
      }
    },
    {
      "from": [
        3.3,
        5.8,
        8.05
      ],
      "to": [
        12.7,
        15.2,
        10.45
      ],
      "rotation": {
        "angle": 0,
        "axis": "y",
        "origin": [
          8.5,
          8,
          1.25
        ]
      },
      "faces": {
        "north": {
          "uv": [
            0,
            3,
            1.125,
            4.125
          ],
          "texture": "#0"
        },
        "east": {
          "uv": [
            2.75,
            8.875,
            3,
            10
          ],
          "texture": "#0"
        },
        "south": {
          "uv": [
            1.25,
            3.875,
            2.375,
            5
          ],
          "texture": "#0"
        },
        "west": {
          "uv": [
            1.5,
            9.25,
            1.75,
            10.375
          ],
          "texture": "#0"
        },
        "up": {
          "uv": [
            10,
            8.5,
            8.875,
            8.25
          ],
          "texture": "#0"
        },
        "down": {
          "uv": [
            10.25,
            4.125,
            9.125,
            4.375
          ],
          "texture": "#0"
        }
      }
    },
    {
      "from": [
        3.5,
        6,
        0.25
      ],
      "to": [
        12.5,
        15,
        10.25
      ],
      "rotation": {
        "angle": 0,
        "axis": "y",
        "origin": [
          8.5,
          8,
          1.25
        ]
      },
      "faces": {
        "north": {
          "uv": [
            2.875,
            0,
            4,
            1.125
          ],
          "texture": "#0"
        },
        "east": {
          "uv": [
            1.5,
            0,
            2.75,
            1.125
          ],
          "texture": "#0"
        },
        "south": {
          "uv": [
            2.875,
            1.25,
            4,
            2.375
          ],
          "texture": "#0"
        },
        "west": {
          "uv": [
            1.5,
            1.25,
            2.75,
            2.375
          ],
          "texture": "#0"
        },
        "up": {
          "uv": [
            2.625,
            3.75,
            1.5,
            2.5
          ],
          "texture": "#0"
        },
        "down": {
          "uv": [
            3.875,
            2.5,
            2.75,
            3.75
          ],
          "texture": "#0"
        }
      }
    },
    {
      "from": [
        1.98447,
        7.98447,
        -3.73
      ],
      "to": [
        4.94447,
        12.94447,
        6.23
      ],
      "rotation": {
        "angle": -22.5,
        "axis": "z",
        "origin": [
          8,
          10.46447,
          1.25
        ]
      },
      "faces": {
        "north": {
          "uv": [
            2.25,
            10.25,
            2.625,
            10.875
          ],
          "texture": "#0"
        },
        "east": {
          "uv": [
            4.875,
            0,
            6.125,
            0.625
          ],
          "texture": "#0"
        },
        "south": {
          "uv": [
            0,
            10.375,
            0.375,
            11
          ],
          "texture": "#0"
        },
        "west": {
          "uv": [
            0.75,
            5.125,
            2,
            5.75
          ],
          "texture": "#0"
        },
        "up": {
          "uv": [
            0.875,
            10.375,
            0.5,
            9.125
          ],
          "texture": "#0"
        },
        "down": {
          "uv": [
            1.375,
            9.125,
            1,
            10.375
          ],
          "texture": "#0"
        }
      }
    },
    {
      "from": [
        1.96447,
        7.96447,
        -4.75
      ],
      "to": [
        2.96447,
        12.96447,
        4.25
      ],
      "rotation": {
        "angle": -22.5,
        "axis": "z",
        "origin": [
          8,
          10.46447,
          0.25
        ]
      },
      "faces": {
        "north": {
          "uv": [
            1.25,
            3,
            1.375,
            3.625
          ],
          "texture": "#0"
        },
        "east": {
          "uv": [
            4,
            6,
            5.125,
            6.625
          ],
          "texture": "#0"
        },
        "south": {
          "uv": [
            8.25,
            11.75,
            8.375,
            12.375
          ],
          "texture": "#0"
        },
        "west": {
          "uv": [
            6.125,
            3.5,
            7.25,
            4.125
          ],
          "texture": "#0"
        },
        "up": {
          "uv": [
            4.875,
            10.375,
            4.75,
            9.25
          ],
          "texture": "#0"
        },
        "down": {
          "uv": [
            0.875,
            11.25,
            0.75,
            12.375
          ],
          "texture": "#0"
        }
      }
    },
    {
      "from": [
        1.96447,
        7.96447,
        5.25
      ],
      "to": [
        3.96447,
        12.96447,
        8.25
      ],
      "rotation": {
        "angle": 22.5,
        "axis": "z",
        "origin": [
          8,
          10.46447,
          3.25
        ]
      },
      "faces": {
        "north": {
          "uv": [
            5.625,
            11.375,
            5.875,
            12
          ],
          "texture": "#0"
        },
        "east": {
          "uv": [
            5.75,
            10.625,
            6.125,
            11.25
          ],
          "texture": "#0"
        },
        "south": {
          "uv": [
            6,
            11.375,
            6.25,
            12
          ],
          "texture": "#0"
        },
        "west": {
          "uv": [
            6.25,
            10.625,
            6.625,
            11.25
          ],
          "texture": "#0"
        },
        "up": {
          "uv": [
            10.5,
            12.125,
            10.25,
            11.75
          ],
          "texture": "#0"
        },
        "down": {
          "uv": [
            10.875,
            11.75,
            10.625,
            12.125
          ],
          "texture": "#0"
        }
      }
    },
    {
      "from": [
        1.96447,
        7.96447,
        -4.75
      ],
      "to": [
        2.96447,
        12.96447,
        4.25
      ],
      "rotation": {
        "angle": 22.5,
        "axis": "z",
        "origin": [
          8,
          10.46447,
          0.25
        ]
      },
      "faces": {
        "north": {
          "uv": [
            0,
            11.875,
            0.125,
            12.5
          ],
          "texture": "#0"
        },
        "east": {
          "uv": [
            6.5,
            2.25,
            7.625,
            2.875
          ],
          "texture": "#0"
        },
        "south": {
          "uv": [
            11.875,
            0,
            12,
            0.625
          ],
          "texture": "#0"
        },
        "west": {
          "uv": [
            3.25,
            6.75,
            4.375,
            7.375
          ],
          "texture": "#0"
        },
        "up": {
          "uv": [
            11.625,
            2.375,
            11.5,
            1.25
          ],
          "texture": "#0"
        },
        "down": {
          "uv": [
            5.125,
            11.5,
            5,
            12.625
          ],
          "texture": "#0"
        }
      }
    },
    {
      "from": [
        1.98447,
        7.98447,
        -3.73
      ],
      "to": [
        4.94447,
        12.94447,
        6.23
      ],
      "rotation": {
        "angle": 22.5,
        "axis": "z",
        "origin": [
          8,
          10.46447,
          1.25
        ]
      },
      "faces": {
        "north": {
          "uv": [
            10.125,
            1.625,
            10.5,
            2.25
          ],
          "texture": "#0"
        },
        "east": {
          "uv": [
            2.5,
            3.875,
            3.75,
            4.5
          ],
          "texture": "#0"
        },
        "south": {
          "uv": [
            2.75,
            10.125,
            3.125,
            10.75
          ],
          "texture": "#0"
        },
        "west": {
          "uv": [
            3.875,
            3.875,
            5.125,
            4.5
          ],
          "texture": "#0"
        },
        "up": {
          "uv": [
            7.125,
            9.625,
            6.75,
            8.375
          ],
          "texture": "#0"
        },
        "down": {
          "uv": [
            3.5,
            8.75,
            3.125,
            10
          ],
          "texture": "#0"
        }
      }
    },
    {
      "from": [
        5.52,
        13.52,
        -3.73
      ],
      "to": [
        10.48,
        16.48,
        6.23
      ],
      "rotation": {
        "angle": 22.5,
        "axis": "z",
        "origin": [
          8,
          10.46447,
          0.25
        ]
      },
      "faces": {
        "north": {
          "uv": [
            10.25,
            7.5,
            10.875,
            7.875
          ],
          "texture": "#0"
        },
        "east": {
          "uv": [
            8.875,
            7.75,
            10.125,
            8.125
          ],
          "texture": "#0"
        },
        "south": {
          "uv": [
            10.375,
            2.375,
            11,
            2.75
          ],
          "texture": "#0"
        },
        "west": {
          "uv": [
            9,
            2.5,
            10.25,
            2.875
          ],
          "texture": "#0"
        },
        "up": {
          "uv": [
            5.25,
            5.875,
            4.625,
            4.625
          ],
          "texture": "#0"
        },
        "down": {
          "uv": [
            5.375,
            2.125,
            4.75,
            3.375
          ],
          "texture": "#0"
        }
      }
    },
    {
      "from": [
        5.5,
        14.5,
        5.25
      ],
      "to": [
        10.5,
        16.5,
        8.25
      ],
      "rotation": {
        "angle": 22.5,
        "axis": "z",
        "origin": [
          8,
          10.46447,
          3.25
        ]
      },
      "faces": {
        "north": {
          "uv": [
            11.25,
            10.125,
            11.875,
            10.375
          ],
          "texture": "#0"
        },
        "east": {
          "uv": [
            7.75,
            11.75,
            8.125,
            12
          ],
          "texture": "#0"
        },
        "south": {
          "uv": [
            11.25,
            10.5,
            11.875,
            10.75
          ],
          "texture": "#0"
        },
        "west": {
          "uv": [
            11.75,
            8,
            12.125,
            8.25
          ],
          "texture": "#0"
        },
        "up": {
          "uv": [
            11.125,
            10.25,
            10.5,
            9.875
          ],
          "texture": "#0"
        },
        "down": {
          "uv": [
            11.125,
            10.375,
            10.5,
            10.75
          ],
          "texture": "#0"
        }
      }
    },
    {
      "from": [
        5.5,
        15.5,
        -4.75
      ],
      "to": [
        10.5,
        16.5,
        4.25
      ],
      "rotation": {
        "angle": 22.5,
        "axis": "z",
        "origin": [
          8,
          10.46447,
          0.25
        ]
      },
      "faces": {
        "north": {
          "uv": [
            0,
            5.625,
            0.625,
            5.75
          ],
          "texture": "#0"
        },
        "east": {
          "uv": [
            11,
            8.75,
            12.125,
            8.875
          ],
          "texture": "#0"
        },
        "south": {
          "uv": [
            9.125,
            7.5,
            9.75,
            7.625
          ],
          "texture": "#0"
        },
        "west": {
          "uv": [
            11.375,
            7.75,
            12.5,
            7.875
          ],
          "texture": "#0"
        },
        "up": {
          "uv": [
            1.625,
            7,
            1,
            5.875
          ],
          "texture": "#0"
        },
        "down": {
          "uv": [
            2.375,
            5.875,
            1.75,
            7
          ],
          "texture": "#0"
        }
      }
    },
    {
      "from": [
        5.5,
        14.5,
        5.25
      ],
      "to": [
        10.5,
        16.5,
        8.25
      ],
      "rotation": {
        "angle": -22.5,
        "axis": "z",
        "origin": [
          8,
          10.46447,
          3.25
        ]
      },
      "faces": {
        "north": {
          "uv": [
            3.875,
            11.25,
            4.5,
            11.5
          ],
          "texture": "#0"
        },
        "east": {
          "uv": [
            11.625,
            3.375,
            12,
            3.625
          ],
          "texture": "#0"
        },
        "south": {
          "uv": [
            11.25,
            4.625,
            11.875,
            4.875
          ],
          "texture": "#0"
        },
        "west": {
          "uv": [
            4.125,
            11.625,
            4.5,
            11.875
          ],
          "texture": "#0"
        },
        "up": {
          "uv": [
            1.625,
            10.875,
            1,
            10.5
          ],
          "texture": "#0"
        },
        "down": {
          "uv": [
            3.875,
            10.5,
            3.25,
            10.875
          ],
          "texture": "#0"
        }
      }
    },
    {
      "from": [
        5.5,
        15.5,
        -4.75
      ],
      "to": [
        10.5,
        16.5,
        4.25
      ],
      "rotation": {
        "angle": -22.5,
        "axis": "z",
        "origin": [
          8,
          10.46447,
          0.25
        ]
      },
      "faces": {
        "north": {
          "uv": [
            11.75,
            2.25,
            12.375,
            2.375
          ],
          "texture": "#0"
        },
        "east": {
          "uv": [
            11.5,
            0.75,
            12.625,
            0.875
          ],
          "texture": "#0"
        },
        "south": {
          "uv": [
            11.75,
            8.375,
            12.375,
            8.5
          ],
          "texture": "#0"
        },
        "west": {
          "uv": [
            11.5,
            1,
            12.625,
            1.125
          ],
          "texture": "#0"
        },
        "up": {
          "uv": [
            3.125,
            7.125,
            2.5,
            6
          ],
          "texture": "#0"
        },
        "down": {
          "uv": [
            7,
            5.625,
            6.375,
            6.75
          ],
          "texture": "#0"
        }
      }
    },
    {
      "from": [
        13.03553,
        7.96447,
        -4.75
      ],
      "to": [
        14.03553,
        12.96447,
        4.25
      ],
      "rotation": {
        "angle": 22.5,
        "axis": "z",
        "origin": [
          8,
          10.46447,
          0.25
        ]
      },
      "faces": {
        "north": {
          "uv": [
            11.5,
            11.75,
            11.625,
            12.375
          ],
          "texture": "#0"
        },
        "east": {
          "uv": [
            6.25,
            0,
            7.375,
            0.625
          ],
          "texture": "#0"
        },
        "south": {
          "uv": [
            11.75,
            11.75,
            11.875,
            12.375
          ],
          "texture": "#0"
        },
        "west": {
          "uv": [
            6.5,
            1.5,
            7.625,
            2.125
          ],
          "texture": "#0"
        },
        "up": {
          "uv": [
            7.625,
            12.375,
            7.5,
            11.25
          ],
          "texture": "#0"
        },
        "down": {
          "uv": [
            6.5,
            11.375,
            6.375,
            12.5
          ],
          "texture": "#0"
        }
      }
    },
    {
      "from": [
        12.03553,
        7.96447,
        5.25
      ],
      "to": [
        14.03553,
        12.96447,
        8.25
      ],
      "rotation": {
        "angle": 22.5,
        "axis": "z",
        "origin": [
          8,
          10.46447,
          3.25
        ]
      },
      "faces": {
        "north": {
          "uv": [
            8.5,
            11.125,
            8.75,
            11.75
          ],
          "texture": "#0"
        },
        "east": {
          "uv": [
            1.75,
            10.5,
            2.125,
            11.125
          ],
          "texture": "#0"
        },
        "south": {
          "uv": [
            0.375,
            11.25,
            0.625,
            11.875
          ],
          "texture": "#0"
        },
        "west": {
          "uv": [
            10.5,
            3.375,
            10.875,
            4
          ],
          "texture": "#0"
        },
        "up": {
          "uv": [
            10.125,
            12,
            9.875,
            11.625
          ],
          "texture": "#0"
        },
        "down": {
          "uv": [
            12,
            1.25,
            11.75,
            1.625
          ],
          "texture": "#0"
        }
      }
    },
    {
      "from": [
        11.05553,
        7.98447,
        -3.73
      ],
      "to": [
        14.01553,
        12.94447,
        6.23
      ],
      "rotation": {
        "angle": 22.5,
        "axis": "z",
        "origin": [
          8,
          10.46447,
          1.25
        ]
      },
      "faces": {
        "north": {
          "uv": [
            8.625,
            10.375,
            9,
            11
          ],
          "texture": "#0"
        },
        "east": {
          "uv": [
            5.375,
            4.875,
            6.625,
            5.5
          ],
          "texture": "#0"
        },
        "south": {
          "uv": [
            0.5,
            10.5,
            0.875,
            11.125
          ],
          "texture": "#0"
        },
        "west": {
          "uv": [
            5.5,
            0.75,
            6.75,
            1.375
          ],
          "texture": "#0"
        },
        "up": {
          "uv": [
            5.375,
            10.375,
            5,
            9.125
          ],
          "texture": "#0"
        },
        "down": {
          "uv": [
            5.875,
            9.125,
            5.5,
            10.375
          ],
          "texture": "#0"
        }
      }
    },
    {
      "from": [
        12.03553,
        7.96447,
        5.25
      ],
      "to": [
        14.03553,
        12.96447,
        8.25
      ],
      "rotation": {
        "angle": -22.5,
        "axis": "z",
        "origin": [
          8,
          10.46447,
          3.25
        ]
      },
      "faces": {
        "north": {
          "uv": [
            1.75,
            11.25,
            2,
            11.875
          ],
          "texture": "#0"
        },
        "east": {
          "uv": [
            4,
            10.5,
            4.375,
            11.125
          ],
          "texture": "#0"
        },
        "south": {
          "uv": [
            4.625,
            11.25,
            4.875,
            11.875
          ],
          "texture": "#0"
        },
        "west": {
          "uv": [
            4.5,
            10.5,
            4.875,
            11.125
          ],
          "texture": "#0"
        },
        "up": {
          "uv": [
            12,
            2.125,
            11.75,
            1.75
          ],
          "texture": "#0"
        },
        "down": {
          "uv": [
            2.875,
            11.75,
            2.625,
            12.125
          ],
          "texture": "#0"
        }
      }
    },
    {
      "from": [
        11.05553,
        7.98447,
        -3.73
      ],
      "to": [
        14.01553,
        12.94447,
        6.23
      ],
      "rotation": {
        "angle": -22.5,
        "axis": "z",
        "origin": [
          8,
          10.46447,
          1.25
        ]
      },
      "faces": {
        "north": {
          "uv": [
            6.75,
            10.125,
            7.125,
            10.75
          ],
          "texture": "#0"
        },
        "east": {
          "uv": [
            4.125,
            1.375,
            5.375,
            2
          ],
          "texture": "#0"
        },
        "south": {
          "uv": [
            10.125,
            8.25,
            10.5,
            8.875
          ],
          "texture": "#0"
        },
        "west": {
          "uv": [
            3.25,
            4.625,
            4.5,
            5.25
          ],
          "texture": "#0"
        },
        "up": {
          "uv": [
            2.625,
            10.125,
            2.25,
            8.875
          ],
          "texture": "#0"
        },
        "down": {
          "uv": [
            0.375,
            9,
            0,
            10.25
          ],
          "texture": "#0"
        }
      }
    },
    {
      "from": [
        13.03553,
        7.96447,
        -4.75
      ],
      "to": [
        14.03553,
        12.96447,
        4.25
      ],
      "rotation": {
        "angle": -22.5,
        "axis": "z",
        "origin": [
          8,
          10.46447,
          0.25
        ]
      },
      "faces": {
        "north": {
          "uv": [
            2.125,
            11.875,
            2.25,
            12.5
          ],
          "texture": "#0"
        },
        "east": {
          "uv": [
            6.875,
            0.75,
            8,
            1.375
          ],
          "texture": "#0"
        },
        "south": {
          "uv": [
            2.375,
            11.875,
            2.5,
            12.5
          ],
          "texture": "#0"
        },
        "west": {
          "uv": [
            6,
            6.875,
            7.125,
            7.5
          ],
          "texture": "#0"
        },
        "up": {
          "uv": [
            5.375,
            12.625,
            5.25,
            11.5
          ],
          "texture": "#0"
        },
        "down": {
          "uv": [
            4,
            11.625,
            3.875,
            12.75
          ],
          "texture": "#0"
        }
      }
    },
    {
      "from": [
        5.5,
        4.42893,
        -4.75
      ],
      "to": [
        10.5,
        5.42893,
        4.25
      ],
      "rotation": {
        "angle": 22.5,
        "axis": "z",
        "origin": [
          8,
          10.46447,
          0.25
        ]
      },
      "faces": {
        "north": {
          "uv": [
            11.875,
            3,
            12.5,
            3.125
          ],
          "texture": "#0"
        },
        "east": {
          "uv": [
            11.5,
            11.25,
            12.625,
            11.375
          ],
          "texture": "#0"
        },
        "south": {
          "uv": [
            11.875,
            3.75,
            12.5,
            3.875
          ],
          "texture": "#0"
        },
        "west": {
          "uv": [
            11.5,
            11.5,
            12.625,
            11.625
          ],
          "texture": "#0"
        },
        "up": {
          "uv": [
            5.125,
            7.875,
            4.5,
            6.75
          ],
          "texture": "#0"
        },
        "down": {
          "uv": [
            0.625,
            6.875,
            0,
            8
          ],
          "texture": "#0"
        }
      }
    },
    {
      "from": [
        5.5,
        4.42893,
        5.25
      ],
      "to": [
        10.5,
        6.42893,
        8.25
      ],
      "rotation": {
        "angle": 22.5,
        "axis": "z",
        "origin": [
          8,
          10.46447,
          3.25
        ]
      },
      "faces": {
        "north": {
          "uv": [
            11.25,
            5,
            11.875,
            5.25
          ],
          "texture": "#0"
        },
        "east": {
          "uv": [
            11.625,
            6.125,
            12,
            6.375
          ],
          "texture": "#0"
        },
        "south": {
          "uv": [
            11.25,
            5.375,
            11.875,
            5.625
          ],
          "texture": "#0"
        },
        "west": {
          "uv": [
            11.75,
            6.5,
            12.125,
            6.75
          ],
          "texture": "#0"
        },
        "up": {
          "uv": [
            11.125,
            5,
            10.5,
            4.625
          ],
          "texture": "#0"
        },
        "down": {
          "uv": [
            5.625,
            10.5,
            5,
            10.875
          ],
          "texture": "#0"
        }
      }
    },
    {
      "from": [
        5.52,
        4.44893,
        -3.73
      ],
      "to": [
        10.48,
        7.40893,
        6.23
      ],
      "rotation": {
        "angle": 22.5,
        "axis": "z",
        "origin": [
          8,
          10.46447,
          1.25
        ]
      },
      "faces": {
        "north": {
          "uv": [
            6,
            9.25,
            6.625,
            9.625
          ],
          "texture": "#0"
        },
        "east": {
          "uv": [
            8.5,
            6.25,
            9.75,
            6.625
          ],
          "texture": "#0"
        },
        "south": {
          "uv": [
            9.875,
            6.25,
            10.5,
            6.625
          ],
          "texture": "#0"
        },
        "west": {
          "uv": [
            8.75,
            0,
            10,
            0.375
          ],
          "texture": "#0"
        },
        "up": {
          "uv": [
            4.625,
            3.75,
            4,
            2.5
          ],
          "texture": "#0"
        },
        "down": {
          "uv": [
            4.75,
            0,
            4.125,
            1.25
          ],
          "texture": "#0"
        }
      }
    },
    {
      "from": [
        5.52,
        4.44893,
        -3.73
      ],
      "to": [
        10.48,
        7.40893,
        6.23
      ],
      "rotation": {
        "angle": -22.5,
        "axis": "z",
        "origin": [
          8,
          10.46447,
          1.25
        ]
      },
      "faces": {
        "north": {
          "uv": [
            10.125,
            0,
            10.75,
            0.375
          ],
          "texture": "#0"
        },
        "east": {
          "uv": [
            3.625,
            8.75,
            4.875,
            9.125
          ],
          "texture": "#0"
        },
        "south": {
          "uv": [
            6,
            10.125,
            6.625,
            10.5
          ],
          "texture": "#0"
        },
        "west": {
          "uv": [
            8.75,
            8.625,
            10,
            9
          ],
          "texture": "#0"
        },
        "up": {
          "uv": [
            0.625,
            5.5,
            0,
            4.25
          ],
          "texture": "#0"
        },
        "down": {
          "uv": [
            3.125,
            4.625,
            2.5,
            5.875
          ],
          "texture": "#0"
        }
      }
    },
    {
      "from": [
        5.5,
        4.42893,
        -4.75
      ],
      "to": [
        10.5,
        5.42893,
        4.25
      ],
      "rotation": {
        "angle": -22.5,
        "axis": "z",
        "origin": [
          8,
          10.46447,
          0.25
        ]
      },
      "faces": {
        "north": {
          "uv": [
            11.75,
            9.5,
            12.375,
            9.625
          ],
          "texture": "#0"
        },
        "east": {
          "uv": [
            11.5,
            2.5,
            12.625,
            2.625
          ],
          "texture": "#0"
        },
        "south": {
          "uv": [
            1,
            11.875,
            1.625,
            12
          ],
          "texture": "#0"
        },
        "west": {
          "uv": [
            11.5,
            2.75,
            12.625,
            2.875
          ],
          "texture": "#0"
        },
        "up": {
          "uv": [
            5.875,
            7.75,
            5.25,
            6.625
          ],
          "texture": "#0"
        },
        "down": {
          "uv": [
            7.375,
            4.25,
            6.75,
            5.375
          ],
          "texture": "#0"
        }
      }
    },
    {
      "from": [
        5.5,
        4.42893,
        5.25
      ],
      "to": [
        10.5,
        6.42893,
        8.25
      ],
      "rotation": {
        "angle": -22.5,
        "axis": "z",
        "origin": [
          8,
          10.46447,
          3.25
        ]
      },
      "faces": {
        "north": {
          "uv": [
            11.25,
            5.75,
            11.875,
            6
          ],
          "texture": "#0"
        },
        "east": {
          "uv": [
            6.625,
            11.75,
            7,
            12
          ],
          "texture": "#0"
        },
        "south": {
          "uv": [
            11.25,
            9.75,
            11.875,
            10
          ],
          "texture": "#0"
        },
        "west": {
          "uv": [
            11.75,
            6.875,
            12.125,
            7.125
          ],
          "texture": "#0"
        },
        "up": {
          "uv": [
            11.125,
            5.5,
            10.5,
            5.125
          ],
          "texture": "#0"
        },
        "down": {
          "uv": [
            11.125,
            5.625,
            10.5,
            6
          ],
          "texture": "#0"
        }
      }
    },
    {
      "from": [
        1.97447,
        7.97447,
        -4.74
      ],
      "to": [
        3.95447,
        12.95447,
        4.24
      ],
      "rotation": {
        "angle": 22.5,
        "axis": "z",
        "origin": [
          8,
          10.46447,
          0.25
        ]
      },
      "faces": {
        "north": {
          "uv": [
            3.5,
            11,
            3.75,
            11.625
          ],
          "texture": "#0"
        },
        "east": {
          "uv": [
            2,
            7.25,
            3.125,
            7.875
          ],
          "texture": "#0"
        },
        "south": {
          "uv": [
            11,
            7.25,
            11.25,
            7.875
          ],
          "texture": "#0"
        },
        "west": {
          "uv": [
            7.25,
            6.25,
            8.375,
            6.875
          ],
          "texture": "#0"
        },
        "up": {
          "uv": [
            4.25,
            10.375,
            4,
            9.25
          ],
          "texture": "#0"
        },
        "down": {
          "uv": [
            4.625,
            9.25,
            4.375,
            10.375
          ],
          "texture": "#0"
        }
      }
    },
    {
      "from": [
        1.97447,
        7.97447,
        -4.74
      ],
      "to": [
        3.95447,
        12.95447,
        4.24
      ],
      "rotation": {
        "angle": -22.5,
        "axis": "z",
        "origin": [
          8,
          10.46447,
          0.25
        ]
      },
      "faces": {
        "north": {
          "uv": [
            2.125,
            5.125,
            2.375,
            5.75
          ],
          "texture": "#0"
        },
        "east": {
          "uv": [
            0.75,
            7.125,
            1.875,
            7.75
          ],
          "texture": "#0"
        },
        "south": {
          "uv": [
            8.125,
            0.75,
            8.375,
            1.375
          ],
          "texture": "#0"
        },
        "west": {
          "uv": [
            7.125,
            5.5,
            8.25,
            6.125
          ],
          "texture": "#0"
        },
        "up": {
          "uv": [
            2.125,
            10.375,
            1.875,
            9.25
          ],
          "texture": "#0"
        },
        "down": {
          "uv": [
            3.875,
            9.25,
            3.625,
            10.375
          ],
          "texture": "#0"
        }
      }
    },
    {
      "from": [
        1.96447,
        7.96447,
        5.25
      ],
      "to": [
        3.96447,
        12.96447,
        8.25
      ],
      "rotation": {
        "angle": -22.5,
        "axis": "z",
        "origin": [
          8,
          10.46447,
          3.25
        ]
      },
      "faces": {
        "north": {
          "uv": [
            7.125,
            11.25,
            7.375,
            11.875
          ],
          "texture": "#0"
        },
        "east": {
          "uv": [
            7.25,
            10.5,
            7.625,
            11.125
          ],
          "texture": "#0"
        },
        "south": {
          "uv": [
            11.125,
            11.25,
            11.375,
            11.875
          ],
          "texture": "#0"
        },
        "west": {
          "uv": [
            10.625,
            1.625,
            11,
            2.25
          ],
          "texture": "#0"
        },
        "up": {
          "uv": [
            3.75,
            12.125,
            3.5,
            11.75
          ],
          "texture": "#0"
        },
        "down": {
          "uv": [
            12,
            9,
            11.75,
            9.375
          ],
          "texture": "#0"
        }
      }
    },
    {
      "from": [
        5.51,
        4.43893,
        -4.74
      ],
      "to": [
        10.49,
        6.41893,
        4.24
      ],
      "rotation": {
        "angle": -22.5,
        "axis": "z",
        "origin": [
          8,
          10.46447,
          0.25
        ]
      },
      "faces": {
        "north": {
          "uv": [
            11,
            8,
            11.625,
            8.25
          ],
          "texture": "#0"
        },
        "east": {
          "uv": [
            9.5,
            9.125,
            10.625,
            9.375
          ],
          "texture": "#0"
        },
        "south": {
          "uv": [
            11,
            8.375,
            11.625,
            8.625
          ],
          "texture": "#0"
        },
        "west": {
          "uv": [
            9.5,
            9.5,
            10.625,
            9.75
          ],
          "texture": "#0"
        },
        "up": {
          "uv": [
            7.875,
            8.125,
            7.25,
            7
          ],
          "texture": "#0"
        },
        "down": {
          "uv": [
            8,
            3,
            7.375,
            4.125
          ],
          "texture": "#0"
        }
      }
    },
    {
      "from": [
        5.51,
        4.43893,
        -4.74
      ],
      "to": [
        10.49,
        6.41893,
        4.24
      ],
      "rotation": {
        "angle": 22.5,
        "axis": "z",
        "origin": [
          8,
          10.46447,
          0.25
        ]
      },
      "faces": {
        "north": {
          "uv": [
            9.125,
            11,
            9.75,
            11.25
          ],
          "texture": "#0"
        },
        "east": {
          "uv": [
            6,
            9.75,
            7.125,
            10
          ],
          "texture": "#0"
        },
        "south": {
          "uv": [
            11.125,
            0.375,
            11.75,
            0.625
          ],
          "texture": "#0"
        },
        "west": {
          "uv": [
            9.75,
            6.75,
            10.875,
            7
          ],
          "texture": "#0"
        },
        "up": {
          "uv": [
            3.875,
            8.625,
            3.25,
            7.5
          ],
          "texture": "#0"
        },
        "down": {
          "uv": [
            8.125,
            4.25,
            7.5,
            5.375
          ],
          "texture": "#0"
        }
      }
    },
    {
      "from": [
        12.04553,
        7.97447,
        -4.74
      ],
      "to": [
        14.02553,
        12.95447,
        4.24
      ],
      "rotation": {
        "angle": -22.5,
        "axis": "z",
        "origin": [
          8,
          10.46447,
          0.25
        ]
      },
      "faces": {
        "north": {
          "uv": [
            0,
            11.125,
            0.25,
            11.75
          ],
          "texture": "#0"
        },
        "east": {
          "uv": [
            7.5,
            0,
            8.625,
            0.625
          ],
          "texture": "#0"
        },
        "south": {
          "uv": [
            11.125,
            0.75,
            11.375,
            1.375
          ],
          "texture": "#0"
        },
        "west": {
          "uv": [
            6,
            7.625,
            7.125,
            8.25
          ],
          "texture": "#0"
        },
        "up": {
          "uv": [
            8.125,
            10.625,
            7.875,
            9.5
          ],
          "texture": "#0"
        },
        "down": {
          "uv": [
            8.5,
            9.5,
            8.25,
            10.625
          ],
          "texture": "#0"
        }
      }
    },
    {
      "from": [
        12.04553,
        7.97447,
        -4.74
      ],
      "to": [
        14.02553,
        12.95447,
        3.24
      ],
      "rotation": {
        "angle": 22.5,
        "axis": "z",
        "origin": [
          8,
          10.46447,
          0.25
        ]
      },
      "faces": {
        "north": {
          "uv": [
            11.125,
            1.5,
            11.375,
            2.125
          ],
          "texture": "#0"
        },
        "east": {
          "uv": [
            4,
            8,
            5,
            8.625
          ],
          "texture": "#0"
        },
        "south": {
          "uv": [
            11.125,
            2.25,
            11.375,
            2.875
          ],
          "texture": "#0"
        },
        "west": {
          "uv": [
            8,
            7,
            9,
            7.625
          ],
          "texture": "#0"
        },
        "up": {
          "uv": [
            9.5,
            10.875,
            9.25,
            9.875
          ],
          "texture": "#0"
        },
        "down": {
          "uv": [
            9.875,
            9.875,
            9.625,
            10.875
          ],
          "texture": "#0"
        }
      }
    },
    {
      "from": [
        5.51,
        14.51,
        -4.74
      ],
      "to": [
        10.49,
        16.49,
        4.24
      ],
      "rotation": {
        "angle": -22.5,
        "axis": "z",
        "origin": [
          8,
          10.46447,
          0.25
        ]
      },
      "faces": {
        "north": {
          "uv": [
            11.125,
            3,
            11.75,
            3.25
          ],
          "texture": "#0"
        },
        "east": {
          "uv": [
            9.75,
            7.125,
            10.875,
            7.375
          ],
          "texture": "#0"
        },
        "south": {
          "uv": [
            11.125,
            3.875,
            11.75,
            4.125
          ],
          "texture": "#0"
        },
        "west": {
          "uv": [
            9.875,
            0.5,
            11,
            0.75
          ],
          "texture": "#0"
        },
        "up": {
          "uv": [
            8.375,
            2.625,
            7.75,
            1.5
          ],
          "texture": "#0"
        },
        "down": {
          "uv": [
            1.375,
            7.875,
            0.75,
            9
          ],
          "texture": "#0"
        }
      }
    },
    {
      "from": [
        5.51,
        14.51,
        -4.74
      ],
      "to": [
        10.49,
        16.49,
        4.24
      ],
      "rotation": {
        "angle": 22.5,
        "axis": "z",
        "origin": [
          8,
          10.46447,
          0.25
        ]
      },
      "faces": {
        "north": {
          "uv": [
            11.125,
            4.25,
            11.75,
            4.5
          ],
          "texture": "#0"
        },
        "east": {
          "uv": [
            9.875,
            0.875,
            11,
            1.125
          ],
          "texture": "#0"
        },
        "south": {
          "uv": [
            11.125,
            10.875,
            11.75,
            11.125
          ],
          "texture": "#0"
        },
        "west": {
          "uv": [
            9.875,
            1.25,
            11,
            1.5
          ],
          "texture": "#0"
        },
        "up": {
          "uv": [
            5.875,
            9,
            5.25,
            7.875
          ],
          "texture": "#0"
        },
        "down": {
          "uv": [
            2.125,
            8,
            1.5,
            9.125
          ],
          "texture": "#0"
        }
      }
    },
    {
      "from": [
        5.52,
        13.52,
        -3.73
      ],
      "to": [
        10.48,
        16.48,
        6.23
      ],
      "rotation": {
        "angle": -22.5,
        "axis": "z",
        "origin": [
          8,
          10.46447,
          0.25
        ]
      },
      "faces": {
        "north": {
          "uv": [
            10.375,
            2.875,
            11,
            3.25
          ],
          "texture": "#0"
        },
        "east": {
          "uv": [
            9,
            3,
            10.25,
            3.375
          ],
          "texture": "#0"
        },
        "south": {
          "uv": [
            10.375,
            4.125,
            11,
            4.5
          ],
          "texture": "#0"
        },
        "west": {
          "uv": [
            9,
            4.5,
            10.25,
            4.875
          ],
          "texture": "#0"
        },
        "up": {
          "uv": [
            3.875,
            6.625,
            3.25,
            5.375
          ],
          "texture": "#0"
        },
        "down": {
          "uv": [
            6,
            3.5,
            5.375,
            4.75
          ],
          "texture": "#0"
        }
      }
    },
    {
      "from": [
        6.5,
        3,
        1.25
      ],
      "to": [
        9.5,
        5,
        6.25
      ],
      "rotation": {
        "angle": 0,
        "axis": "y",
        "origin": [
          8,
          4,
          3.75
        ]
      },
      "faces": {
        "north": {
          "uv": [
            4.125,
            2.125,
            4.5,
            2.375
          ],
          "texture": "#0"
        },
        "east": {
          "uv": [
            11,
            6.5,
            11.625,
            6.75
          ],
          "texture": "#0"
        },
        "south": {
          "uv": [
            4.75,
            3.5,
            5.125,
            3.75
          ],
          "texture": "#0"
        },
        "west": {
          "uv": [
            11,
            6.875,
            11.625,
            7.125
          ],
          "texture": "#0"
        },
        "up": {
          "uv": [
            1.125,
            4.875,
            0.75,
            4.25
          ],
          "texture": "#0"
        },
        "down": {
          "uv": [
            10.375,
            9.875,
            10,
            10.5
          ],
          "texture": "#0"
        }
      }
    },
    {
      "from": [
        4.5,
        7.5,
        11.25
      ],
      "to": [
        5.5,
        11.5,
        15.25
      ],
      "rotation": {
        "angle": 0,
        "axis": "y",
        "origin": [
          9.5,
          9.5,
          9.25
        ]
      },
      "faces": {
        "north": {
          "uv": [
            8.5,
            11.875,
            8.625,
            12.375
          ],
          "texture": "#0"
        },
        "east": {
          "uv": [
            6.125,
            4.25,
            6.625,
            4.75
          ],
          "texture": "#0"
        },
        "south": {
          "uv": [
            8.75,
            11.875,
            8.875,
            12.375
          ],
          "texture": "#0"
        },
        "west": {
          "uv": [
            8.625,
            9.75,
            9.125,
            10.25
          ],
          "texture": "#0"
        },
        "up": {
          "uv": [
            9.125,
            12.375,
            9,
            11.875
          ],
          "texture": "#0"
        },
        "down": {
          "uv": [
            9.375,
            11.875,
            9.25,
            12.375
          ],
          "texture": "#0"
        }
      }
    },
    {
      "from": [
        10.5,
        7.5,
        11.25
      ],
      "to": [
        11.5,
        11.5,
        15.25
      ],
      "rotation": {
        "angle": 0,
        "axis": "y",
        "origin": [
          6.5,
          9.5,
          9.25
        ]
      },
      "faces": {
        "north": {
          "uv": [
            9.5,
            11.875,
            9.625,
            12.375
          ],
          "texture": "#0"
        },
        "east": {
          "uv": [
            9.875,
            3.5,
            10.375,
            4
          ],
          "texture": "#0"
        },
        "south": {
          "uv": [
            0.25,
            12,
            0.375,
            12.5
          ],
          "texture": "#0"
        },
        "west": {
          "uv": [
            9.875,
            5,
            10.375,
            5.5
          ],
          "texture": "#0"
        },
        "up": {
          "uv": [
            0.625,
            12.5,
            0.5,
            12
          ],
          "texture": "#0"
        },
        "down": {
          "uv": [
            1.875,
            12,
            1.75,
            12.5
          ],
          "texture": "#0"
        }
      }
    },
    {
      "from": [
        7,
        0.9,
        9.4
      ],
      "to": [
        9,
        6.9,
        11.4
      ],
      "rotation": {
        "angle": -22.5,
        "axis": "x",
        "origin": [
          8,
          3.9,
          10.4
        ]
      },
      "faces": {
        "north": {
          "uv": [
            2.75,
            10.875,
            3,
            11.625
          ],
          "texture": "#0"
        },
        "east": {
          "uv": [
            6.75,
            10.875,
            7,
            11.625
          ],
          "texture": "#0"
        },
        "south": {
          "uv": [
            10.375,
            10.875,
            10.625,
            11.625
          ],
          "texture": "#0"
        },
        "west": {
          "uv": [
            10.75,
            10.875,
            11,
            11.625
          ],
          "texture": "#0"
        },
        "up": {
          "uv": [
            3.5,
            10.375,
            3.25,
            10.125
          ],
          "texture": "#0"
        },
        "down": {
          "uv": [
            3.25,
            11.875,
            3,
            12.125
          ],
          "texture": "#0"
        }
      }
    },
    {
      "from": [
        6.9,
        0.8,
        9.3
      ],
      "to": [
        9.1,
        7,
        11.5
      ],
      "rotation": {
        "angle": -22.5,
        "axis": "x",
        "origin": [
          8,
          3.9,
          10.4
        ]
      },
      "faces": {
        "north": {
          "uv": [
            1,
            11,
            1.25,
            11.75
          ],
          "texture": "#0"
        },
        "east": {
          "uv": [
            1.375,
            11,
            1.625,
            11.75
          ],
          "texture": "#0"
        },
        "south": {
          "uv": [
            2.25,
            11,
            2.5,
            11.75
          ],
          "texture": "#0"
        },
        "west": {
          "uv": [
            3.125,
            11,
            3.375,
            11.75
          ],
          "texture": "#0"
        },
        "up": {
          "uv": [
            12.125,
            4.25,
            11.875,
            4
          ],
          "texture": "#0"
        },
        "down": {
          "uv": [
            12.125,
            7.25,
            11.875,
            7.5
          ],
          "texture": "#0"
        }
      }
    },
    {
      "from": [
        5.5,
        6.5,
        10.25
      ],
      "to": [
        10.5,
        12.5,
        16.25
      ],
      "rotation": {
        "angle": 0,
        "axis": "y",
        "origin": [
          8,
          10,
          13.75
        ]
      },
      "faces": {
        "north": {
          "uv": [
            0,
            8.125,
            0.625,
            8.875
          ],
          "texture": "#0"
        },
        "east": {
          "uv": [
            2.25,
            8,
            3,
            8.75
          ],
          "texture": "#0"
        },
        "south": {
          "uv": [
            8.25,
            4.5,
            8.875,
            5.25
          ],
          "texture": "#0"
        },
        "west": {
          "uv": [
            8,
            7.75,
            8.75,
            8.5
          ],
          "texture": "#0"
        },
        "up": {
          "uv": [
            7.875,
            9,
            7.25,
            8.25
          ],
          "texture": "#0"
        },
        "down": {
          "uv": [
            9,
            5.375,
            8.375,
            6.125
          ],
          "texture": "#0"
        }
      }
    },
    {
      "from": [
        6.5,
        8,
        16.25
      ],
      "to": [
        9.5,
        11,
        17.25
      ],
      "rotation": {
        "angle": 0,
        "axis": "y",
        "origin": [
          7.5,
          8,
          18.25
        ]
      },
      "faces": {
        "north": {
          "uv": [
            4,
            7.5,
            4.375,
            7.875
          ],
          "texture": "#0"
        },
        "east": {
          "uv": [
            4.125,
            12,
            4.25,
            12.375
          ],
          "texture": "#0"
        },
        "south": {
          "uv": [
            11.375,
            7.25,
            11.75,
            7.625
          ],
          "texture": "#0"
        },
        "west": {
          "uv": [
            4.375,
            12,
            4.5,
            12.375
          ],
          "texture": "#0"
        },
        "up": {
          "uv": [
            8.875,
            2.625,
            8.5,
            2.5
          ],
          "texture": "#0"
        },
        "down": {
          "uv": [
            8.875,
            6.75,
            8.5,
            6.875
          ],
          "texture": "#0"
        }
      }
    },
    {
      "from": [
        6.5,
        8,
        22.25
      ],
      "to": [
        9.5,
        11,
        23.25
      ],
      "rotation": {
        "angle": 0,
        "axis": "y",
        "origin": [
          7.5,
          8,
          24.25
        ]
      },
      "faces": {
        "north": {
          "uv": [
            8.875,
            11.375,
            9.25,
            11.75
          ],
          "texture": "#0"
        },
        "east": {
          "uv": [
            12,
            4.375,
            12.125,
            4.75
          ],
          "texture": "#0"
        },
        "south": {
          "uv": [
            9.375,
            11.375,
            9.75,
            11.75
          ],
          "texture": "#0"
        },
        "west": {
          "uv": [
            4.625,
            12,
            4.75,
            12.375
          ],
          "texture": "#0"
        },
        "up": {
          "uv": [
            9.125,
            0.625,
            8.75,
            0.5
          ],
          "texture": "#0"
        },
        "down": {
          "uv": [
            12.25,
            10.875,
            11.875,
            11
          ],
          "texture": "#0"
        }
      }
    },
    {
      "from": [
        8,
        11.5,
        9.35
      ],
      "to": [
        8,
        14.5,
        13.35
      ],
      "rotation": {
        "angle": -22.5,
        "axis": "x",
        "origin": [
          8,
          13.5,
          11.35
        ]
      },
      "faces": {
        "north": {
          "uv": [
            5.25,
            3.5,
            5.25,
            3.875
          ],
          "texture": "#0"
        },
        "east": {
          "uv": [
            11,
            3.375,
            11.5,
            3.75
          ],
          "texture": "#0"
        },
        "south": {
          "uv": [
            5.25,
            4,
            5.25,
            4.375
          ],
          "texture": "#0"
        },
        "west": {
          "uv": [
            5,
            11,
            5.5,
            11.375
          ],
          "texture": "#0"
        },
        "up": {
          "uv": [
            5.25,
            6.5,
            5.25,
            6
          ],
          "texture": "#0"
        },
        "down": {
          "uv": [
            7.125,
            6.25,
            7.125,
            6.75
          ],
          "texture": "#0"
        }
      }
    },
    {
      "from": [
        8,
        16.03806,
        -0.45866
      ],
      "to": [
        8,
        19.03806,
        5.54134
      ],
      "rotation": {
        "angle": 0,
        "axis": "y",
        "origin": [
          8,
          17.53806,
          3.54134
        ]
      },
      "faces": {
        "north": {
          "uv": [
            3.125,
            8,
            3.125,
            8.375
          ],
          "texture": "#0"
        },
        "east": {
          "uv": [
            6.5,
            3,
            7.25,
            3.375
          ],
          "texture": "#0"
        },
        "south": {
          "uv": [
            5.125,
            8,
            5.125,
            8.375
          ],
          "texture": "#0"
        },
        "west": {
          "uv": [
            9.25,
            2,
            10,
            2.375
          ],
          "texture": "#0"
        },
        "up": {
          "uv": [
            3.375,
            12.625,
            3.375,
            11.875
          ],
          "texture": "#0"
        },
        "down": {
          "uv": [
            9.75,
            11.875,
            9.75,
            12.625
          ],
          "texture": "#0"
        }
      }
    },
    {
      "from": [
        6,
        7.5,
        17.25
      ],
      "to": [
        10,
        11.5,
        22.25
      ],
      "rotation": {
        "angle": 0,
        "axis": "y",
        "origin": [
          8,
          7.5,
          19.25
        ]
      },
      "faces": {
        "north": {
          "uv": [
            4.875,
            0.75,
            5.375,
            1.25
          ],
          "texture": "#0"
        },
        "east": {
          "uv": [
            9.125,
            3.5,
            9.75,
            4
          ],
          "texture": "#0"
        },
        "south": {
          "uv": [
            4,
            5.375,
            4.5,
            5.875
          ],
          "texture": "#0"
        },
        "west": {
          "uv": [
            9.125,
            5,
            9.75,
            5.5
          ],
          "texture": "#0"
        },
        "up": {
          "uv": [
            9.625,
            7.375,
            9.125,
            6.75
          ],
          "texture": "#0"
        },
        "down": {
          "uv": [
            7.75,
            9.125,
            7.25,
            9.75
          ],
          "texture": "#0"
        }
      }
    },
    {
      "from": [
        5.3,
        6.3,
        10.05
      ],
      "to": [
        10.7,
        12.7,
        16.45
      ],
      "rotation": {
        "angle": 0,
        "axis": "y",
        "origin": [
          8,
          10,
          13.75
        ]
      },
      "faces": {
        "north": {
          "uv": [
            6,
            8.375,
            6.625,
            9.125
          ],
          "texture": "#0"
        },
        "east": {
          "uv": [
            8.125,
            2.75,
            8.875,
            3.5
          ],
          "texture": "#0"
        },
        "south": {
          "uv": [
            8.5,
            0.75,
            9.125,
            1.5
          ],
          "texture": "#0"
        },
        "west": {
          "uv": [
            8.25,
            3.625,
            9,
            4.375
          ],
          "texture": "#0"
        },
        "up": {
          "uv": [
            9.125,
            2.375,
            8.5,
            1.625
          ],
          "texture": "#0"
        },
        "down": {
          "uv": [
            8.625,
            8.625,
            8,
            9.375
          ],
          "texture": "#0"
        }
      }
    },
    {
      "name": "cube_outline",
      "from": [
        10.2,
        11.7,
        22.45
      ],
      "to": [
        5.8,
        7.3,
        17.05
      ],
      "rotation": {
        "angle": 0,
        "axis": "y",
        "origin": [
          8,
          7.5,
          19.25
        ]
      },
      "faces": {
        "north": {
          "uv": [
            9.875,
            5.625,
            10.375,
            6.125
          ],
          "texture": "#0"
        },
        "east": {
          "uv": [
            9.125,
            5.625,
            9.75,
            6.125
          ],
          "texture": "#0"
        },
        "south": {
          "uv": [
            7.25,
            9.875,
            7.75,
            10.375
          ],
          "texture": "#0"
        },
        "west": {
          "uv": [
            8.75,
            9.125,
            9.375,
            9.625
          ],
          "texture": "#0"
        },
        "up": {
          "uv": [
            9.75,
            1.125,
            9.25,
            0.5
          ],
          "texture": "#0"
        },
        "down": {
          "uv": [
            9.75,
            1.25,
            9.25,
            1.875
          ],
          "texture": "#0"
        }
      }
    },
    {
      "name": "cube_outline",
      "from": [
        9.7,
        12.1,
        -3.55
      ],
      "to": [
        6.3,
        8.7,
        -6.95
      ],
      "rotation": {
        "angle": 0,
        "axis": "y",
        "origin": [
          13.8,
          16.2,
          0.55
        ]
      },
      "faces": {
        "north": {
          "uv": [
            10.25,
            8,
            10.375,
            8.125
          ],
          "texture": "#0"
        },
        "east": {
          "uv": [
            10.625,
            6.5,
            10.75,
            6.625
          ],
          "texture": "#0"
        },
        "south": {
          "uv": [
            8.875,
            11.125,
            9,
            11.25
          ],
          "texture": "#0"
        },
        "west": {
          "uv": [
            12,
            4.875,
            12.125,
            5
          ],
          "texture": "#0"
        },
        "up": {
          "uv": [
            12.125,
            5.25,
            12,
            5.125
          ],
          "texture": "#0"
        },
        "down": {
          "uv": [
            12.125,
            5.375,
            12,
            5.5
          ],
          "texture": "#0"
        }
      }
    }
  ],
  "gui_light": "front",
  "display": {
    "thirdperson_righthand": {
      "rotation": [
        0,
        0,
        -4
      ],
      "translation": [
        0,
        1.25,
        0
      ],
      "scale": [
        0.8,
        0.8,
        0.8
      ]
    },
    "thirdperson_lefthand": {
      "rotation": [
        0,
        0,
        -4
      ],
      "translation": [
        0,
        1.25,
        0
      ],
      "scale": [
        0.8,
        0.8,
        0.8
      ]
    },
    "firstperson_righthand": {
      "rotation": [
        29,
        9,
        1
      ],
      "translation": [
        7.75,
        1,
        -8.5
      ],
      "scale": [
        0.8,
        0.8,
        0.8
      ]
    },
    "firstperson_lefthand": {
      "rotation": [
        29,
        9,
        1
      ],
      "translation": [
        7.75,
        1,
        -8.5
      ],
      "scale": [
        0.8,
        0.8,
        0.8
      ]
    },
    "ground": {
      "rotation": [
        16,
        5,
        29
      ],
      "translation": [
        0,
        1.5,
        0
      ],
      "scale": [
        0.5,
        0.5,
        0.5
      ]
    },
    "gui": {
      "rotation": [
        -90,
        135,
        90
      ],
      "translation": [
        0,
        -1.25,
        0
      ],
      "scale": [
        0.6,
        0.6,
        0.6
      ]
    },
    "fixed": {
      "rotation": [
        90,
        -45,
        90
      ],
      "translation": [
        1.25,
        -1.25,
        0
      ]
    }
  }
}