{
  "texture_size": [
    32,
    32
  ],
  "elements": [
    {
      "from": [
        3.5,
        3.5,
        6.5
      ],
      "to": [
        12.5,
        5.5,
        12.5
      ],
      "rotation": {
        "angle": 0,
        "axis": "y",
        "origin": [
          7,
          3,
          5.5
        ]
      },
      "faces": {
        "north": {
          "uv": [
            9,
            5,
            13.5,
            6
          ],
          "texture": "#0"
        },
        "east": {
          "uv": [
            13,
            7,
            10,
            8
          ],
          "texture": "#0"
        },
        "south": {
          "uv": [
            9,
            6,
            13.5,
            7
          ],
          "texture": "#0"
        },
        "west": {
          "uv": [
            10,
            7,
            13,
            8
          ],
          "texture": "#0"
        },
        "up": {
          "uv": [
            4.5,
            3,
            0,
            0
          ],
          "texture": "#0"
        },
        "down": {
          "uv": [
            4.5,
            3,
            0,
            6
          ],
          "texture": "#0"
        }
      }
    },
    {
      "from": [
        3,
        3,
        3.5
      ],
      "to": [
        5,
        6,
        7.5
      ],
      "rotation": {
        "angle": 0,
        "axis": "y",
        "origin": [
          7.5,
          3,
          4.5
        ]
      },
      "faces": {
        "north": {
          "uv": [
            5.5,
            10.5,
            6.5,
            12
          ],
          "texture": "#0"
        },
        "east": {
          "uv": [
            10,
            8,
            12,
            9.5
          ],
          "texture": "#0"
        },
        "south": {
          "uv": [
            6.5,
            10.5,
            7.5,
            12
          ],
          "texture": "#0"
        },
        "west": {
          "uv": [
            10,
            9.5,
            12,
            11
          ],
          "texture": "#0"
        },
        "up": {
          "uv": [
            3,
            12.5,
            2,
            10.5
          ],
          "texture": "#0"
        },
        "down": {
          "uv": [
            4,
            10.5,
            3,
            12.5
          ],
          "texture": "#0"
        }
      }
    },
    {
      "from": [
        11,
        3,
        3.5
      ],
      "to": [
        13,
        6,
        7.5
      ],
      "rotation": {
        "angle": 0,
        "axis": "y",
        "origin": [
          8.5,
          3,
          4.5
        ]
      },
      "faces": {
        "north": {
          "uv": [
            6.5,
            10.5,
            5.5,
            12
          ],
          "texture": "#0"
        },
        "east": {
          "uv": [
            12,
            9.5,
            10,
            11
          ],
          "texture": "#0"
        },
        "south": {
          "uv": [
            7.5,
            10.5,
            6.5,
            12
          ],
          "texture": "#0"
        },
        "west": {
          "uv": [
            12,
            8,
            10,
            9.5
          ],
          "texture": "#0"
        },
        "up": {
          "uv": [
            2,
            12.5,
            3,
            10.5
          ],
          "texture": "#0"
        },
        "down": {
          "uv": [
            3,
            10.5,
            4,
            12.5
          ],
          "texture": "#0"
        }
      }
    },
    {
      "from": [
        7,
        5.5,
        3.5
      ],
      "to": [
        9,
        9.5,
        12.5
      ],
      "rotation": {
        "angle": 0,
        "axis": "y",
        "origin": [
          7,
          5,
          5.5
        ]
      },
      "faces": {
        "north": {
          "uv": [
            0,
            10.5,
            1,
            12.5
          ],
          "texture": "#0"
        },
        "east": {
          "uv": [
            4.5,
            8.5,
            0,
            10.5
          ],
          "texture": "#0"
        },
        "south": {
          "uv": [
            1,
            10.5,
            2,
            12.5
          ],
          "texture": "#0"
        },
        "west": {
          "uv": [
            0,
            8.5,
            4.5,
            10.5
          ],
          "texture": "#0"
        },
        "up": {
          "uv": [
            10,
            11.5,
            9,
            7
          ],
          "texture": "#0"
        },
        "down": {
          "uv": [
            5.5,
            9.5,
            4.5,
            14
          ],
          "texture": "#0"
        }
      }
    },
    {
      "from": [
        3.5,
        2,
        0.5
      ],
      "to": [
        12.5,
        7,
        5.5
      ],
      "rotation": {
        "angle": 0,
        "axis": "y",
        "origin": [
          7,
          2.5,
          2.5
        ]
      },
      "faces": {
        "north": {
          "uv": [
            4.5,
            0,
            9,
            2.5
          ],
          "texture": "#0"
        },
        "east": {
          "uv": [
            11.5,
            2.5,
            9,
            5
          ],
          "texture": "#0"
        },
        "south": {
          "uv": [
            4.5,
            2.5,
            9,
            5
          ],
          "texture": "#0"
        },
        "west": {
          "uv": [
            9,
            2.5,
            11.5,
            5
          ],
          "texture": "#0"
        },
        "up": {
          "uv": [
            9,
            7.5,
            4.5,
            5
          ],
          "texture": "#0"
        },
        "down": {
          "uv": [
            4.5,
            6,
            0,
            8.5
          ],
          "texture": "#0"
        }
      }
    }
  ],
  "gui_light": "front",
  "display": {
    "thirdperson_righthand": {
      "rotation": [
        68,
        0,
        0
      ],
      "translation": [
        0,
        -2,
        0.5
      ],
      "scale": [
        0.8,
        0.8,
        0.8
      ]
    },
    "thirdperson_lefthand": {
      "rotation": [
        68,
        0,
        0
      ],
      "translation": [
        0,
        -2,
        0.5
      ],
      "scale": [
        0.8,
        0.8,
        0.8
      ]
    },
    "firstperson_righthand": {
      "translation": [
        2,
        4,
        0
      ],
      "scale": [
        0.9,
        0.9,
        0.9
      ]
    },
    "firstperson_lefthand": {
      "translation": [
        2,
        4,
        0
      ],
      "scale": [
        0.9,
        0.9,
        0.9
      ]
    },
    "ground": {
      "translation": [
        0,
        4,
        1.5
      ],
      "scale": [
        0.8,
        0.8,
        0.8
      ]
    },
    "gui": {
      "rotation": [
        22.5,
        135,
        0
      ],
      "translation": [
        1,
        2.75,
        0
      ]
    },
    "head": {
      "translation": [
        0,
        5,
        0
      ],
      "scale": [
        1.61,
        1.61,
        1.61
      ]
    },
    "fixed": {
      "rotation": [
        -90,
        0,
        0
      ],
      "translation": [
        0,
        3,
        -14.25
      ],
      "scale": [
        2.4,
        2.4,
        2.4
      ]
    }
  }
}