{
  "texture_size": [
    32,
    32
  ],
  "elements": [
    {
      "from": [
        5,
        9,
        2.25
      ],
      "to": [
        11,
        14,
        7.25
      ],
      "rotation": {
        "angle": -22.5,
        "axis": "x",
        "origin": [
          8,
          12.2277,
          5.613
        ]
      },
      "faces": {
        "north": {
          "uv": [
            3.5,
            0,
            6.5,
            2.5
          ],
          "texture": "#0"
        },
        "east": {
          "uv": [
            8.5,
            8.5,
            6,
            11
          ],
          "texture": "#0"
        },
        "south": {
          "uv": [
            3.5,
            2.5,
            6.5,
            5
          ],
          "texture": "#0"
        },
        "west": {
          "uv": [
            6,
            8.5,
            8.5,
            11
          ],
          "texture": "#0"
        },
        "up": {
          "uv": [
            6.5,
            7.5,
            3.5,
            5
          ],
          "texture": "#0"
        },
        "down": {
          "uv": [
            9.5,
            0,
            6.5,
            2.5
          ],
          "texture": "#0"
        }
      }
    },
    {
      "from": [
        4.5,
        8,
        6
      ],
      "to": [
        11.5,
        12,
        13
      ],
      "rotation": {
        "angle": 22.5,
        "axis": "x",
        "origin": [
          8,
          10,
          8.5
        ]
      },
      "faces": {
        "north": {
          "uv": [
            6.5,
            2.5,
            10,
            4.5
          ],
          "texture": "#0"
        },
        "east": {
          "uv": [
            3.5,
            7,
            0,
            9
          ],
          "texture": "#0"
        },
        "south": {
          "uv": [
            6.5,
            6.5,
            10,
            8.5
          ],
          "texture": "#0"
        },
        "west": {
          "uv": [
            0,
            7,
            3.5,
            9
          ],
          "texture": "#0"
        },
        "up": {
          "uv": [
            3.5,
            3.5,
            0,
            0
          ],
          "texture": "#0"
        },
        "down": {
          "uv": [
            3.5,
            3.5,
            0,
            7
          ],
          "texture": "#0"
        }
      }
    },
    {
      "from": [
        6.5,
        8.31912,
        12.21402
      ],
      "to": [
        9.5,
        11.31912,
        15.21402
      ],
      "rotation": {
        "angle": 0,
        "axis": "y",
        "origin": [
          8,
          9.31912,
          14.21402
        ]
      },
      "faces": {
        "north": {
          "uv": [
            1,
            9,
            2.5,
            10.5
          ],
          "texture": "#0"
        },
        "east": {
          "uv": [
            9.5,
            0,
            11,
            1.5
          ],
          "texture": "#0"
        },
        "south": {
          "uv": [
            9.5,
            8.5,
            11,
            10
          ],
          "texture": "#0"
        },
        "west": {
          "uv": [
            10,
            1.5,
            11.5,
            3
          ],
          "texture": "#0"
        },
        "up": {
          "uv": [
            4,
            11.5,
            2.5,
            10
          ],
          "texture": "#0"
        },
        "down": {
          "uv": [
            11.5,
            3,
            10,
            4.5
          ],
          "texture": "#0"
        }
      }
    },
    {
      "from": [
        6,
        7.81912,
        11.71402
      ],
      "to": [
        10,
        11.81912,
        15.71402
      ],
      "rotation": {
        "angle": 0,
        "axis": "y",
        "origin": [
          8,
          9.31912,
          14.21402
        ]
      },
      "faces": {
        "north": {
          "uv": [
            14,
            13,
            15.5,
            14.5
          ],
          "texture": "#0"
        },
        "east": {
          "uv": [
            14,
            13,
            15.5,
            14.5
          ],
          "texture": "#0"
        },
        "south": {
          "uv": [
            14,
            13,
            15.5,
            14.5
          ],
          "texture": "#0"
        },
        "west": {
          "uv": [
            14,
            13,
            15.5,
            14.5
          ],
          "texture": "#0"
        },
        "up": {
          "uv": [
            15.5,
            14.5,
            14,
            13
          ],
          "texture": "#0"
        },
        "down": {
          "uv": [
            15.5,
            13,
            14,
            14.5
          ],
          "texture": "#0"
        }
      }
    },
    {
      "from": [
        2.5,
        6,
        6
      ],
      "to": [
        4.5,
        10,
        8
      ],
      "rotation": {
        "angle": 45,
        "axis": "x",
        "origin": [
          7,
          10,
          8.5
        ]
      },
      "faces": {
        "north": {
          "uv": [
            6.5,
            11,
            7.5,
            13
          ],
          "texture": "#0"
        },
        "east": {
          "uv": [
            7.5,
            11,
            8.5,
            13
          ],
          "texture": "#0"
        },
        "south": {
          "uv": [
            11,
            8,
            12,
            10
          ],
          "texture": "#0"
        },
        "west": {
          "uv": [
            8.5,
            11,
            9.5,
            13
          ],
          "texture": "#0"
        },
        "up": {
          "uv": [
            12.5,
            11,
            11.5,
            10
          ],
          "texture": "#0"
        },
        "down": {
          "uv": [
            12.5,
            11,
            11.5,
            12
          ],
          "texture": "#0"
        }
      }
    },
    {
      "from": [
        2.5,
        5,
        11
      ],
      "to": [
        4.5,
        7,
        13
      ],
      "rotation": {
        "angle": -22.5,
        "axis": "x",
        "origin": [
          7,
          9,
          13.5
        ]
      },
      "faces": {
        "north": {
          "uv": [
            2,
            12,
            3,
            13
          ],
          "texture": "#0"
        },
        "east": {
          "uv": [
            3,
            12,
            4,
            13
          ],
          "texture": "#0"
        },
        "south": {
          "uv": [
            12,
            4,
            13,
            5
          ],
          "texture": "#0"
        },
        "west": {
          "uv": [
            12,
            5,
            13,
            6
          ],
          "texture": "#0"
        },
        "up": {
          "uv": [
            13,
            7,
            12,
            6
          ],
          "texture": "#0"
        },
        "down": {
          "uv": [
            13,
            7,
            12,
            8
          ],
          "texture": "#0"
        }
      }
    },
    {
      "from": [
        2.5,
        5,
        9
      ],
      "to": [
        4.5,
        6,
        11
      ],
      "rotation": {
        "angle": -22.5,
        "axis": "x",
        "origin": [
          7,
          9,
          13.5
        ]
      },
      "faces": {
        "north": {
          "uv": [
            12.5,
            1.5,
            13.5,
            2
          ],
          "texture": "#0"
        },
        "east": {
          "uv": [
            12.5,
            2,
            13.5,
            2.5
          ],
          "texture": "#0"
        },
        "south": {
          "uv": [
            12.5,
            3,
            13.5,
            3.5
          ],
          "texture": "#0"
        },
        "west": {
          "uv": [
            12.5,
            3.5,
            13.5,
            4
          ],
          "texture": "#0"
        },
        "up": {
          "uv": [
            13,
            9,
            12,
            8
          ],
          "texture": "#0"
        },
        "down": {
          "uv": [
            13,
            9,
            12,
            10
          ],
          "texture": "#0"
        }
      }
    },
    {
      "from": [
        2.5,
        7,
        10
      ],
      "to": [
        4.5,
        10,
        13
      ],
      "rotation": {
        "angle": -22.5,
        "axis": "x",
        "origin": [
          7,
          9,
          13.5
        ]
      },
      "faces": {
        "north": {
          "uv": [
            9.5,
            11,
            10.5,
            12.5
          ],
          "texture": "#0"
        },
        "east": {
          "uv": [
            4,
            10,
            5.5,
            11.5
          ],
          "texture": "#0"
        },
        "south": {
          "uv": [
            10.5,
            11,
            11.5,
            12.5
          ],
          "texture": "#0"
        },
        "west": {
          "uv": [
            10,
            4.5,
            11.5,
            6
          ],
          "texture": "#0"
        },
        "up": {
          "uv": [
            1,
            13,
            0,
            11.5
          ],
          "texture": "#0"
        },
        "down": {
          "uv": [
            12.5,
            1,
            11.5,
            2.5
          ],
          "texture": "#0"
        }
      }
    },
    {
      "from": [
        11.5,
        6,
        6
      ],
      "to": [
        13.5,
        10,
        8
      ],
      "rotation": {
        "angle": 45,
        "axis": "x",
        "origin": [
          9,
          10,
          8.5
        ]
      },
      "faces": {
        "north": {
          "uv": [
            7.5,
            11,
            6.5,
            13
          ],
          "texture": "#0"
        },
        "east": {
          "uv": [
            9.5,
            11,
            8.5,
            13
          ],
          "texture": "#0"
        },
        "south": {
          "uv": [
            12,
            8,
            11,
            10
          ],
          "texture": "#0"
        },
        "west": {
          "uv": [
            8.5,
            11,
            7.5,
            13
          ],
          "texture": "#0"
        },
        "up": {
          "uv": [
            11.5,
            11,
            12.5,
            10
          ],
          "texture": "#0"
        },
        "down": {
          "uv": [
            11.5,
            11,
            12.5,
            12
          ],
          "texture": "#0"
        }
      }
    },
    {
      "from": [
        11.5,
        5,
        9
      ],
      "to": [
        13.5,
        6,
        11
      ],
      "rotation": {
        "angle": -22.5,
        "axis": "x",
        "origin": [
          9,
          9,
          13.5
        ]
      },
      "faces": {
        "north": {
          "uv": [
            13.5,
            1.5,
            12.5,
            2
          ],
          "texture": "#0"
        },
        "east": {
          "uv": [
            13.5,
            3.5,
            12.5,
            4
          ],
          "texture": "#0"
        },
        "south": {
          "uv": [
            13.5,
            3,
            12.5,
            3.5
          ],
          "texture": "#0"
        },
        "west": {
          "uv": [
            13.5,
            2,
            12.5,
            2.5
          ],
          "texture": "#0"
        },
        "up": {
          "uv": [
            12,
            9,
            13,
            8
          ],
          "texture": "#0"
        },
        "down": {
          "uv": [
            12,
            9,
            13,
            10
          ],
          "texture": "#0"
        }
      }
    },
    {
      "from": [
        11.5,
        5,
        11
      ],
      "to": [
        13.5,
        7,
        13
      ],
      "rotation": {
        "angle": -22.5,
        "axis": "x",
        "origin": [
          9,
          9,
          13.5
        ]
      },
      "faces": {
        "north": {
          "uv": [
            3,
            12,
            2,
            13
          ],
          "texture": "#0"
        },
        "east": {
          "uv": [
            13,
            5,
            12,
            6
          ],
          "texture": "#0"
        },
        "south": {
          "uv": [
            13,
            4,
            12,
            5
          ],
          "texture": "#0"
        },
        "west": {
          "uv": [
            4,
            12,
            3,
            13
          ],
          "texture": "#0"
        },
        "up": {
          "uv": [
            12,
            7,
            13,
            6
          ],
          "texture": "#0"
        },
        "down": {
          "uv": [
            12,
            7,
            13,
            8
          ],
          "texture": "#0"
        }
      }
    },
    {
      "from": [
        11.5,
        7,
        10
      ],
      "to": [
        13.5,
        10,
        13
      ],
      "rotation": {
        "angle": -22.5,
        "axis": "x",
        "origin": [
          9,
          9,
          13.5
        ]
      },
      "faces": {
        "north": {
          "uv": [
            10.5,
            11,
            9.5,
            12.5
          ],
          "texture": "#0"
        },
        "east": {
          "uv": [
            11.5,
            4.5,
            10,
            6
          ],
          "texture": "#0"
        },
        "south": {
          "uv": [
            11.5,
            11,
            10.5,
            12.5
          ],
          "texture": "#0"
        },
        "west": {
          "uv": [
            5.5,
            10,
            4,
            11.5
          ],
          "texture": "#0"
        },
        "up": {
          "uv": [
            0,
            13,
            1,
            11.5
          ],
          "texture": "#0"
        },
        "down": {
          "uv": [
            11.5,
            1,
            12.5,
            2.5
          ],
          "texture": "#0"
        }
      }
    },
    {
      "from": [
        6,
        9,
        0.25
      ],
      "to": [
        10,
        11,
        2.25
      ],
      "rotation": {
        "angle": -22.5,
        "axis": "x",
        "origin": [
          8,
          12.2277,
          5.613
        ]
      },
      "faces": {
        "north": {
          "uv": [
            10,
            6,
            12,
            7
          ],
          "texture": "#0"
        },
        "east": {
          "uv": [
            2.5,
            9,
            3.5,
            10
          ],
          "texture": "#0"
        },
        "south": {
          "uv": [
            10,
            7,
            12,
            8
          ],
          "texture": "#0"
        },
        "west": {
          "uv": [
            11.5,
            3,
            12.5,
            4
          ],
          "texture": "#0"
        },
        "up": {
          "uv": [
            11.5,
            11,
            9.5,
            10
          ],
          "texture": "#0"
        },
        "down": {
          "uv": [
            13,
            0,
            11,
            1
          ],
          "texture": "#0"
        }
      }
    },
    {
      "from": [
        4.5,
        13.09288,
        3.00177
      ],
      "to": [
        6.5,
        18.09288,
        4.00177
      ],
      "rotation": {
        "angle": 22.5,
        "axis": "z",
        "origin": [
          8,
          14.59288,
          5.50177
        ]
      },
      "faces": {
        "north": {
          "uv": [
            9.5,
            11,
            8.5,
            8.5
          ],
          "rotation": 180,
          "texture": "#0"
        },
        "east": {
          "uv": [
            2,
            11.5,
            4.5,
            12
          ],
          "rotation": 90,
          "texture": "#0"
        },
        "south": {
          "uv": [
            1,
            9,
            0,
            11.5
          ],
          "texture": "#0"
        },
        "west": {
          "uv": [
            11.5,
            2.5,
            14,
            3
          ],
          "rotation": 270,
          "texture": "#0"
        },
        "up": {
          "uv": [
            11.5,
            12,
            12.5,
            12.5
          ],
          "texture": "#0"
        },
        "down": {
          "uv": [
            10,
            8,
            11,
            8.5
          ],
          "rotation": 180,
          "texture": "#0"
        }
      }
    },
    {
      "from": [
        9.5,
        13.09288,
        3.00177
      ],
      "to": [
        11.5,
        18.09288,
        4.00177
      ],
      "rotation": {
        "angle": -22.5,
        "axis": "z",
        "origin": [
          8,
          14.59288,
          5.50177
        ]
      },
      "faces": {
        "north": {
          "uv": [
            8.5,
            11,
            9.5,
            8.5
          ],
          "rotation": 180,
          "texture": "#0"
        },
        "east": {
          "uv": [
            11.5,
            3,
            14,
            2.5
          ],
          "rotation": 270,
          "texture": "#0"
        },
        "south": {
          "uv": [
            0,
            9,
            1,
            11.5
          ],
          "texture": "#0"
        },
        "west": {
          "uv": [
            2,
            12,
            4.5,
            11.5
          ],
          "rotation": 90,
          "texture": "#0"
        },
        "up": {
          "uv": [
            12.5,
            12,
            11.5,
            12.5
          ],
          "texture": "#0"
        },
        "down": {
          "uv": [
            11,
            8,
            10,
            8.5
          ],
          "rotation": 180,
          "texture": "#0"
        }
      }
    },
    {
      "name": "cube inverted",
      "from": [
        10,
        11.81912,
        15.71402
      ],
      "to": [
        6,
        7.81912,
        11.71402
      ],
      "rotation": {
        "angle": 0,
        "axis": "y",
        "origin": [
          8,
          9.31912,
          14.21402
        ]
      },
      "faces": {
        "north": {
          "uv": [
            14,
            14.5,
            15.5,
            13
          ],
          "texture": "#0"
        },
        "east": {
          "uv": [
            14,
            14.5,
            15.5,
            13
          ],
          "texture": "#0"
        },
        "south": {
          "uv": [
            14,
            14.5,
            15.5,
            13
          ],
          "texture": "#0"
        },
        "west": {
          "uv": [
            14,
            14.5,
            15.5,
            13
          ],
          "texture": "#0"
        },
        "up": {
          "uv": [
            14,
            13,
            15.5,
            14.5
          ],
          "texture": "#0"
        },
        "down": {
          "uv": [
            14,
            14.5,
            15.5,
            13
          ],
          "texture": "#0"
        }
      }
    }
  ],
  "gui_light": "front",
  "display": {
    "thirdperson_righthand": {
      "rotation": [
        68,
        10,
        0
      ],
      "translation": [
        0,
        -2,
        -2.75
      ],
      "scale": [
        0.7,
        0.7,
        0.7
      ]
    },
    "thirdperson_lefthand": {
      "rotation": [
        68,
        10,
        0
      ],
      "translation": [
        0,
        -2,
        -2.75
      ],
      "scale": [
        0.7,
        0.7,
        0.7
      ]
    },
    "firstperson_righthand": {
      "rotation": [
        20,
        10,
        0
      ],
      "translation": [
        2.5,
        0.5,
        0
      ],
      "scale": [
        0.7,
        0.7,
        0.7
      ]
    },
    "firstperson_lefthand": {
      "rotation": [
        20,
        10,
        0
      ],
      "translation": [
        2.5,
        0.5,
        0
      ],
      "scale": [
        0.7,
        0.7,
        0.7
      ]
    },
    "ground": {
      "translation": [
        0,
        1,
        0
      ],
      "scale": [
        0.6,
        0.6,
        0.6
      ]
    },
    "gui": {
      "rotation": [
        -10,
        145,
        15
      ],
      "translation": [
        -0.5,
        -2.25,
        0
      ],
      "scale": [
        0.9,
        0.9,
        0.9
      ]
    },
    "head": {
      "rotation": [
        5,
        0,
        0
      ],
      "translation": [
        0,
        5.5,
        1.25
      ],
      "scale": [
        1.61,
        1.61,
        1.61
      ]
    },
    "fixed": {
      "rotation": [
        -67,
        0,
        0
      ],
      "translation": [
        0,
        -2,
        -9.25
      ],
      "scale": [
        1.8,
        1.8,
        1.8
      ]
    }
  }
}