{
  "texture_size": [
    64,
    64
  ],
  "elements": [
    {
      "from": [
        3.5,
        0,
        3
      ],
      "to": [
        12.5,
        9,
        13
      ],
      "rotation": {
        "angle": 22.5,
        "axis": "x",
        "origin": [
          8,
          2.92551,
          7.38901
        ]
      },
      "faces": {
        "north": {
          "uv": [
            0,
            4.5,
            2.25,
            6.75
          ],
          "texture": "#0"
        },
        "east": {
          "uv": [
            2.5,
            2.25,
            0,
            4.5
          ],
          "texture": "#0"
        },
        "south": {
          "uv": [
            4.75,
            0,
            7,
            2.25
          ],
          "texture": "#0"
        },
        "west": {
          "uv": [
            0,
            2.25,
            2.5,
            4.5
          ],
          "texture": "#0"
        },
        "up": {
          "uv": [
            4.75,
            2.5,
            2.5,
            0
          ],
          "texture": "#0"
        },
        "down": {
          "uv": [
            4.75,
            2.5,
            2.5,
            5
          ],
          "texture": "#0"
        }
      }
    },
    {
      "from": [
        4.5,
        3.14372,
        -0.1877
      ],
      "to": [
        11.5,
        6.14372,
        3.8123
      ],
      "rotation": {
        "angle": -22.5,
        "axis": "x",
        "origin": [
          8,
          4.92551,
          7.88901
        ]
      },
      "faces": {
        "north": {
          "uv": [
            2.25,
            6,
            4,
            6.75
          ],
          "texture": "#0"
        },
        "east": {
          "uv": [
            4,
            6.5,
            5,
            7.25
          ],
          "texture": "#0"
        },
        "south": {
          "uv": [
            6.5,
            2.25,
            8.25,
            3
          ],
          "texture": "#0"
        },
        "west": {
          "uv": [
            6.5,
            4.5,
            7.5,
            5.25
          ],
          "texture": "#0"
        },
        "up": {
          "uv": [
            6.5,
            3.25,
            4.75,
            2.25
          ],
          "texture": "#0"
        },
        "down": {
          "uv": [
            6.5,
            3.25,
            4.75,
            4.25
          ],
          "texture": "#0"
        }
      }
    },
    {
      "from": [
        5,
        2.62647,
        0.25588
      ],
      "to": [
        7,
        7.62647,
        2.25588
      ],
      "rotation": {
        "angle": 22.5,
        "axis": "z",
        "origin": [
          6,
          3.12647,
          1.25588
        ]
      },
      "faces": {
        "north": {
          "uv": [
            6,
            6.5,
            6.5,
            7.75
          ],
          "texture": "#0"
        },
        "east": {
          "uv": [
            6.5,
            6,
            7,
            7.25
          ],
          "texture": "#0"
        },
        "south": {
          "uv": [
            0,
            6.75,
            0.5,
            8
          ],
          "texture": "#0"
        },
        "west": {
          "uv": [
            0.5,
            6.75,
            1,
            8
          ],
          "texture": "#0"
        },
        "up": {
          "uv": [
            3.25,
            7.75,
            2.75,
            7.25
          ],
          "texture": "#0"
        },
        "down": {
          "uv": [
            4.5,
            7.25,
            4,
            7.75
          ],
          "texture": "#0"
        }
      }
    },
    {
      "from": [
        10.0461,
        6.16975,
        -0.24412
      ],
      "to": [
        13.0461,
        9.16975,
        2.75588
      ],
      "rotation": {
        "angle": 0,
        "axis": "y",
        "origin": [
          11.5461,
          7.66975,
          1.25588
        ]
      },
      "faces": {
        "north": {
          "uv": [
            3.25,
            6.75,
            4,
            7.5
          ],
          "texture": "#0"
        },
        "east": {
          "uv": [
            7.75,
            6,
            7,
            6.75
          ],
          "texture": "#0"
        },
        "south": {
          "uv": [
            7.75,
            1.25,
            7,
            2
          ],
          "texture": "#0"
        },
        "west": {
          "uv": [
            7.75,
            0.5,
            7,
            1.25
          ],
          "texture": "#0"
        },
        "up": {
          "uv": [
            7,
            7.5,
            7.75,
            6.75
          ],
          "texture": "#0"
        },
        "down": {
          "uv": [
            2,
            7.25,
            2.75,
            8
          ],
          "texture": "#0"
        }
      }
    },
    {
      "from": [
        9,
        2.62647,
        0.25588
      ],
      "to": [
        11,
        7.62647,
        2.25588
      ],
      "rotation": {
        "angle": -22.5,
        "axis": "z",
        "origin": [
          10,
          3.12647,
          1.25588
        ]
      },
      "faces": {
        "north": {
          "uv": [
            6.5,
            6.5,
            6,
            7.75
          ],
          "texture": "#0"
        },
        "east": {
          "uv": [
            1,
            6.75,
            0.5,
            8
          ],
          "texture": "#0"
        },
        "south": {
          "uv": [
            0.5,
            6.75,
            0,
            8
          ],
          "texture": "#0"
        },
        "west": {
          "uv": [
            7,
            6,
            6.5,
            7.25
          ],
          "texture": "#0"
        },
        "up": {
          "uv": [
            2.75,
            7.75,
            3.25,
            7.25
          ],
          "texture": "#0"
        },
        "down": {
          "uv": [
            4,
            7.25,
            4.5,
            7.75
          ],
          "texture": "#0"
        }
      }
    },
    {
      "from": [
        2.9539,
        6.16975,
        -0.24412
      ],
      "to": [
        5.9539,
        9.16975,
        2.75588
      ],
      "rotation": {
        "angle": 0,
        "axis": "y",
        "origin": [
          4.4539,
          7.66975,
          1.25588
        ]
      },
      "faces": {
        "north": {
          "uv": [
            4,
            6.75,
            3.25,
            7.5
          ],
          "texture": "#0"
        },
        "east": {
          "uv": [
            7,
            0.5,
            7.75,
            1.25
          ],
          "texture": "#0"
        },
        "south": {
          "uv": [
            7,
            1.25,
            7.75,
            2
          ],
          "texture": "#0"
        },
        "west": {
          "uv": [
            7,
            6,
            7.75,
            6.75
          ],
          "texture": "#0"
        },
        "up": {
          "uv": [
            7.75,
            7.5,
            7,
            6.75
          ],
          "texture": "#0"
        },
        "down": {
          "uv": [
            2.75,
            7.25,
            2,
            8
          ],
          "texture": "#0"
        }
      }
    },
    {
      "from": [
        4.5,
        2.43558,
        12.0772
      ],
      "to": [
        11.5,
        5.43558,
        16.0772
      ],
      "rotation": {
        "angle": 45,
        "axis": "x",
        "origin": [
          8,
          2.92551,
          7.38901
        ]
      },
      "faces": {
        "north": {
          "uv": [
            6.5,
            3,
            8.25,
            3.75
          ],
          "texture": "#0"
        },
        "east": {
          "uv": [
            5,
            6.5,
            6,
            7.25
          ],
          "texture": "#0"
        },
        "south": {
          "uv": [
            6.5,
            3.75,
            8.25,
            4.5
          ],
          "texture": "#0"
        },
        "west": {
          "uv": [
            6.5,
            5.25,
            7.5,
            6
          ],
          "texture": "#0"
        },
        "up": {
          "uv": [
            6.5,
            5.25,
            4.75,
            4.25
          ],
          "texture": "#0"
        },
        "down": {
          "uv": [
            4,
            5,
            2.25,
            6
          ],
          "texture": "#0"
        }
      }
    },
    {
      "from": [
        5.5,
        -7.02546,
        12.52214
      ],
      "to": [
        10.5,
        -2.02546,
        14.52214
      ],
      "rotation": {
        "angle": 0,
        "axis": "y",
        "origin": [
          8,
          2.92551,
          7.38901
        ]
      },
      "faces": {
        "north": {
          "uv": [
            4,
            5.25,
            5.25,
            6.5
          ],
          "texture": "#0"
        },
        "east": {
          "uv": [
            1,
            6.75,
            1.5,
            8
          ],
          "texture": "#0"
        },
        "south": {
          "uv": [
            5.25,
            5.25,
            6.5,
            6.5
          ],
          "texture": "#0"
        },
        "west": {
          "uv": [
            1.5,
            6.75,
            2,
            8
          ],
          "texture": "#0"
        },
        "up": {
          "uv": [
            3.25,
            7.25,
            2,
            6.75
          ],
          "texture": "#0"
        },
        "down": {
          "uv": [
            8.25,
            0,
            7,
            0.5
          ],
          "texture": "#0"
        }
      }
    }
  ],
  "gui_light": "front",
  "display": {
    "thirdperson_righthand": {
      "rotation": [
        68,
        0,
        0
      ],
      "scale": [
        0.7,
        0.7,
        0.7
      ]
    },
    "thirdperson_lefthand": {
      "rotation": [
        68,
        0,
        0
      ],
      "scale": [
        0.7,
        0.7,
        0.7
      ]
    },
    "firstperson_righthand": {
      "rotation": [
        0,
        10,
        0
      ],
      "translation": [
        1,
        7.5,
        0
      ],
      "scale": [
        0.65,
        0.65,
        0.65
      ]
    },
    "firstperson_lefthand": {
      "rotation": [
        0,
        10,
        0
      ],
      "translation": [
        1,
        7.5,
        0
      ],
      "scale": [
        0.65,
        0.65,
        0.65
      ]
    },
    "ground": {
      "translation": [
        0,
        8,
        0
      ],
      "scale": [
        0.65,
        0.65,
        0.65
      ]
    },
    "gui": {
      "rotation": [
        22.5,
        135,
        0
      ],
      "translation": [
        0.75,
        4,
        0
      ],
      "scale": [
        0.8,
        0.8,
        0.8
      ]
    },
    "head": {
      "translation": [
        0,
        14,
        1
      ],
      "scale": [
        1.61,
        1.61,
        1.61
      ]
    },
    "fixed": {
      "rotation": [
        -90,
        0,
        0
      ],
      "translation": [
        0,
        1.75,
        -30
      ],
      "scale": [
        2,
        2,
        2
      ]
    }
  }
}