{
  "texture_size": [
    128,
    128
  ],
  "elements": [
    {
      "from": [
        1.5,
        13,
        4
      ],
      "to": [
        14.5,
        26,
        17
      ],
      "rotation": {
        "angle": 0,
        "axis": "y",
        "origin": [
          8,
          12.75,
          11.34671
        ]
      },
      "faces": {
        "north": {
          "uv": [
            3.5,
            0,
            5.125,
            1.625
          ],
          "texture": "#0"
        },
        "east": {
          "uv": [
            0,
            3.625,
            1.625,
            5.25
          ],
          "texture": "#0"
        },
        "south": {
          "uv": [
            1.75,
            3.625,
            3.375,
            5.25
          ],
          "texture": "#0"
        },
        "west": {
          "uv": [
            3.5,
            3.625,
            5.125,
            5.25
          ],
          "texture": "#0"
        },
        "up": {
          "uv": [
            5.625,
            3.375,
            4,
            1.75
          ],
          "texture": "#0"
        },
        "down": {
          "uv": [
            6.875,
            0,
            5.25,
            1.625
          ],
          "texture": "#0"
        }
      }
    },
    {
      "from": [
        -10.34074,
        17,
        7.3586
      ],
      "to": [
        2.65926,
        32,
        7.3586
      ],
      "rotation": {
        "angle": 22.5,
        "axis": "y",
        "origin": [
          8,
          12.75,
          11.34671
        ]
      },
      "faces": {
        "north": {
          "uv": [
            0,
            0,
            1.625,
            1.875
          ],
          "texture": "#0"
        },
        "east": {
          "uv": [
            3,
            7,
            3,
            8.875
          ],
          "texture": "#0"
        },
        "south": {
          "uv": [
            1.75,
            0,
            3.375,
            1.875
          ],
          "texture": "#0"
        },
        "west": {
          "uv": [
            3.125,
            7,
            3.125,
            8.875
          ],
          "texture": "#0"
        },
        "up": {
          "uv": [
            7.375,
            3.25,
            5.75,
            3.25
          ],
          "texture": "#0"
        },
        "down": {
          "uv": [
            7.375,
            3.375,
            5.75,
            3.375
          ],
          "texture": "#0"
        }
      }
    },
    {
      "from": [
        13.34074,
        17,
        7.3586
      ],
      "to": [
        26.34074,
        32,
        7.3586
      ],
      "rotation": {
        "angle": -22.5,
        "axis": "y",
        "origin": [
          8,
          12.75,
          11.34671
        ]
      },
      "faces": {
        "north": {
          "uv": [
            1.625,
            0,
            0,
            1.875
          ],
          "texture": "#0"
        },
        "east": {
          "uv": [
            3.125,
            7,
            3.125,
            8.875
          ],
          "texture": "#0"
        },
        "south": {
          "uv": [
            3.375,
            0,
            1.75,
            1.875
          ],
          "texture": "#0"
        },
        "west": {
          "uv": [
            3,
            7,
            3,
            8.875
          ],
          "texture": "#0"
        },
        "up": {
          "uv": [
            5.75,
            3.25,
            7.375,
            3.25
          ],
          "texture": "#0"
        },
        "down": {
          "uv": [
            5.75,
            3.375,
            7.375,
            3.375
          ],
          "texture": "#0"
        }
      }
    },
    {
      "from": [
        4.5,
        19,
        3.25
      ],
      "to": [
        11.5,
        20,
        4.25
      ],
      "faces": {
        "north": {
          "uv": [
            3,
            7,
            3.875,
            7.125
          ],
          "texture": "#0"
        },
        "east": {
          "uv": [
            4,
            7,
            4.125,
            7.125
          ],
          "texture": "#0"
        },
        "south": {
          "uv": [
            3,
            7.25,
            3.875,
            7.375
          ],
          "texture": "#0"
        },
        "west": {
          "uv": [
            4,
            7.125,
            4.125,
            7.25
          ],
          "texture": "#0"
        },
        "up": {
          "uv": [
            3,
            7.375,
            3.875,
            7.5
          ],
          "texture": "#0"
        },
        "down": {
          "uv": [
            3,
            7.125,
            3.875,
            7.25
          ],
          "texture": "#0"
        }
      }
    },
    {
      "from": [
        6.5,
        15,
        3.25
      ],
      "to": [
        9.5,
        16,
        4.25
      ],
      "faces": {
        "north": {
          "uv": [
            0.875,
            8.5,
            1.25,
            8.625
          ],
          "texture": "#0"
        },
        "east": {
          "uv": [
            1.25,
            8.5,
            1.375,
            8.625
          ],
          "texture": "#0"
        },
        "south": {
          "uv": [
            0.875,
            8.75,
            1.25,
            8.875
          ],
          "texture": "#0"
        },
        "west": {
          "uv": [
            1.25,
            8.625,
            1.375,
            8.75
          ],
          "texture": "#0"
        },
        "up": {
          "uv": [
            0.875,
            8.875,
            1.25,
            9
          ],
          "texture": "#0"
        },
        "down": {
          "uv": [
            0.875,
            8.625,
            1.25,
            8.75
          ],
          "texture": "#0"
        }
      }
    },
    {
      "from": [
        9.5,
        14,
        3.25
      ],
      "to": [
        12.5,
        15,
        4.25
      ],
      "faces": {
        "north": {
          "uv": [
            0.75,
            7.875,
            1.125,
            8
          ],
          "texture": "#0"
        },
        "east": {
          "uv": [
            0.875,
            8.375,
            1,
            8.5
          ],
          "texture": "#0"
        },
        "south": {
          "uv": [
            0.75,
            8.125,
            1.125,
            8.25
          ],
          "texture": "#0"
        },
        "west": {
          "uv": [
            0.75,
            8.375,
            0.875,
            8.5
          ],
          "texture": "#0"
        },
        "up": {
          "uv": [
            0.75,
            8.25,
            1.125,
            8.375
          ],
          "texture": "#0"
        },
        "down": {
          "uv": [
            0.75,
            8,
            1.125,
            8.125
          ],
          "texture": "#0"
        }
      }
    },
    {
      "from": [
        3.5,
        14,
        3.25
      ],
      "to": [
        6.5,
        15,
        4.25
      ],
      "faces": {
        "north": {
          "uv": [
            1.625,
            8.375,
            2,
            8.5
          ],
          "texture": "#0"
        },
        "east": {
          "uv": [
            2,
            8.375,
            2.125,
            8.5
          ],
          "texture": "#0"
        },
        "south": {
          "uv": [
            1.625,
            8.5,
            2,
            8.625
          ],
          "texture": "#0"
        },
        "west": {
          "uv": [
            2,
            8.5,
            2.125,
            8.625
          ],
          "texture": "#0"
        },
        "up": {
          "uv": [
            1.625,
            8.625,
            2,
            8.75
          ],
          "texture": "#0"
        },
        "down": {
          "uv": [
            1.625,
            8.75,
            2,
            8.875
          ],
          "texture": "#0"
        }
      }
    },
    {
      "from": [
        2.5,
        15,
        3.25
      ],
      "to": [
        3.5,
        18,
        4.25
      ],
      "faces": {
        "north": {
          "uv": [
            1.5,
            9,
            1.625,
            9.375
          ],
          "texture": "#0"
        },
        "east": {
          "uv": [
            1.375,
            9,
            1.5,
            9.375
          ],
          "texture": "#0"
        },
        "south": {
          "uv": [
            1.625,
            9,
            1.75,
            9.375
          ],
          "texture": "#0"
        },
        "west": {
          "uv": [
            1.25,
            9,
            1.375,
            9.375
          ],
          "texture": "#0"
        },
        "up": {
          "uv": [
            1.125,
            9,
            1.25,
            9.125
          ],
          "texture": "#0"
        },
        "down": {
          "uv": [
            1.125,
            9.125,
            1.25,
            9.25
          ],
          "texture": "#0"
        }
      }
    },
    {
      "from": [
        12.5,
        15,
        3.25
      ],
      "to": [
        13.5,
        18,
        4.25
      ],
      "faces": {
        "north": {
          "uv": [
            2.75,
            7.875,
            2.875,
            8.25
          ],
          "texture": "#0"
        },
        "east": {
          "uv": [
            2.5,
            7.875,
            2.625,
            8.25
          ],
          "texture": "#0"
        },
        "south": {
          "uv": [
            2.625,
            7.875,
            2.75,
            8.25
          ],
          "texture": "#0"
        },
        "west": {
          "uv": [
            2.375,
            7.875,
            2.5,
            8.25
          ],
          "texture": "#0"
        },
        "up": {
          "uv": [
            2.25,
            8,
            2.375,
            8.125
          ],
          "texture": "#0"
        },
        "down": {
          "uv": [
            2.25,
            7.875,
            2.375,
            8
          ],
          "texture": "#0"
        }
      }
    },
    {
      "from": [
        11.5,
        18,
        3.25
      ],
      "to": [
        12.5,
        19,
        4.25
      ],
      "faces": {
        "north": {
          "uv": [
            0.125,
            8.125,
            0.25,
            8.25
          ],
          "texture": "#0"
        },
        "east": {
          "uv": [
            0.375,
            8.25,
            0.5,
            8.375
          ],
          "texture": "#0"
        },
        "south": {
          "uv": [
            0.25,
            8.125,
            0.375,
            8.25
          ],
          "texture": "#0"
        },
        "west": {
          "uv": [
            0.125,
            8.25,
            0.25,
            8.375
          ],
          "texture": "#0"
        },
        "up": {
          "uv": [
            0.25,
            8.25,
            0.375,
            8.375
          ],
          "texture": "#0"
        },
        "down": {
          "uv": [
            0.375,
            8.125,
            0.5,
            8.25
          ],
          "texture": "#0"
        }
      }
    },
    {
      "from": [
        3.5,
        18,
        3.25
      ],
      "to": [
        4.5,
        19,
        4.25
      ],
      "faces": {
        "north": {
          "uv": [
            0.375,
            7.875,
            0.5,
            8
          ],
          "texture": "#0"
        },
        "east": {
          "uv": [
            0.125,
            7.875,
            0.25,
            8
          ],
          "texture": "#0"
        },
        "south": {
          "uv": [
            0,
            8,
            0.125,
            8.125
          ],
          "texture": "#0"
        },
        "west": {
          "uv": [
            0.5,
            7.875,
            0.625,
            8
          ],
          "texture": "#0"
        },
        "up": {
          "uv": [
            0,
            7.875,
            0.125,
            8
          ],
          "texture": "#0"
        },
        "down": {
          "uv": [
            0.25,
            7.875,
            0.375,
            8
          ],
          "texture": "#0"
        }
      }
    },
    {
      "from": [
        0.5,
        2,
        10
      ],
      "to": [
        15.5,
        14,
        17
      ],
      "rotation": {
        "angle": -22.5,
        "axis": "x",
        "origin": [
          8,
          8,
          12.5
        ]
      },
      "faces": {
        "north": {
          "uv": [
            0,
            2,
            1.875,
            3.5
          ],
          "texture": "#0"
        },
        "east": {
          "uv": [
            3,
            5.375,
            3.875,
            6.875
          ],
          "texture": "#0"
        },
        "south": {
          "uv": [
            2,
            2,
            3.875,
            3.5
          ],
          "texture": "#0"
        },
        "west": {
          "uv": [
            4,
            5.375,
            4.875,
            6.875
          ],
          "texture": "#0"
        },
        "up": {
          "uv": [
            7.125,
            4.375,
            5.25,
            3.5
          ],
          "texture": "#0"
        },
        "down": {
          "uv": [
            7.125,
            4.5,
            5.25,
            5.375
          ],
          "texture": "#0"
        }
      }
    },
    {
      "from": [
        -3.5,
        10,
        -5
      ],
      "to": [
        1.5,
        15,
        14
      ],
      "rotation": {
        "angle": -22.5,
        "axis": "x",
        "origin": [
          2,
          12.5,
          12.5
        ]
      },
      "faces": {
        "north": {
          "uv": [
            7.625,
            0.75,
            7,
            1.375
          ],
          "rotation": 180,
          "texture": "#0"
        },
        "east": {
          "uv": [
            0.75,
            5.375,
            1.375,
            7.75
          ],
          "rotation": 270,
          "texture": "#0"
        },
        "south": {
          "uv": [
            7.625,
            0.625,
            7,
            0
          ],
          "texture": "#0"
        },
        "west": {
          "uv": [
            2.25,
            5.375,
            2.875,
            7.75
          ],
          "rotation": 90,
          "texture": "#0"
        },
        "up": {
          "uv": [
            0,
            5.375,
            0.625,
            7.75
          ],
          "rotation": 180,
          "texture": "#0"
        },
        "down": {
          "uv": [
            1.5,
            5.375,
            2.125,
            7.75
          ],
          "texture": "#0"
        }
      }
    },
    {
      "from": [
        14.5,
        10,
        -5
      ],
      "to": [
        19.5,
        15,
        14
      ],
      "rotation": {
        "angle": -22.5,
        "axis": "x",
        "origin": [
          14,
          12.5,
          12.5
        ]
      },
      "faces": {
        "north": {
          "uv": [
            7,
            0.75,
            7.625,
            1.375
          ],
          "rotation": 180,
          "texture": "#0"
        },
        "east": {
          "uv": [
            2.875,
            5.375,
            2.25,
            7.75
          ],
          "rotation": 270,
          "texture": "#0"
        },
        "south": {
          "uv": [
            7,
            0.625,
            7.625,
            0
          ],
          "texture": "#0"
        },
        "west": {
          "uv": [
            1.375,
            5.375,
            0.75,
            7.75
          ],
          "rotation": 90,
          "texture": "#0"
        },
        "up": {
          "uv": [
            0.625,
            5.375,
            0,
            7.75
          ],
          "rotation": 180,
          "texture": "#0"
        },
        "down": {
          "uv": [
            2.125,
            5.375,
            1.5,
            7.75
          ],
          "texture": "#0"
        }
      }
    },
    {
      "from": [
        0.5,
        -5,
        13
      ],
      "to": [
        6.5,
        6,
        18
      ],
      "rotation": {
        "angle": -22.5,
        "axis": "z",
        "origin": [
          4.5,
          4.5,
          15.5
        ]
      },
      "faces": {
        "north": {
          "uv": [
            5,
            5.5,
            5.75,
            6.875
          ],
          "texture": "#0"
        },
        "east": {
          "uv": [
            5.875,
            5.5,
            6.5,
            6.875
          ],
          "texture": "#0"
        },
        "south": {
          "uv": [
            5.75,
            1.75,
            6.5,
            3.125
          ],
          "texture": "#0"
        },
        "west": {
          "uv": [
            6.625,
            1.75,
            7.25,
            3.125
          ],
          "texture": "#0"
        },
        "up": {
          "uv": [
            7.375,
            6.125,
            6.625,
            5.5
          ],
          "texture": "#0"
        },
        "down": {
          "uv": [
            7.375,
            6.25,
            6.625,
            6.875
          ],
          "texture": "#0"
        }
      }
    },
    {
      "from": [
        9.5,
        -5,
        13
      ],
      "to": [
        15.5,
        6,
        18
      ],
      "rotation": {
        "angle": 22.5,
        "axis": "z",
        "origin": [
          11.5,
          4.5,
          15.5
        ]
      },
      "faces": {
        "north": {
          "uv": [
            5.75,
            5.5,
            5,
            6.875
          ],
          "texture": "#0"
        },
        "east": {
          "uv": [
            7.25,
            1.75,
            6.625,
            3.125
          ],
          "texture": "#0"
        },
        "south": {
          "uv": [
            6.5,
            1.75,
            5.75,
            3.125
          ],
          "texture": "#0"
        },
        "west": {
          "uv": [
            6.5,
            5.5,
            5.875,
            6.875
          ],
          "texture": "#0"
        },
        "up": {
          "uv": [
            6.625,
            6.125,
            7.375,
            5.5
          ],
          "texture": "#0"
        },
        "down": {
          "uv": [
            6.625,
            6.25,
            7.375,
            6.875
          ],
          "texture": "#0"
        }
      }
    }
  ],
  "display": {
    "thirdperson_righthand": {
      "rotation": [
        55,
        0,
        0
      ],
      "translation": [
        0,
        1.5,
        -1.5
      ],
      "scale": [
        0.4,
        0.4,
        0.4
      ]
    },
    "thirdperson_lefthand": {
      "rotation": [
        55,
        0,
        0
      ],
      "translation": [
        0,
        1.5,
        -1.5
      ],
      "scale": [
        0.4,
        0.4,
        0.4
      ]
    },
    "firstperson_righthand": {
      "translation": [
        0,
        2,
        0
      ],
      "scale": [
        0.28,
        0.28,
        0.28
      ]
    },
    "firstperson_lefthand": {
      "translation": [
        0,
        2,
        0
      ],
      "scale": [
        0.28,
        0.28,
        0.28
      ]
    },
    "ground": {
      "translation": [
        0,
        3,
        0
      ],
      "scale": [
        0.35,
        0.35,
        0.35
      ]
    },
    "gui": {
      "rotation": [
        -170,
        45,
        180
      ],
      "translation": [
        -0.25,
        -2.5,
        0
      ],
      "scale": [
        0.4,
        0.4,
        0.4
      ]
    },
    "head": {
      "translation": [
        0,
        6.5,
        1.5
      ]
    },
    "fixed": {
      "rotation": [
        -90,
        0,
        0
      ],
      "translation": [
        0,
        0,
        -11
      ]
    }
  }
}