{
  "texture_size": [
    64,
    64
  ],
  "elements": [
    {
      "from": [
        4.83579,
        16,
        7
      ],
      "to": [
        11.83579,
        19,
        9
      ],
      "rotation": {
        "angle": 0,
        "axis": "y",
        "origin": [
          9,
          23,
          8
        ]
      },
      "faces": {
        "north": {
          "uv": [
            8.25,
            2.25,
            10,
            3
          ],
          "texture": "#1"
        },
        "east": {
          "uv": [
            8.75,
            1.25,
            9.25,
            2
          ],
          "texture": "#1"
        },
        "south": {
          "uv": [
            8.25,
            3,
            10,
            3.75
          ],
          "texture": "#1"
        },
        "west": {
          "uv": [
            8.75,
            6,
            9.25,
            6.75
          ],
          "texture": "#1"
        },
        "up": {
          "uv": [
            10,
            4.25,
            8.25,
            3.75
          ],
          "texture": "#1"
        },
        "down": {
          "uv": [
            10,
            4.25,
            8.25,
            4.75
          ],
          "texture": "#1",
          "cullface": "down"
        }
      }
    },
    {
      "from": [
        6.83579,
        19,
        7
      ],
      "to": [
        9.83579,
        24,
        9
      ],
      "rotation": {
        "angle": 0,
        "axis": "y",
        "origin": [
          9,
          23,
          8
        ]
      },
      "faces": {
        "north": {
          "uv": [
            5,
            7.75,
            5.75,
            9
          ],
          "texture": "#1"
        },
        "east": {
          "uv": [
            2.5,
            6,
            3,
            7.25
          ],
          "texture": "#1"
        },
        "south": {
          "uv": [
            0,
            8.5,
            0.75,
            9.75
          ],
          "texture": "#1"
        },
        "west": {
          "uv": [
            8.75,
            0,
            9.25,
            1.25
          ],
          "texture": "#1"
        },
        "up": {
          "uv": [
            7,
            9.25,
            6.25,
            8.75
          ],
          "texture": "#1"
        },
        "down": {
          "uv": [
            9.5,
            6.75,
            8.75,
            7.25
          ],
          "texture": "#1",
          "cullface": "down"
        }
      }
    },
    {
      "from": [
        5.83579,
        25,
        8
      ],
      "to": [
        10.83579,
        32,
        8
      ],
      "rotation": {
        "angle": 0,
        "axis": "y",
        "origin": [
          9,
          23,
          8
        ]
      },
      "faces": {
        "north": {
          "uv": [
            0,
            0,
            5,
            7
          ],
          "texture": "#0"
        },
        "east": {
          "uv": [
            0,
            0,
            1,
            1
          ],
          "texture": "#0"
        },
        "south": {
          "uv": [
            0,
            0,
            5,
            7
          ],
          "texture": "#0"
        },
        "west": {
          "uv": [
            0,
            0,
            1,
            1
          ],
          "texture": "#0"
        },
        "up": {
          "uv": [
            0,
            0,
            0,
            1
          ],
          "rotation": 90,
          "texture": "#0"
        },
        "down": {
          "uv": [
            0,
            1,
            1,
            0
          ],
          "rotation": 270,
          "texture": "#0",
          "cullface": "down"
        }
      }
    },
    {
      "from": [
        8.16678,
        20.22744,
        6.99
      ],
      "to": [
        11.18678,
        25.24744,
        9.01
      ],
      "rotation": {
        "angle": 45,
        "axis": "z",
        "origin": [
          9,
          23,
          8
        ]
      },
      "faces": {
        "north": {
          "uv": [
            0.75,
            8.5,
            1.5,
            9.75
          ],
          "texture": "#1"
        },
        "east": {
          "uv": [
            8.75,
            4.75,
            9.25,
            6
          ],
          "texture": "#1"
        },
        "south": {
          "uv": [
            1.5,
            8.5,
            2.25,
            9.75
          ],
          "texture": "#1"
        },
        "west": {
          "uv": [
            5.75,
            8.75,
            6.25,
            10
          ],
          "texture": "#1"
        },
        "up": {
          "uv": [
            7.75,
            9.25,
            7,
            8.75
          ],
          "texture": "#1"
        },
        "down": {
          "uv": [
            9.5,
            7.25,
            8.75,
            7.75
          ],
          "texture": "#1",
          "cullface": "down"
        }
      }
    },
    {
      "from": [
        3,
        10.25,
        3
      ],
      "to": [
        13,
        16.25,
        13
      ],
      "rotation": {
        "angle": 0,
        "axis": "y",
        "origin": [
          8,
          12,
          10.5
        ]
      },
      "faces": {
        "north": {
          "uv": [
            2.5,
            7.75,
            5,
            9.25
          ],
          "texture": "#1"
        },
        "east": {
          "uv": [
            2.5,
            7.75,
            5,
            9.25
          ],
          "texture": "#1"
        },
        "south": {
          "uv": [
            2.5,
            7.75,
            5,
            9.25
          ],
          "texture": "#1"
        },
        "west": {
          "uv": [
            2.5,
            7.75,
            5,
            9.25
          ],
          "texture": "#1"
        },
        "up": {
          "uv": [
            8.25,
            4.75,
            5.75,
            2.25
          ],
          "texture": "#1"
        },
        "down": {
          "uv": [
            2.5,
            6,
            0,
            8.5
          ],
          "texture": "#1",
          "cullface": "down"
        }
      }
    },
    {
      "from": [
        2.5,
        8.75,
        2.5
      ],
      "to": [
        13.5,
        16.75,
        13.5
      ],
      "rotation": {
        "angle": 0,
        "axis": "y",
        "origin": [
          8,
          12,
          10.5
        ]
      },
      "faces": {
        "north": {
          "uv": [
            6,
            4.75,
            8.75,
            6.75
          ],
          "texture": "#1"
        },
        "east": {
          "uv": [
            6,
            6.75,
            8.75,
            8.75
          ],
          "texture": "#1"
        },
        "south": {
          "uv": [
            6,
            4.75,
            8.75,
            6.75
          ],
          "texture": "#1"
        },
        "west": {
          "uv": [
            6,
            6.75,
            8.75,
            8.75
          ],
          "texture": "#1"
        },
        "up": {
          "uv": [
            5.75,
            2.75,
            3,
            0
          ],
          "texture": "#1"
        },
        "down": {
          "uv": [
            5.75,
            2.75,
            3,
            5.5
          ],
          "texture": "#1",
          "cullface": "down"
        }
      }
    },
    {
      "from": [
        2,
        8.25,
        2
      ],
      "to": [
        14,
        17.25,
        14
      ],
      "rotation": {
        "angle": 0,
        "axis": "y",
        "origin": [
          8,
          12,
          10.5
        ]
      },
      "faces": {
        "north": {
          "uv": [
            3,
            5.5,
            6,
            7.75
          ],
          "texture": "#1"
        },
        "east": {
          "uv": [
            6,
            5.5,
            3,
            7.75
          ],
          "texture": "#1"
        },
        "south": {
          "uv": [
            6,
            5.5,
            3,
            7.75
          ],
          "texture": "#1"
        },
        "west": {
          "uv": [
            3,
            5.5,
            6,
            7.75
          ],
          "texture": "#1"
        },
        "up": {
          "uv": [
            3,
            3,
            0,
            0
          ],
          "texture": "#1"
        },
        "down": {
          "uv": [
            3,
            3,
            0,
            6
          ],
          "texture": "#1",
          "cullface": "down"
        }
      }
    }
  ],
  "display": {
    "thirdperson_righthand": {
      "rotation": [
        68,
        10,
        0
      ],
      "translation": [
        0,
        0,
        -3.5
      ],
      "scale": [
        0.7,
        0.7,
        0.7
      ]
    },
    "thirdperson_lefthand": {
      "rotation": [
        68,
        10,
        0
      ],
      "translation": [
        0,
        0,
        -3.5
      ],
      "scale": [
        0.7,
        0.7,
        0.7
      ]
    },
    "firstperson_righthand": {
      "translation": [
        0,
        -0.5,
        0
      ],
      "scale": [
        0.5,
        0.5,
        0.5
      ]
    },
    "firstperson_lefthand": {
      "translation": [
        0,
        -0.5,
        0
      ],
      "scale": [
        0.5,
        0.5,
        0.5
      ]
    },
    "ground": {
      "translation": [
        0,
        -1,
        0
      ],
      "scale": [
        0.7,
        0.7,
        0.7
      ]
    },
    "gui": {
      "rotation": [
        22.5,
        145,
        0
      ],
      "translation": [
        0,
        -7.5,
        0
      ],
      "scale": [
        0.7,
        0.7,
        0.7
      ]
    },
    "head": {
      "rotation": [
        6.75,
        0,
        0
      ],
      "translation": [
        0,
        -3.9,
        -0.75
      ],
      "scale": [
        1.6,
        1.6,
        1.6
      ]
    },
    "fixed": {
      "rotation": [
        -90,
        0,
        0
      ],
      "translation": [
        0,
        0,
        4.5
      ],
      "scale": [
        2,
        2,
        2
      ]
    }
  }
}