{
  "texture_size": [
    32,
    32
  ],
  "elements": [
    {
      "from": [
        4,
        5,
        4
      ],
      "to": [
        12,
        9,
        12
      ],
      "rotation": {
        "angle": 0,
        "axis": "y",
        "origin": [
          5,
          1,
          5
        ]
      },
      "faces": {
        "north": {
          "uv": [
            8,
            5,
            12,
            7
          ],
          "texture": "#0"
        },
        "east": {
          "uv": [
            8,
            7,
            12,
            9
          ],
          "texture": "#0"
        },
        "south": {
          "uv": [
            8,
            9,
            12,
            11
          ],
          "texture": "#0"
        },
        "west": {
          "uv": [
            0,
            10.5,
            4,
            12.5
          ],
          "texture": "#0"
        },
        "up": {
          "uv": [
            8,
            4,
            4,
            0
          ],
          "texture": "#0"
        },
        "down": {
          "uv": [
            8,
            4,
            4,
            8
          ],
          "texture": "#0"
        }
      }
    },
    {
      "from": [
        1.88268,
        6.07612,
        6.5
      ],
      "to": [
        4.88268,
        9.07612,
        9.5
      ],
      "rotation": {
        "angle": 22.5,
        "axis": "z",
        "origin": [
          3.38268,
          8.57612,
          8
        ]
      },
      "faces": {
        "north": {
          "uv": [
            12,
            0,
            13.5,
            1.5
          ],
          "texture": "#0"
        },
        "east": {
          "uv": [
            12,
            1.5,
            13.5,
            3
          ],
          "texture": "#0"
        },
        "south": {
          "uv": [
            12,
            3,
            13.5,
            4.5
          ],
          "texture": "#0"
        },
        "west": {
          "uv": [
            12,
            4.5,
            13.5,
            6
          ],
          "texture": "#0"
        },
        "up": {
          "uv": [
            13.5,
            7.5,
            12,
            6
          ],
          "texture": "#0"
        },
        "down": {
          "uv": [
            13.5,
            7.5,
            12,
            9
          ],
          "texture": "#0"
        }
      }
    },
    {
      "from": [
        11.5,
        6,
        6.5
      ],
      "to": [
        14.5,
        9,
        9.5
      ],
      "rotation": {
        "angle": -22.5,
        "axis": "z",
        "origin": [
          13,
          9.5,
          8
        ]
      },
      "faces": {
        "north": {
          "uv": [
            12,
            9,
            13.5,
            10.5
          ],
          "texture": "#0"
        },
        "east": {
          "uv": [
            12,
            10.5,
            13.5,
            12
          ],
          "texture": "#0"
        },
        "south": {
          "uv": [
            12,
            12,
            13.5,
            13.5
          ],
          "texture": "#0"
        },
        "west": {
          "uv": [
            0,
            12.5,
            1.5,
            14
          ],
          "texture": "#0"
        },
        "up": {
          "uv": [
            3,
            14,
            1.5,
            12.5
          ],
          "texture": "#0"
        },
        "down": {
          "uv": [
            4.5,
            13,
            3,
            14.5
          ],
          "texture": "#0"
        }
      }
    },
    {
      "from": [
        12.34462,
        8.23254,
        7
      ],
      "to": [
        14.34462,
        12.23254,
        9
      ],
      "rotation": {
        "angle": -22.5,
        "axis": "z",
        "origin": [
          13.84462,
          10.23254,
          7.5
        ]
      },
      "faces": {
        "north": {
          "uv": [
            8,
            11,
            9,
            13.5
          ],
          "texture": "#0"
        },
        "east": {
          "uv": [
            9,
            11,
            10,
            13.5
          ],
          "texture": "#0"
        },
        "south": {
          "uv": [
            10,
            11,
            11,
            13.5
          ],
          "texture": "#0"
        },
        "west": {
          "uv": [
            11,
            11,
            12,
            13.5
          ],
          "texture": "#0"
        },
        "up": {
          "uv": [
            7.5,
            14,
            6.5,
            13
          ],
          "texture": "#0"
        },
        "down": {
          "uv": [
            14.5,
            0,
            13.5,
            1
          ],
          "texture": "#0"
        }
      }
    },
    {
      "from": [
        1.65538,
        8.23254,
        7
      ],
      "to": [
        3.65538,
        12.23254,
        9
      ],
      "rotation": {
        "angle": 22.5,
        "axis": "z",
        "origin": [
          2.15538,
          10.23254,
          7.5
        ]
      },
      "faces": {
        "north": {
          "uv": [
            9,
            11,
            8,
            13.5
          ],
          "texture": "#0"
        },
        "east": {
          "uv": [
            12,
            11,
            11,
            13.5
          ],
          "texture": "#0"
        },
        "south": {
          "uv": [
            11,
            11,
            10,
            13.5
          ],
          "texture": "#0"
        },
        "west": {
          "uv": [
            10,
            11,
            9,
            13.5
          ],
          "texture": "#0"
        },
        "up": {
          "uv": [
            6.5,
            14,
            7.5,
            13
          ],
          "texture": "#0"
        },
        "down": {
          "uv": [
            13.5,
            0,
            14.5,
            1
          ],
          "texture": "#0"
        }
      }
    },
    {
      "from": [
        3.92,
        3.92,
        3.92
      ],
      "to": [
        12.08,
        9.08,
        12.08
      ],
      "rotation": {
        "angle": 0,
        "axis": "y",
        "origin": [
          5,
          1,
          5
        ]
      },
      "faces": {
        "north": {
          "uv": [
            0,
            8,
            4,
            10.5
          ],
          "texture": "#0"
        },
        "east": {
          "uv": [
            8,
            0,
            12,
            2.5
          ],
          "texture": "#0"
        },
        "south": {
          "uv": [
            8,
            2.5,
            12,
            5
          ],
          "texture": "#0"
        },
        "west": {
          "uv": [
            4,
            8,
            8,
            10.5
          ],
          "texture": "#0"
        },
        "up": {
          "uv": [
            4,
            4,
            0,
            0
          ],
          "texture": "#0"
        },
        "down": {
          "uv": [
            4,
            4,
            0,
            8
          ],
          "texture": "#0"
        }
      }
    }
  ],
  "gui_light": "front",
  "display": {
    "thirdperson_righthand": {
      "translation": [
        0,
        1,
        -0.75
      ]
    },
    "thirdperson_lefthand": {
      "translation": [
        0,
        1,
        -0.75
      ]
    },
    "firstperson_righthand": {
      "rotation": [
        0,
        18,
        0
      ],
      "translation": [
        0,
        2.75,
        0
      ],
      "scale": [
        0.8,
        0.8,
        0.8
      ]
    },
    "firstperson_lefthand": {
      "rotation": [
        0,
        18,
        0
      ],
      "translation": [
        0,
        2.75,
        0
      ],
      "scale": [
        0.8,
        0.8,
        0.8
      ]
    },
    "ground": {
      "rotation": [
        25,
        35,
        0
      ],
      "scale": [
        0.6,
        0.6,
        0.6
      ]
    },
    "gui": {
      "rotation": [
        22.5,
        135,
        0
      ]
    },
    "head": {
      "rotation": [
        1,
        0,
        0
      ],
      "translation": [
        0,
        5.5,
        0
      ],
      "scale": [
        1.84,
        1.84,
        1.84
      ]
    }
  }
}