{
  "texture_size": [
    32,
    32
  ],
  "elements": [
    {
      "from": [
        4,
        0,
        4
      ],
      "to": [
        12,
        5,
        12
      ],
      "rotation": {
        "angle": 0,
        "axis": "y",
        "origin": [
          7,
          0,
          7
        ]
      },
      "faces": {
        "north": {
          "uv": [
            4,
            0,
            8,
            2.5
          ],
          "texture": "#0"
        },
        "east": {
          "uv": [
            4,
            2.5,
            8,
            5
          ],
          "texture": "#0"
        },
        "south": {
          "uv": [
            4,
            0,
            8,
            2.5
          ],
          "texture": "#0"
        },
        "west": {
          "uv": [
            4,
            0,
            8,
            2.5
          ],
          "texture": "#0"
        },
        "up": {
          "uv": [
            4,
            4,
            0,
            0
          ],
          "texture": "#0"
        },
        "down": {
          "uv": [
            4,
            4,
            0,
            8
          ],
          "texture": "#0"
        }
      }
    },
    {
      "from": [
        10.65,
        1.25,
        7
      ],
      "to": [
        15.65,
        3.25,
        9
      ],
      "rotation": {
        "angle": 45,
        "axis": "z",
        "origin": [
          12.65,
          2.25,
          8
        ]
      },
      "faces": {
        "north": {
          "uv": [
            11,
            6,
            13.5,
            7
          ],
          "texture": "#0"
        },
        "east": {
          "uv": [
            3,
            8,
            4,
            9
          ],
          "texture": "#0"
        },
        "south": {
          "uv": [
            11,
            7,
            13.5,
            8
          ],
          "texture": "#0"
        },
        "west": {
          "uv": [
            3,
            9,
            4,
            10
          ],
          "texture": "#0"
        },
        "up": {
          "uv": [
            13.5,
            9,
            11,
            8
          ],
          "texture": "#0"
        },
        "down": {
          "uv": [
            12.5,
            11,
            10,
            12
          ],
          "texture": "#0"
        }
      }
    },
    {
      "from": [
        1,
        0.5,
        8
      ],
      "to": [
        5,
        6.5,
        8
      ],
      "rotation": {
        "angle": 0,
        "axis": "y",
        "origin": [
          7,
          0,
          7
        ]
      },
      "faces": {
        "north": {
          "uv": [
            8,
            9,
            10,
            12
          ],
          "texture": "#0"
        },
        "east": {
          "uv": [
            0,
            0,
            0,
            3
          ],
          "texture": "#0"
        },
        "south": {
          "uv": [
            10,
            9,
            8,
            12
          ],
          "texture": "#0"
        },
        "west": {
          "uv": [
            0,
            0,
            0,
            3
          ],
          "texture": "#0"
        },
        "up": {
          "uv": [
            2,
            0,
            0,
            0
          ],
          "texture": "#0"
        },
        "down": {
          "uv": [
            2,
            0,
            0,
            0
          ],
          "texture": "#0"
        }
      }
    },
    {
      "from": [
        5,
        5,
        5
      ],
      "to": [
        11,
        6,
        11
      ],
      "rotation": {
        "angle": 0,
        "axis": "y",
        "origin": [
          7,
          0,
          7
        ]
      },
      "faces": {
        "north": {
          "uv": [
            12.5,
            12.5,
            15.5,
            13
          ],
          "texture": "#0"
        },
        "east": {
          "uv": [
            12.5,
            12.5,
            15.5,
            13
          ],
          "texture": "#0"
        },
        "south": {
          "uv": [
            12.5,
            12.5,
            15.5,
            13
          ],
          "texture": "#0"
        },
        "west": {
          "uv": [
            12.5,
            12.5,
            15.5,
            13
          ],
          "texture": "#0"
        },
        "up": {
          "uv": [
            3,
            11,
            0,
            8
          ],
          "texture": "#0"
        },
        "down": {
          "uv": [
            11,
            0,
            8,
            3
          ],
          "texture": "#0"
        }
      }
    },
    {
      "from": [
        6,
        6,
        7
      ],
      "to": [
        12,
        10,
        13
      ],
      "rotation": {
        "angle": -22.5,
        "axis": "z",
        "origin": [
          9,
          8,
          10
        ]
      },
      "faces": {
        "north": {
          "uv": [
            10,
            9,
            13,
            11
          ],
          "texture": "#0"
        },
        "east": {
          "uv": [
            10,
            9,
            13,
            11
          ],
          "texture": "#0"
        },
        "south": {
          "uv": [
            10,
            9,
            13,
            11
          ],
          "texture": "#0"
        },
        "west": {
          "uv": [
            10,
            9,
            13,
            11
          ],
          "texture": "#0"
        },
        "up": {
          "uv": [
            11,
            6,
            8,
            3
          ],
          "texture": "#0"
        },
        "down": {
          "uv": [
            11,
            6,
            8,
            9
          ],
          "texture": "#0"
        }
      }
    },
    {
      "from": [
        4,
        9,
        9
      ],
      "to": [
        6,
        10,
        11
      ],
      "rotation": {
        "angle": -22.5,
        "axis": "z",
        "origin": [
          9,
          8,
          10
        ]
      },
      "faces": {
        "north": {
          "uv": [
            4,
            7,
            5,
            7.5
          ],
          "texture": "#0"
        },
        "east": {
          "uv": [
            4,
            7,
            5,
            7.5
          ],
          "texture": "#0"
        },
        "south": {
          "uv": [
            5,
            13.5,
            4,
            14
          ],
          "texture": "#0"
        },
        "west": {
          "uv": [
            2.5,
            14.5,
            3.5,
            15
          ],
          "texture": "#0"
        },
        "up": {
          "uv": [
            5,
            6,
            4,
            5
          ],
          "texture": "#0"
        },
        "down": {
          "uv": [
            5,
            6,
            4,
            7
          ],
          "texture": "#0"
        }
      }
    },
    {
      "from": [
        0,
        8.5,
        8.5
      ],
      "to": [
        4,
        10.5,
        11.5
      ],
      "rotation": {
        "angle": -22.5,
        "axis": "z",
        "origin": [
          9,
          8,
          10
        ]
      },
      "faces": {
        "north": {
          "uv": [
            4,
            9,
            6,
            10
          ],
          "texture": "#0"
        },
        "east": {
          "uv": [
            4.5,
            14,
            6,
            15
          ],
          "texture": "#0"
        },
        "south": {
          "uv": [
            6,
            9,
            8,
            10
          ],
          "texture": "#0"
        },
        "west": {
          "uv": [
            3,
            10,
            4.5,
            11
          ],
          "texture": "#0"
        },
        "up": {
          "uv": [
            6,
            9,
            4,
            7.5
          ],
          "texture": "#0"
        },
        "down": {
          "uv": [
            8,
            7.5,
            6,
            9
          ],
          "texture": "#0"
        }
      }
    },
    {
      "name": "cube inverted",
      "from": [
        11,
        10,
        12
      ],
      "to": [
        7,
        7,
        8
      ],
      "rotation": {
        "angle": -22.5,
        "axis": "z",
        "origin": [
          9,
          8,
          10
        ]
      },
      "faces": {
        "north": {
          "uv": [
            0,
            12.5,
            2,
            11
          ],
          "texture": "#0"
        },
        "east": {
          "uv": [
            0,
            12.5,
            2,
            11
          ],
          "texture": "#0"
        },
        "south": {
          "uv": [
            0,
            12.5,
            2,
            11
          ],
          "texture": "#0"
        },
        "west": {
          "uv": [
            0,
            12.5,
            2,
            11
          ],
          "texture": "#0"
        },
        "up": {
          "uv": [
            0,
            14,
            2,
            16
          ],
          "texture": "#0"
        },
        "down": {
          "uv": [
            8,
            6,
            11,
            3
          ],
          "texture": "#0"
        }
      }
    },
    {
      "from": [
        11,
        9,
        8
      ],
      "to": [
        15,
        10,
        12
      ],
      "rotation": {
        "angle": 22.5,
        "axis": "z",
        "origin": [
          13,
          11,
          10
        ]
      },
      "faces": {
        "north": {
          "uv": [
            3,
            13,
            5,
            13.5
          ],
          "texture": "#0"
        },
        "east": {
          "uv": [
            13,
            3,
            15,
            3.5
          ],
          "texture": "#0"
        },
        "south": {
          "uv": [
            13,
            3.5,
            15,
            4
          ],
          "texture": "#0"
        },
        "west": {
          "uv": [
            13,
            4,
            15,
            4.5
          ],
          "texture": "#0"
        },
        "up": {
          "uv": [
            13,
            4,
            11,
            2
          ],
          "texture": "#0"
        },
        "down": {
          "uv": [
            13,
            4,
            11,
            6
          ],
          "texture": "#0"
        }
      }
    },
    {
      "from": [
        12.5,
        10,
        9.5
      ],
      "to": [
        13.5,
        12,
        10.5
      ],
      "rotation": {
        "angle": 22.5,
        "axis": "z",
        "origin": [
          13,
          11,
          10
        ]
      },
      "faces": {
        "north": {
          "uv": [
            13,
            4.5,
            13.5,
            5.5
          ],
          "texture": "#0"
        },
        "east": {
          "uv": [
            13,
            9,
            13.5,
            10
          ],
          "texture": "#0"
        },
        "south": {
          "uv": [
            13,
            10,
            13.5,
            11
          ],
          "texture": "#0"
        },
        "west": {
          "uv": [
            12.5,
            13,
            13,
            14
          ],
          "texture": "#0"
        },
        "up": {
          "uv": [
            13.5,
            6,
            13,
            5.5
          ],
          "texture": "#0"
        },
        "down": {
          "uv": [
            13.5,
            13,
            13,
            13.5
          ],
          "texture": "#0"
        }
      }
    },
    {
      "from": [
        11.5,
        12,
        8.5
      ],
      "to": [
        14.5,
        15,
        11.5
      ],
      "rotation": {
        "angle": 22.5,
        "axis": "z",
        "origin": [
          13,
          11,
          10
        ]
      },
      "faces": {
        "north": {
          "uv": [
            5,
            12,
            6.5,
            13.5
          ],
          "texture": "#0"
        },
        "east": {
          "uv": [
            6.5,
            12,
            8,
            13.5
          ],
          "texture": "#0"
        },
        "south": {
          "uv": [
            8,
            12,
            9.5,
            13.5
          ],
          "texture": "#0"
        },
        "west": {
          "uv": [
            9.5,
            12,
            11,
            13.5
          ],
          "texture": "#0"
        },
        "down": {
          "uv": [
            14,
            11,
            12.5,
            12.5
          ],
          "texture": "#0"
        }
      }
    },
    {
      "name": "cube inverted",
      "from": [
        14.5,
        15,
        11.5
      ],
      "to": [
        11.5,
        12,
        8.5
      ],
      "rotation": {
        "angle": 22.5,
        "axis": "z",
        "origin": [
          13,
          11,
          10
        ]
      },
      "faces": {
        "north": {
          "uv": [
            8,
            13.5,
            9.5,
            12
          ],
          "texture": "#0"
        },
        "east": {
          "uv": [
            9.5,
            13.5,
            11,
            12
          ],
          "texture": "#0"
        },
        "south": {
          "uv": [
            5,
            13.5,
            6.5,
            12
          ],
          "texture": "#0"
        },
        "west": {
          "uv": [
            6.5,
            13.5,
            8,
            12
          ],
          "texture": "#0"
        },
        "up": {
          "uv": [
            12.5,
            11,
            14,
            12.5
          ],
          "texture": "#0"
        }
      }
    }
  ],
  "gui_light": "front",
  "display": {
    "thirdperson_righthand": {
      "rotation": [
        66,
        90,
        0
      ],
      "translation": [
        0,
        4.5,
        2.5
      ],
      "scale": [
        0.8,
        0.8,
        0.8
      ]
    },
    "thirdperson_lefthand": {
      "rotation": [
        66,
        -90,
        0
      ],
      "translation": [
        0,
        4.5,
        2.5
      ],
      "scale": [
        0.8,
        0.8,
        0.8
      ]
    },
    "firstperson_righthand": {
      "rotation": [
        0,
        100,
        0
      ],
      "translation": [
        1,
        5,
        0
      ],
      "scale": [
        0.7,
        0.7,
        0.7
      ]
    },
    "firstperson_lefthand": {
      "rotation": [
        0,
        -80,
        0
      ],
      "translation": [
        1,
        5,
        0
      ],
      "scale": [
        0.7,
        0.7,
        0.7
      ]
    },
    "ground": {
      "translation": [
        0,
        4.5,
        0
      ],
      "scale": [
        0.75,
        0.75,
        0.75
      ]
    },
    "gui": {
      "rotation": [
        22.5,
        -135,
        0
      ],
      "translation": [
        0,
        0.25,
        0
      ],
      "scale": [
        0.82,
        0.82,
        0.82
      ]
    },
    "head": {
      "rotation": [
        -14,
        41.75,
        31.25
      ],
      "translation": [
        -2.25,
        18.75,
        2.25
      ],
      "scale": [
        1.61,
        1.61,
        1.61
      ]
    },
    "fixed": {
      "rotation": [
        -90,
        0,
        0
      ],
      "translation": [
        0,
        0,
        -16
      ],
      "scale": [
        2,
        2,
        2
      ]
    }
  }
}