{
  "texture_size": [
    32,
    32
  ],
  "elements": [
    {
      "from": [
        6.69291,
        -2.25,
        7
      ],
      "to": [
        8.69291,
        11.75,
        9
      ],
      "rotation": {
        "angle": 0,
        "axis": "y",
        "origin": [
          9.69291,
          7.5,
          8
        ]
      },
      "faces": {
        "north": {
          "uv": [
            0,
            0,
            1,
            7
          ],
          "texture": "#0"
        },
        "east": {
          "uv": [
            1,
            0,
            0,
            7
          ],
          "texture": "#0"
        },
        "south": {
          "uv": [
            0,
            0,
            1,
            7
          ],
          "texture": "#0"
        },
        "west": {
          "uv": [
            1,
            0,
            0,
            7
          ],
          "texture": "#0"
        },
        "up": {
          "uv": [
            4,
            7,
            3,
            6
          ],
          "texture": "#0"
        },
        "down": {
          "uv": [
            5,
            6,
            4,
            7
          ],
          "texture": "#0"
        }
      }
    },
    {
      "from": [
        9.69291,
        7.75,
        7.5
      ],
      "to": [
        13.69291,
        11.75,
        8.5
      ],
      "rotation": {
        "angle": 0,
        "axis": "y",
        "origin": [
          14.69291,
          7.5,
          7.5
        ]
      },
      "faces": {
        "north": {
          "uv": [
            1,
            0,
            3,
            2
          ],
          "texture": "#0"
        },
        "east": {
          "uv": [
            5,
            0,
            5.5,
            2
          ],
          "texture": "#0"
        },
        "south": {
          "uv": [
            3,
            0,
            1,
            2
          ],
          "texture": "#0"
        },
        "west": {
          "uv": [
            5,
            5,
            5.5,
            7
          ],
          "texture": "#0"
        },
        "up": {
          "uv": [
            5,
            5.5,
            3,
            5
          ],
          "texture": "#0"
        },
        "down": {
          "uv": [
            5,
            5,
            3,
            5.5
          ],
          "texture": "#0"
        }
      }
    },
    {
      "from": [
        8.59291,
        7.9,
        7.4
      ],
      "to": [
        9.79291,
        11.1,
        8.6
      ],
      "rotation": {
        "angle": 0,
        "axis": "y",
        "origin": [
          13.69291,
          7.75,
          7.5
        ]
      },
      "faces": {
        "north": {
          "uv": [
            5,
            2,
            5.5,
            3.5
          ],
          "texture": "#0"
        },
        "east": {
          "uv": [
            5,
            2,
            5.5,
            3.5
          ],
          "texture": "#0"
        },
        "south": {
          "uv": [
            5,
            2,
            5.5,
            3.5
          ],
          "texture": "#0"
        },
        "west": {
          "uv": [
            5,
            3.5,
            5.5,
            5
          ],
          "texture": "#0"
        },
        "up": {
          "uv": [
            6,
            2.5,
            5.5,
            2
          ],
          "texture": "#0"
        },
        "down": {
          "uv": [
            6,
            2,
            5.5,
            2.5
          ],
          "texture": "#0"
        }
      }
    },
    {
      "from": [
        8.99366,
        11.20508,
        7.49
      ],
      "to": [
        13.01366,
        13.22508,
        8.51
      ],
      "rotation": {
        "angle": 22.5,
        "axis": "z",
        "origin": [
          12.00366,
          13.21508,
          7.5
        ]
      },
      "faces": {
        "north": {
          "uv": [
            1,
            2,
            3,
            3
          ],
          "texture": "#0"
        },
        "east": {
          "uv": [
            5.5,
            0,
            6,
            1
          ],
          "texture": "#0"
        },
        "south": {
          "uv": [
            1,
            3,
            3,
            4
          ],
          "texture": "#0"
        },
        "west": {
          "uv": [
            5.5,
            1,
            6,
            2
          ],
          "texture": "#0"
        },
        "up": {
          "uv": [
            3,
            7,
            1,
            6.5
          ],
          "texture": "#0"
        },
        "down": {
          "uv": [
            5,
            5.5,
            3,
            6
          ],
          "texture": "#0"
        }
      }
    },
    {
      "from": [
        8.99366,
        6.27492,
        7.49
      ],
      "to": [
        13.01366,
        8.29492,
        8.51
      ],
      "rotation": {
        "angle": -22.5,
        "axis": "z",
        "origin": [
          12.00366,
          6.28492,
          7.5
        ]
      },
      "faces": {
        "north": {
          "uv": [
            1,
            5,
            3,
            6
          ],
          "texture": "#0"
        },
        "east": {
          "uv": [
            5.5,
            2.5,
            6,
            3.5
          ],
          "texture": "#0"
        },
        "south": {
          "uv": [
            3,
            4,
            5,
            5
          ],
          "texture": "#0"
        },
        "west": {
          "uv": [
            5.5,
            1,
            6,
            2
          ],
          "texture": "#0"
        },
        "up": {
          "uv": [
            5,
            6,
            3,
            5.5
          ],
          "texture": "#0"
        },
        "down": {
          "uv": [
            3,
            6,
            1,
            6.5
          ],
          "texture": "#0"
        }
      }
    },
    {
      "from": [
        6.59291,
        7.65,
        6.9
      ],
      "to": [
        8.79291,
        11.85,
        9.1
      ],
      "rotation": {
        "angle": 0,
        "axis": "y",
        "origin": [
          9.69291,
          7.5,
          8
        ]
      },
      "faces": {
        "north": {
          "uv": [
            3,
            2,
            4,
            4
          ],
          "texture": "#0"
        },
        "east": {
          "uv": [
            4,
            0,
            5,
            2
          ],
          "texture": "#0"
        },
        "south": {
          "uv": [
            4,
            2,
            5,
            4
          ],
          "texture": "#0"
        },
        "west": {
          "uv": [
            3,
            0,
            4,
            2
          ],
          "texture": "#0"
        },
        "up": {
          "uv": [
            3,
            5,
            2,
            4
          ],
          "texture": "#0"
        },
        "down": {
          "uv": [
            2,
            4,
            1,
            5
          ],
          "texture": "#0"
        }
      }
    },
    {
      "from": [
        13,
        2.5,
        1.75
      ],
      "to": [
        23.5,
        13,
        12.25
      ],
      "rotation": {
        "angle": -22.5,
        "axis": "z",
        "origin": [
          18.25,
          7.75,
          7
        ]
      },
      "faces": {
        "north": {
          "uv": [
            5.5,
            5.5,
            11,
            11
          ],
          "texture": "#0"
        },
        "south": {
          "uv": [
            5.5,
            10.5,
            11,
            16
          ],
          "texture": "#0"
        },
        "west": {
          "uv": [
            6,
            0,
            11.5,
            5.5
          ],
          "texture": "#0"
        },
        "down": {
          "uv": [
            0,
            7,
            5.5,
            12.5
          ],
          "texture": "#0"
        }
      }
    }
  ],
  "display": {
    "thirdperson_righthand": {
      "rotation": [
        0,
        90,
        0
      ],
      "translation": [
        0,
        4,
        1
      ]
    },
    "thirdperson_lefthand": {
      "rotation": [
        0,
        -90,
        0
      ],
      "translation": [
        0,
        4,
        1
      ]
    },
    "firstperson_righthand": {
      "rotation": [
        0,
        90,
        -10
      ],
      "translation": [
        2.5,
        6,
        0
      ]
    },
    "firstperson_lefthand": {
      "rotation": [
        0,
        -90,
        10
      ],
      "translation": [
        2.5,
        6,
        0
      ]
    },
    "ground": {
      "rotation": [
        0,
        0,
        -45
      ],
      "translation": [
        0,
        5,
        0
      ],
      "scale": [
        0.75,
        0.75,
        0.75
      ]
    },
    "gui": {
      "rotation": [
        10,
        155,
        -30
      ],
      "translation": [
        0.5,
        2.5,
        0
      ]
    },
    "head": {
      "rotation": [
        0,
        0,
        -67
      ],
      "translation": [
        -5.5,
        13.75,
        1
      ],
      "scale": [
        1.5,
        1.5,
        1.5
      ]
    },
    "fixed": {
      "rotation": [
        -90,
        0,
        -62
      ],
      "translation": [
        2.5,
        0,
        -10.5
      ],
      "scale": [
        2,
        2,
        2
      ]
    }
  }
}