{
  "texture_size": [
    64,
    64
  ],
  "elements": [
    {
      "from": [
        3.92178,
        4.62045,
        6.5
      ],
      "to": [
        9.92178,
        7.62045,
        14.5
      ],
      "rotation": {
        "angle": -22.5,
        "axis": "z",
        "origin": [
          5.92178,
          6.12045,
          10
        ]
      },
      "faces": {
        "north": {
          "uv": [
            9.75,
            7,
            11.25,
            7.75
          ],
          "texture": "#0"
        },
        "east": {
          "uv": [
            9.25,
            8.5,
            11.25,
            9.25
          ],
          "texture": "#0"
        },
        "south": {
          "uv": [
            2.25,
            10.25,
            3.75,
            11
          ],
          "texture": "#0"
        },
        "west": {
          "uv": [
            0,
            9.5,
            2,
            10.25
          ],
          "texture": "#0"
        },
        "up": {
          "uv": [
            7,
            9,
            5.5,
            7
          ],
          "texture": "#0"
        },
        "down": {
          "uv": [
            1.5,
            7.25,
            0,
            9.25
          ],
          "texture": "#0"
        }
      }
    },
    {
      "from": [
        6.06822,
        4.61045,
        6.49
      ],
      "to": [
        12.08822,
        7.63045,
        14.51
      ],
      "rotation": {
        "angle": 22.5,
        "axis": "z",
        "origin": [
          10.07822,
          6.12045,
          10
        ]
      },
      "faces": {
        "north": {
          "uv": [
            9.25,
            10.25,
            10.75,
            11
          ],
          "texture": "#0"
        },
        "east": {
          "uv": [
            9.5,
            0,
            11.5,
            0.75
          ],
          "texture": "#0"
        },
        "south": {
          "uv": [
            0,
            10.5,
            1.5,
            11.25
          ],
          "texture": "#0"
        },
        "west": {
          "uv": [
            9.5,
            1,
            11.5,
            1.75
          ],
          "texture": "#0"
        },
        "up": {
          "uv": [
            3.25,
            9.25,
            1.75,
            7.25
          ],
          "texture": "#0"
        },
        "down": {
          "uv": [
            5,
            7.25,
            3.5,
            9.25
          ],
          "texture": "#0"
        }
      }
    },
    {
      "from": [
        3.48,
        0.98,
        5.98
      ],
      "to": [
        12.52,
        6.02,
        15.02
      ],
      "rotation": {
        "angle": 0,
        "axis": "y",
        "origin": [
          3.5,
          0,
          6
        ]
      },
      "faces": {
        "north": {
          "uv": [
            7,
            2.5,
            9.25,
            3.75
          ],
          "texture": "#0"
        },
        "east": {
          "uv": [
            7.25,
            7,
            9.5,
            8.25
          ],
          "texture": "#0"
        },
        "south": {
          "uv": [
            8,
            4,
            10.25,
            5.25
          ],
          "texture": "#0"
        },
        "west": {
          "uv": [
            8,
            5.5,
            10.25,
            6.75
          ],
          "texture": "#0"
        },
        "up": {
          "uv": [
            7.75,
            6.75,
            5.5,
            4.5
          ],
          "texture": "#0"
        },
        "down": {
          "uv": [
            9.25,
            0,
            7,
            2.25
          ],
          "texture": "#0"
        }
      }
    },
    {
      "from": [
        1.5,
        0,
        2
      ],
      "to": [
        14.5,
        1,
        19
      ],
      "rotation": {
        "angle": 0,
        "axis": "y",
        "origin": [
          3.5,
          0,
          6
        ]
      },
      "faces": {
        "north": {
          "uv": [
            10.5,
            6,
            13.75,
            6.25
          ],
          "texture": "#0"
        },
        "east": {
          "uv": [
            9.5,
            3.5,
            13.75,
            3.75
          ],
          "texture": "#0"
        },
        "south": {
          "uv": [
            10.5,
            6.5,
            13.75,
            6.75
          ],
          "texture": "#0"
        },
        "west": {
          "uv": [
            9.75,
            8,
            14,
            8.25
          ],
          "texture": "#0"
        },
        "up": {
          "uv": [
            3.25,
            4.25,
            0,
            0
          ],
          "texture": "#0"
        },
        "down": {
          "uv": [
            6.75,
            0,
            3.5,
            4.25
          ],
          "texture": "#0"
        }
      }
    },
    {
      "from": [
        -1.34672,
        -0.2294,
        3
      ],
      "to": [
        1.65328,
        0.7706,
        18
      ],
      "rotation": {
        "angle": -22.5,
        "axis": "z",
        "origin": [
          2.15328,
          0.2706,
          10.5
        ]
      },
      "faces": {
        "north": {
          "uv": [
            7,
            4,
            7.75,
            4.25
          ],
          "texture": "#0"
        },
        "east": {
          "uv": [
            10.5,
            4,
            14.25,
            4.25
          ],
          "texture": "#0"
        },
        "south": {
          "uv": [
            9.25,
            11.25,
            10,
            11.5
          ],
          "texture": "#0"
        },
        "west": {
          "uv": [
            10.5,
            4.5,
            14.25,
            4.75
          ],
          "texture": "#0"
        },
        "up": {
          "uv": [
            8,
            12.25,
            7.25,
            8.5
          ],
          "texture": "#0"
        },
        "down": {
          "uv": [
            9,
            8.5,
            8.25,
            12.25
          ],
          "texture": "#0"
        }
      }
    },
    {
      "from": [
        14.34672,
        -0.2294,
        3
      ],
      "to": [
        17.34672,
        0.7706,
        18
      ],
      "rotation": {
        "angle": 22.5,
        "axis": "z",
        "origin": [
          13.84672,
          0.2706,
          10.5
        ]
      },
      "faces": {
        "north": {
          "uv": [
            10.25,
            11.25,
            11,
            11.5
          ],
          "texture": "#0"
        },
        "east": {
          "uv": [
            10.5,
            5,
            14.25,
            5.25
          ],
          "texture": "#0"
        },
        "south": {
          "uv": [
            11.25,
            11.25,
            12,
            11.5
          ],
          "texture": "#0"
        },
        "west": {
          "uv": [
            10.5,
            5.5,
            14.25,
            5.75
          ],
          "texture": "#0"
        },
        "up": {
          "uv": [
            6,
            13,
            5.25,
            9.25
          ],
          "texture": "#0"
        },
        "down": {
          "uv": [
            7,
            9.25,
            6.25,
            13
          ],
          "texture": "#0"
        }
      }
    },
    {
      "from": [
        3,
        1.5,
        5.5
      ],
      "to": [
        13,
        3.5,
        15.5
      ],
      "rotation": {
        "angle": 0,
        "axis": "y",
        "origin": [
          4,
          0,
          6.5
        ]
      },
      "faces": {
        "north": {
          "uv": [
            9.5,
            2,
            12,
            2.5
          ],
          "texture": "#0"
        },
        "east": {
          "uv": [
            2.25,
            9.5,
            4.75,
            10
          ],
          "texture": "#0"
        },
        "south": {
          "uv": [
            9.5,
            2.75,
            12,
            3.25
          ],
          "texture": "#0"
        },
        "west": {
          "uv": [
            9.25,
            9.5,
            11.75,
            10
          ],
          "texture": "#0"
        },
        "up": {
          "uv": [
            2.5,
            7,
            0,
            4.5
          ],
          "texture": "#0"
        },
        "down": {
          "uv": [
            5.25,
            4.5,
            2.75,
            7
          ],
          "texture": "#0"
        }
      }
    },
    {
      "from": [
        6.5,
        1.75,
        4.5
      ],
      "to": [
        9.5,
        4.75,
        6.5
      ],
      "rotation": {
        "angle": 0,
        "axis": "y",
        "origin": [
          4.5,
          0,
          6.5
        ]
      },
      "faces": {
        "north": {
          "uv": [
            4,
            10.25,
            4.75,
            11
          ],
          "texture": "#0"
        },
        "east": {
          "uv": [
            1.75,
            11.25,
            2.25,
            12
          ],
          "texture": "#0"
        },
        "south": {
          "uv": [
            11,
            10.25,
            11.75,
            11
          ],
          "texture": "#0"
        },
        "west": {
          "uv": [
            2.5,
            11.25,
            3,
            12
          ],
          "texture": "#0"
        },
        "up": {
          "uv": [
            4,
            11.75,
            3.25,
            11.25
          ],
          "texture": "#0"
        },
        "down": {
          "uv": [
            5,
            11.25,
            4.25,
            11.75
          ],
          "texture": "#0"
        }
      }
    },
    {
      "from": [
        9.8,
        5.05,
        5.95
      ],
      "to": [
        6.2,
        1.45,
        4.35
      ],
      "rotation": {
        "angle": 0,
        "axis": "y",
        "origin": [
          7.75,
          3.25,
          10.75
        ]
      },
      "faces": {
        "north": {
          "uv": [
            11.5,
            8.5,
            12.25,
            9.25
          ],
          "texture": "#0"
        },
        "east": {
          "uv": [
            12,
            9.5,
            12.25,
            10.25
          ],
          "texture": "#0"
        },
        "south": {
          "uv": [
            12.5,
            8.5,
            13.25,
            9.25
          ],
          "texture": "#0"
        },
        "west": {
          "uv": [
            12.75,
            9.5,
            13,
            10.25
          ],
          "texture": "#0"
        },
        "up": {
          "uv": [
            13.75,
            11,
            13,
            10.5
          ],
          "texture": "#0"
        },
        "down": {
          "uv": [
            12.75,
            10.5,
            12,
            11
          ],
          "texture": "#0"
        }
      }
    }
  ],
  "display": {
    "thirdperson_righthand": {
      "rotation": [
        68,
        15,
        0
      ],
      "scale": [
        0.6,
        0.6,
        0.6
      ]
    },
    "thirdperson_lefthand": {
      "rotation": [
        68,
        15,
        0
      ],
      "scale": [
        0.6,
        0.6,
        0.6
      ]
    },
    "firstperson_righthand": {
      "rotation": [
        0,
        10,
        0
      ],
      "translation": [
        0,
        5,
        0
      ],
      "scale": [
        0.48,
        0.48,
        0.48
      ]
    },
    "firstperson_lefthand": {
      "rotation": [
        0,
        10,
        0
      ],
      "translation": [
        0,
        5,
        0
      ],
      "scale": [
        0.48,
        0.48,
        0.48
      ]
    },
    "ground": {
      "translation": [
        0,
        4,
        -0.5
      ],
      "scale": [
        0.6,
        0.6,
        0.6
      ]
    },
    "gui": {
      "rotation": [
        22.5,
        135,
        0
      ],
      "translation": [
        -1.25,
        2,
        0
      ],
      "scale": [
        0.65,
        0.65,
        0.65
      ]
    },
    "head": {
      "rotation": [
        -7,
        0,
        0
      ],
      "translation": [
        0,
        14.75,
        -5.75
      ],
      "scale": [
        1.7,
        1.7,
        1.7
      ]
    }
  }
}